/*
 Navicat Premium Data Transfer

 Source Server         : 121.5.70.141_3306
 Source Server Type    : MySQL
 Source Server Version : 80023
 Source Host           : 121.5.70.141:3306
 Source Schema         : healthplatform

 Target Server Type    : MySQL
 Target Server Version : 80023
 File Encoding         : 65001

 Date: 22/04/2021 14:30:34
*/

SET NAMES utf8mb4;
SET FOREIGN_KEY_CHECKS = 0;

-- ----------------------------
-- Table structure for QRTZ_BLOB_TRIGGERS
-- ----------------------------
DROP TABLE IF EXISTS `QRTZ_BLOB_TRIGGERS`;
CREATE TABLE `QRTZ_BLOB_TRIGGERS`  (
  `sched_name` varchar(120) CHARACTER SET utf8mb4 COLLATE utf8mb4_0900_ai_ci NOT NULL,
  `trigger_name` varchar(200) CHARACTER SET utf8mb4 COLLATE utf8mb4_0900_ai_ci NOT NULL,
  `trigger_group` varchar(200) CHARACTER SET utf8mb4 COLLATE utf8mb4_0900_ai_ci NOT NULL,
  `blob_data` blob NULL,
  PRIMARY KEY (`sched_name`, `trigger_name`, `trigger_group`) USING BTREE,
  CONSTRAINT `QRTZ_BLOB_TRIGGERS_ibfk_1` FOREIGN KEY (`sched_name`, `trigger_name`, `trigger_group`) REFERENCES `QRTZ_TRIGGERS` (`sched_name`, `trigger_name`, `trigger_group`) ON DELETE RESTRICT ON UPDATE RESTRICT
) ENGINE = InnoDB CHARACTER SET = utf8mb4 COLLATE = utf8mb4_0900_ai_ci ROW_FORMAT = DYNAMIC;

-- ----------------------------
-- Records of QRTZ_BLOB_TRIGGERS
-- ----------------------------

-- ----------------------------
-- Table structure for QRTZ_CALENDARS
-- ----------------------------
DROP TABLE IF EXISTS `QRTZ_CALENDARS`;
CREATE TABLE `QRTZ_CALENDARS`  (
  `sched_name` varchar(120) CHARACTER SET utf8mb4 COLLATE utf8mb4_0900_ai_ci NOT NULL,
  `calendar_name` varchar(200) CHARACTER SET utf8mb4 COLLATE utf8mb4_0900_ai_ci NOT NULL,
  `calendar` blob NOT NULL,
  PRIMARY KEY (`sched_name`, `calendar_name`) USING BTREE
) ENGINE = InnoDB CHARACTER SET = utf8mb4 COLLATE = utf8mb4_0900_ai_ci ROW_FORMAT = DYNAMIC;

-- ----------------------------
-- Records of QRTZ_CALENDARS
-- ----------------------------

-- ----------------------------
-- Table structure for QRTZ_CRON_TRIGGERS
-- ----------------------------
DROP TABLE IF EXISTS `QRTZ_CRON_TRIGGERS`;
CREATE TABLE `QRTZ_CRON_TRIGGERS`  (
  `sched_name` varchar(120) CHARACTER SET utf8mb4 COLLATE utf8mb4_0900_ai_ci NOT NULL,
  `trigger_name` varchar(200) CHARACTER SET utf8mb4 COLLATE utf8mb4_0900_ai_ci NOT NULL,
  `trigger_group` varchar(200) CHARACTER SET utf8mb4 COLLATE utf8mb4_0900_ai_ci NOT NULL,
  `cron_expression` varchar(200) CHARACTER SET utf8mb4 COLLATE utf8mb4_0900_ai_ci NOT NULL,
  `time_zone_id` varchar(80) CHARACTER SET utf8mb4 COLLATE utf8mb4_0900_ai_ci NULL DEFAULT NULL,
  PRIMARY KEY (`sched_name`, `trigger_name`, `trigger_group`) USING BTREE,
  CONSTRAINT `QRTZ_CRON_TRIGGERS_ibfk_1` FOREIGN KEY (`sched_name`, `trigger_name`, `trigger_group`) REFERENCES `QRTZ_TRIGGERS` (`sched_name`, `trigger_name`, `trigger_group`) ON DELETE RESTRICT ON UPDATE RESTRICT
) ENGINE = InnoDB CHARACTER SET = utf8mb4 COLLATE = utf8mb4_0900_ai_ci ROW_FORMAT = DYNAMIC;

-- ----------------------------
-- Records of QRTZ_CRON_TRIGGERS
-- ----------------------------
INSERT INTO `QRTZ_CRON_TRIGGERS` VALUES ('HealthPaltformScheduler', 'TASK_CLASS_NAME1', 'DEFAULT', '0/10 * * * * ?', 'Asia/Shanghai');
INSERT INTO `QRTZ_CRON_TRIGGERS` VALUES ('HealthPaltformScheduler', 'TASK_CLASS_NAME2', 'DEFAULT', '0/15 * * * * ?', 'Asia/Shanghai');
INSERT INTO `QRTZ_CRON_TRIGGERS` VALUES ('HealthPaltformScheduler', 'TASK_CLASS_NAME3', 'DEFAULT', '0/20 * * * * ?', 'Asia/Shanghai');
INSERT INTO `QRTZ_CRON_TRIGGERS` VALUES ('HealthPlatformScheduler', 'TASK_CLASS_NAME1', 'DEFAULT', '0/10 * * * * ?', 'Asia/Shanghai');
INSERT INTO `QRTZ_CRON_TRIGGERS` VALUES ('HealthPlatformScheduler', 'TASK_CLASS_NAME2', 'DEFAULT', '0/15 * * * * ?', 'Asia/Shanghai');
INSERT INTO `QRTZ_CRON_TRIGGERS` VALUES ('HealthPlatformScheduler', 'TASK_CLASS_NAME3', 'DEFAULT', '0/20 * * * * ?', 'Asia/Shanghai');
INSERT INTO `QRTZ_CRON_TRIGGERS` VALUES ('LRScheduler', 'TASK_CLASS_NAME1', 'DEFAULT', '0/10 * * * * ?', 'Asia/Shanghai');
INSERT INTO `QRTZ_CRON_TRIGGERS` VALUES ('LRScheduler', 'TASK_CLASS_NAME2', 'DEFAULT', '0/15 * * * * ?', 'Asia/Shanghai');
INSERT INTO `QRTZ_CRON_TRIGGERS` VALUES ('LRScheduler', 'TASK_CLASS_NAME3', 'DEFAULT', '0/20 * * * * ?', 'Asia/Shanghai');
INSERT INTO `QRTZ_CRON_TRIGGERS` VALUES ('RuoyiScheduler', 'TASK_CLASS_NAME1', 'DEFAULT', '0/10 * * * * ?', 'Asia/Shanghai');
INSERT INTO `QRTZ_CRON_TRIGGERS` VALUES ('RuoyiScheduler', 'TASK_CLASS_NAME2', 'DEFAULT', '0/15 * * * * ?', 'Asia/Shanghai');
INSERT INTO `QRTZ_CRON_TRIGGERS` VALUES ('RuoyiScheduler', 'TASK_CLASS_NAME3', 'DEFAULT', '0/20 * * * * ?', 'Asia/Shanghai');

-- ----------------------------
-- Table structure for QRTZ_FIRED_TRIGGERS
-- ----------------------------
DROP TABLE IF EXISTS `QRTZ_FIRED_TRIGGERS`;
CREATE TABLE `QRTZ_FIRED_TRIGGERS`  (
  `sched_name` varchar(120) CHARACTER SET utf8mb4 COLLATE utf8mb4_0900_ai_ci NOT NULL,
  `entry_id` varchar(95) CHARACTER SET utf8mb4 COLLATE utf8mb4_0900_ai_ci NOT NULL,
  `trigger_name` varchar(200) CHARACTER SET utf8mb4 COLLATE utf8mb4_0900_ai_ci NOT NULL,
  `trigger_group` varchar(200) CHARACTER SET utf8mb4 COLLATE utf8mb4_0900_ai_ci NOT NULL,
  `instance_name` varchar(200) CHARACTER SET utf8mb4 COLLATE utf8mb4_0900_ai_ci NOT NULL,
  `fired_time` bigint NOT NULL,
  `sched_time` bigint NOT NULL,
  `priority` int NOT NULL,
  `state` varchar(16) CHARACTER SET utf8mb4 COLLATE utf8mb4_0900_ai_ci NOT NULL,
  `job_name` varchar(200) CHARACTER SET utf8mb4 COLLATE utf8mb4_0900_ai_ci NULL DEFAULT NULL,
  `job_group` varchar(200) CHARACTER SET utf8mb4 COLLATE utf8mb4_0900_ai_ci NULL DEFAULT NULL,
  `is_nonconcurrent` varchar(1) CHARACTER SET utf8mb4 COLLATE utf8mb4_0900_ai_ci NULL DEFAULT NULL,
  `requests_recovery` varchar(1) CHARACTER SET utf8mb4 COLLATE utf8mb4_0900_ai_ci NULL DEFAULT NULL,
  PRIMARY KEY (`sched_name`, `entry_id`) USING BTREE
) ENGINE = InnoDB CHARACTER SET = utf8mb4 COLLATE = utf8mb4_0900_ai_ci ROW_FORMAT = DYNAMIC;

-- ----------------------------
-- Records of QRTZ_FIRED_TRIGGERS
-- ----------------------------

-- ----------------------------
-- Table structure for QRTZ_JOB_DETAILS
-- ----------------------------
DROP TABLE IF EXISTS `QRTZ_JOB_DETAILS`;
CREATE TABLE `QRTZ_JOB_DETAILS`  (
  `sched_name` varchar(120) CHARACTER SET utf8mb4 COLLATE utf8mb4_0900_ai_ci NOT NULL,
  `job_name` varchar(200) CHARACTER SET utf8mb4 COLLATE utf8mb4_0900_ai_ci NOT NULL,
  `job_group` varchar(200) CHARACTER SET utf8mb4 COLLATE utf8mb4_0900_ai_ci NOT NULL,
  `description` varchar(250) CHARACTER SET utf8mb4 COLLATE utf8mb4_0900_ai_ci NULL DEFAULT NULL,
  `job_class_name` varchar(250) CHARACTER SET utf8mb4 COLLATE utf8mb4_0900_ai_ci NOT NULL,
  `is_durable` varchar(1) CHARACTER SET utf8mb4 COLLATE utf8mb4_0900_ai_ci NOT NULL,
  `is_nonconcurrent` varchar(1) CHARACTER SET utf8mb4 COLLATE utf8mb4_0900_ai_ci NOT NULL,
  `is_update_data` varchar(1) CHARACTER SET utf8mb4 COLLATE utf8mb4_0900_ai_ci NOT NULL,
  `requests_recovery` varchar(1) CHARACTER SET utf8mb4 COLLATE utf8mb4_0900_ai_ci NOT NULL,
  `job_data` blob NULL,
  PRIMARY KEY (`sched_name`, `job_name`, `job_group`) USING BTREE
) ENGINE = InnoDB CHARACTER SET = utf8mb4 COLLATE = utf8mb4_0900_ai_ci ROW_FORMAT = DYNAMIC;

-- ----------------------------
-- Records of QRTZ_JOB_DETAILS
-- ----------------------------
INSERT INTO `QRTZ_JOB_DETAILS` VALUES ('HealthPaltformScheduler', 'TASK_CLASS_NAME1', 'DEFAULT', NULL, 'com.healthpaltform.quartz.util.QuartzDisallowConcurrentExecution', '0', '1', '0', '0', 0xACED0005737200156F72672E71756172747A2E4A6F62446174614D61709FB083E8BFA9B0CB020000787200266F72672E71756172747A2E7574696C732E537472696E674B65794469727479466C61674D61708208E8C3FBC55D280200015A0013616C6C6F77735472616E7369656E74446174617872001D6F72672E71756172747A2E7574696C732E4469727479466C61674D617013E62EAD28760ACE0200025A000564697274794C00036D617074000F4C6A6176612F7574696C2F4D61703B787001737200116A6176612E7574696C2E486173684D61700507DAC1C31660D103000246000A6C6F6164466163746F724900097468726573686F6C6478703F4000000000000C7708000000100000000174000F5441534B5F50524F5045525449455373720027636F6D2E6865616C746870616C74666F726D2E71756172747A2E646F6D61696E2E5379734A6F6200000000000000010200084C000A636F6E63757272656E747400124C6A6176612F6C616E672F537472696E673B4C000E63726F6E45787072657373696F6E71007E00094C000C696E766F6B6554617267657471007E00094C00086A6F6247726F757071007E00094C00056A6F6249647400104C6A6176612F6C616E672F4C6F6E673B4C00076A6F624E616D6571007E00094C000D6D697366697265506F6C69637971007E00094C000673746174757371007E000978720030636F6D2E6865616C746870616C74666F726D2E636F6D6D6F6E2E636F72652E646F6D61696E2E42617365456E7469747900000000000000010200074C0008637265617465427971007E00094C000A63726561746554696D657400104C6A6176612F7574696C2F446174653B4C0006706172616D7371007E00034C000672656D61726B71007E00094C000B73656172636856616C756571007E00094C0008757064617465427971007E00094C000A75706461746554696D6571007E000C787074000561646D696E7372000E6A6176612E7574696C2E44617465686A81014B597419030000787077080000017824CAB25878707400007070707400013174000E302F3130202A202A202A202A203F74001172795461736B2E72794E6F506172616D7374000744454641554C547372000E6A6176612E6C616E672E4C6F6E673B8BE490CC8F23DF0200014A000576616C7565787200106A6176612E6C616E672E4E756D62657286AC951D0B94E08B02000078700000000000000001740018E7B3BBE7BB9FE9BB98E8AEA4EFBC88E697A0E58F82EFBC8974000133740001317800);
INSERT INTO `QRTZ_JOB_DETAILS` VALUES ('HealthPaltformScheduler', 'TASK_CLASS_NAME2', 'DEFAULT', NULL, 'com.healthpaltform.quartz.util.QuartzDisallowConcurrentExecution', '0', '1', '0', '0', 0xACED0005737200156F72672E71756172747A2E4A6F62446174614D61709FB083E8BFA9B0CB020000787200266F72672E71756172747A2E7574696C732E537472696E674B65794469727479466C61674D61708208E8C3FBC55D280200015A0013616C6C6F77735472616E7369656E74446174617872001D6F72672E71756172747A2E7574696C732E4469727479466C61674D617013E62EAD28760ACE0200025A000564697274794C00036D617074000F4C6A6176612F7574696C2F4D61703B787001737200116A6176612E7574696C2E486173684D61700507DAC1C31660D103000246000A6C6F6164466163746F724900097468726573686F6C6478703F4000000000000C7708000000100000000174000F5441534B5F50524F5045525449455373720027636F6D2E6865616C746870616C74666F726D2E71756172747A2E646F6D61696E2E5379734A6F6200000000000000010200084C000A636F6E63757272656E747400124C6A6176612F6C616E672F537472696E673B4C000E63726F6E45787072657373696F6E71007E00094C000C696E766F6B6554617267657471007E00094C00086A6F6247726F757071007E00094C00056A6F6249647400104C6A6176612F6C616E672F4C6F6E673B4C00076A6F624E616D6571007E00094C000D6D697366697265506F6C69637971007E00094C000673746174757371007E000978720030636F6D2E6865616C746870616C74666F726D2E636F6D6D6F6E2E636F72652E646F6D61696E2E42617365456E7469747900000000000000010200074C0008637265617465427971007E00094C000A63726561746554696D657400104C6A6176612F7574696C2F446174653B4C0006706172616D7371007E00034C000672656D61726B71007E00094C000B73656172636856616C756571007E00094C0008757064617465427971007E00094C000A75706461746554696D6571007E000C787074000561646D696E7372000E6A6176612E7574696C2E44617465686A81014B597419030000787077080000017824CAB25878707400007070707400013174000E302F3135202A202A202A202A203F74001572795461736B2E7279506172616D7328277279272974000744454641554C547372000E6A6176612E6C616E672E4C6F6E673B8BE490CC8F23DF0200014A000576616C7565787200106A6176612E6C616E672E4E756D62657286AC951D0B94E08B02000078700000000000000002740018E7B3BBE7BB9FE9BB98E8AEA4EFBC88E69C89E58F82EFBC8974000133740001317800);
INSERT INTO `QRTZ_JOB_DETAILS` VALUES ('HealthPaltformScheduler', 'TASK_CLASS_NAME3', 'DEFAULT', NULL, 'com.healthpaltform.quartz.util.QuartzDisallowConcurrentExecution', '0', '1', '0', '0', 0xACED0005737200156F72672E71756172747A2E4A6F62446174614D61709FB083E8BFA9B0CB020000787200266F72672E71756172747A2E7574696C732E537472696E674B65794469727479466C61674D61708208E8C3FBC55D280200015A0013616C6C6F77735472616E7369656E74446174617872001D6F72672E71756172747A2E7574696C732E4469727479466C61674D617013E62EAD28760ACE0200025A000564697274794C00036D617074000F4C6A6176612F7574696C2F4D61703B787001737200116A6176612E7574696C2E486173684D61700507DAC1C31660D103000246000A6C6F6164466163746F724900097468726573686F6C6478703F4000000000000C7708000000100000000174000F5441534B5F50524F5045525449455373720027636F6D2E6865616C746870616C74666F726D2E71756172747A2E646F6D61696E2E5379734A6F6200000000000000010200084C000A636F6E63757272656E747400124C6A6176612F6C616E672F537472696E673B4C000E63726F6E45787072657373696F6E71007E00094C000C696E766F6B6554617267657471007E00094C00086A6F6247726F757071007E00094C00056A6F6249647400104C6A6176612F6C616E672F4C6F6E673B4C00076A6F624E616D6571007E00094C000D6D697366697265506F6C69637971007E00094C000673746174757371007E000978720030636F6D2E6865616C746870616C74666F726D2E636F6D6D6F6E2E636F72652E646F6D61696E2E42617365456E7469747900000000000000010200074C0008637265617465427971007E00094C000A63726561746554696D657400104C6A6176612F7574696C2F446174653B4C0006706172616D7371007E00034C000672656D61726B71007E00094C000B73656172636856616C756571007E00094C0008757064617465427971007E00094C000A75706461746554696D6571007E000C787074000561646D696E7372000E6A6176612E7574696C2E44617465686A81014B597419030000787077080000017824CAB25878707400007070707400013174000E302F3230202A202A202A202A203F74003872795461736B2E72794D756C7469706C65506172616D7328277279272C20747275652C20323030304C2C203331362E3530442C203130302974000744454641554C547372000E6A6176612E6C616E672E4C6F6E673B8BE490CC8F23DF0200014A000576616C7565787200106A6176612E6C616E672E4E756D62657286AC951D0B94E08B02000078700000000000000003740018E7B3BBE7BB9FE9BB98E8AEA4EFBC88E5A49AE58F82EFBC8974000133740001317800);
INSERT INTO `QRTZ_JOB_DETAILS` VALUES ('HealthPlatformScheduler', 'TASK_CLASS_NAME1', 'DEFAULT', NULL, 'com.healthplatform.quartz.util.QuartzDisallowConcurrentExecution', '0', '1', '0', '0', 0xACED0005737200156F72672E71756172747A2E4A6F62446174614D61709FB083E8BFA9B0CB020000787200266F72672E71756172747A2E7574696C732E537472696E674B65794469727479466C61674D61708208E8C3FBC55D280200015A0013616C6C6F77735472616E7369656E74446174617872001D6F72672E71756172747A2E7574696C732E4469727479466C61674D617013E62EAD28760ACE0200025A000564697274794C00036D617074000F4C6A6176612F7574696C2F4D61703B787001737200116A6176612E7574696C2E486173684D61700507DAC1C31660D103000246000A6C6F6164466163746F724900097468726573686F6C6478703F4000000000000C7708000000100000000174000F5441534B5F50524F5045525449455373720027636F6D2E6865616C7468706C6174666F726D2E71756172747A2E646F6D61696E2E5379734A6F6200000000000000010200084C000A636F6E63757272656E747400124C6A6176612F6C616E672F537472696E673B4C000E63726F6E45787072657373696F6E71007E00094C000C696E766F6B6554617267657471007E00094C00086A6F6247726F757071007E00094C00056A6F6249647400104C6A6176612F6C616E672F4C6F6E673B4C00076A6F624E616D6571007E00094C000D6D697366697265506F6C69637971007E00094C000673746174757371007E000978720030636F6D2E6865616C7468706C6174666F726D2E636F6D6D6F6E2E636F72652E646F6D61696E2E42617365456E7469747900000000000000010200074C0008637265617465427971007E00094C000A63726561746554696D657400104C6A6176612F7574696C2F446174653B4C0006706172616D7371007E00034C000672656D61726B71007E00094C000B73656172636856616C756571007E00094C0008757064617465427971007E00094C000A75706461746554696D6571007E000C787074000561646D696E7372000E6A6176612E7574696C2E44617465686A81014B597419030000787077080000017824CAB25878707400007070707400013174000E302F3130202A202A202A202A203F74000D5461736B2E4E6F506172616D7374000744454641554C547372000E6A6176612E6C616E672E4C6F6E673B8BE490CC8F23DF0200014A000576616C7565787200106A6176612E6C616E672E4E756D62657286AC951D0B94E08B02000078700000000000000001740018E7B3BBE7BB9FE9BB98E8AEA4EFBC88E697A0E58F82EFBC8974000133740001317800);
INSERT INTO `QRTZ_JOB_DETAILS` VALUES ('HealthPlatformScheduler', 'TASK_CLASS_NAME2', 'DEFAULT', NULL, 'com.healthplatform.quartz.util.QuartzDisallowConcurrentExecution', '0', '1', '0', '0', 0xACED0005737200156F72672E71756172747A2E4A6F62446174614D61709FB083E8BFA9B0CB020000787200266F72672E71756172747A2E7574696C732E537472696E674B65794469727479466C61674D61708208E8C3FBC55D280200015A0013616C6C6F77735472616E7369656E74446174617872001D6F72672E71756172747A2E7574696C732E4469727479466C61674D617013E62EAD28760ACE0200025A000564697274794C00036D617074000F4C6A6176612F7574696C2F4D61703B787001737200116A6176612E7574696C2E486173684D61700507DAC1C31660D103000246000A6C6F6164466163746F724900097468726573686F6C6478703F4000000000000C7708000000100000000174000F5441534B5F50524F5045525449455373720027636F6D2E6865616C7468706C6174666F726D2E71756172747A2E646F6D61696E2E5379734A6F6200000000000000010200084C000A636F6E63757272656E747400124C6A6176612F6C616E672F537472696E673B4C000E63726F6E45787072657373696F6E71007E00094C000C696E766F6B6554617267657471007E00094C00086A6F6247726F757071007E00094C00056A6F6249647400104C6A6176612F6C616E672F4C6F6E673B4C00076A6F624E616D6571007E00094C000D6D697366697265506F6C69637971007E00094C000673746174757371007E000978720030636F6D2E6865616C7468706C6174666F726D2E636F6D6D6F6E2E636F72652E646F6D61696E2E42617365456E7469747900000000000000010200074C0008637265617465427971007E00094C000A63726561746554696D657400104C6A6176612F7574696C2F446174653B4C0006706172616D7371007E00034C000672656D61726B71007E00094C000B73656172636856616C756571007E00094C0008757064617465427971007E00094C000A75706461746554696D6571007E000C787074000561646D696E7372000E6A6176612E7574696C2E44617465686A81014B597419030000787077080000017824CAB25878707400007070707400013174000E302F3135202A202A202A202A203F7400115461736B2E506172616D7328277279272974000744454641554C547372000E6A6176612E6C616E672E4C6F6E673B8BE490CC8F23DF0200014A000576616C7565787200106A6176612E6C616E672E4E756D62657286AC951D0B94E08B02000078700000000000000002740018E7B3BBE7BB9FE9BB98E8AEA4EFBC88E69C89E58F82EFBC8974000133740001317800);
INSERT INTO `QRTZ_JOB_DETAILS` VALUES ('HealthPlatformScheduler', 'TASK_CLASS_NAME3', 'DEFAULT', NULL, 'com.healthplatform.quartz.util.QuartzDisallowConcurrentExecution', '0', '1', '0', '0', 0xACED0005737200156F72672E71756172747A2E4A6F62446174614D61709FB083E8BFA9B0CB020000787200266F72672E71756172747A2E7574696C732E537472696E674B65794469727479466C61674D61708208E8C3FBC55D280200015A0013616C6C6F77735472616E7369656E74446174617872001D6F72672E71756172747A2E7574696C732E4469727479466C61674D617013E62EAD28760ACE0200025A000564697274794C00036D617074000F4C6A6176612F7574696C2F4D61703B787001737200116A6176612E7574696C2E486173684D61700507DAC1C31660D103000246000A6C6F6164466163746F724900097468726573686F6C6478703F4000000000000C7708000000100000000174000F5441534B5F50524F5045525449455373720027636F6D2E6865616C7468706C6174666F726D2E71756172747A2E646F6D61696E2E5379734A6F6200000000000000010200084C000A636F6E63757272656E747400124C6A6176612F6C616E672F537472696E673B4C000E63726F6E45787072657373696F6E71007E00094C000C696E766F6B6554617267657471007E00094C00086A6F6247726F757071007E00094C00056A6F6249647400104C6A6176612F6C616E672F4C6F6E673B4C00076A6F624E616D6571007E00094C000D6D697366697265506F6C69637971007E00094C000673746174757371007E000978720030636F6D2E6865616C7468706C6174666F726D2E636F6D6D6F6E2E636F72652E646F6D61696E2E42617365456E7469747900000000000000010200074C0008637265617465427971007E00094C000A63726561746554696D657400104C6A6176612F7574696C2F446174653B4C0006706172616D7371007E00034C000672656D61726B71007E00094C000B73656172636856616C756571007E00094C0008757064617465427971007E00094C000A75706461746554696D6571007E000C787074000561646D696E7372000E6A6176612E7574696C2E44617465686A81014B597419030000787077080000017824CAB25878707400007070707400013174000E302F3230202A202A202A202A203F7400345461736B2E4D756C7469706C65506172616D7328277279272C20747275652C20323030304C2C203331362E3530442C203130302974000744454641554C547372000E6A6176612E6C616E672E4C6F6E673B8BE490CC8F23DF0200014A000576616C7565787200106A6176612E6C616E672E4E756D62657286AC951D0B94E08B02000078700000000000000003740018E7B3BBE7BB9FE9BB98E8AEA4EFBC88E5A49AE58F82EFBC8974000133740001317800);
INSERT INTO `QRTZ_JOB_DETAILS` VALUES ('LRScheduler', 'TASK_CLASS_NAME1', 'DEFAULT', NULL, 'com.luren.quartz.util.QuartzDisallowConcurrentExecution', '0', '1', '0', '0', 0xACED0005737200156F72672E71756172747A2E4A6F62446174614D61709FB083E8BFA9B0CB020000787200266F72672E71756172747A2E7574696C732E537472696E674B65794469727479466C61674D61708208E8C3FBC55D280200015A0013616C6C6F77735472616E7369656E74446174617872001D6F72672E71756172747A2E7574696C732E4469727479466C61674D617013E62EAD28760ACE0200025A000564697274794C00036D617074000F4C6A6176612F7574696C2F4D61703B787001737200116A6176612E7574696C2E486173684D61700507DAC1C31660D103000246000A6C6F6164466163746F724900097468726573686F6C6478703F4000000000000C7708000000100000000174000F5441534B5F50524F504552544945537372001E636F6D2E6C7572656E2E71756172747A2E646F6D61696E2E5379734A6F62000000000000000102000E4C000A636F6E63757272656E747400124C6A6176612F6C616E672F537472696E673B4C0008637265617465427971007E00094C000A63726561746554696D657400104C6A6176612F7574696C2F446174653B4C000E63726F6E45787072657373696F6E71007E00094C000C696E766F6B6554617267657471007E00094C00086A6F6247726F757071007E00094C00056A6F6249647400104C6A6176612F6C616E672F4C6F6E673B4C00076A6F624E616D6571007E00094C000D6D697366697265506F6C69637971007E00094C0006706172616D7371007E00034C000672656D61726B71007E00094C000673746174757371007E00094C0008757064617465427971007E00094C000A75706461746554696D6571007E000A78707400013174000561646D696E7372000E6A6176612E7574696C2E44617465686A81014B597419030000787077080000017824CAB2587874000E302F3130202A202A202A202A203F74000D5461736B2E4E6F506172616D7374000744454641554C547372000E6A6176612E6C616E672E4C6F6E673B8BE490CC8F23DF0200014A000576616C7565787200106A6176612E6C616E672E4E756D62657286AC951D0B94E08B02000078700000000000000001740018E7B3BBE7BB9FE9BB98E8AEA4EFBC88E697A0E58F82EFBC89740001337371007E00053F4000000000000077080000001000000000787400007400013174000561646D696E7371007E000F770800000178561136C0787800);
INSERT INTO `QRTZ_JOB_DETAILS` VALUES ('LRScheduler', 'TASK_CLASS_NAME2', 'DEFAULT', NULL, 'com.luren.quartz.util.QuartzDisallowConcurrentExecution', '0', '1', '0', '0', 0xACED0005737200156F72672E71756172747A2E4A6F62446174614D61709FB083E8BFA9B0CB020000787200266F72672E71756172747A2E7574696C732E537472696E674B65794469727479466C61674D61708208E8C3FBC55D280200015A0013616C6C6F77735472616E7369656E74446174617872001D6F72672E71756172747A2E7574696C732E4469727479466C61674D617013E62EAD28760ACE0200025A000564697274794C00036D617074000F4C6A6176612F7574696C2F4D61703B787001737200116A6176612E7574696C2E486173684D61700507DAC1C31660D103000246000A6C6F6164466163746F724900097468726573686F6C6478703F4000000000000C7708000000100000000174000F5441534B5F50524F504552544945537372001E636F6D2E6C7572656E2E71756172747A2E646F6D61696E2E5379734A6F62000000000000000102000E4C000A636F6E63757272656E747400124C6A6176612F6C616E672F537472696E673B4C0008637265617465427971007E00094C000A63726561746554696D657400104C6A6176612F7574696C2F446174653B4C000E63726F6E45787072657373696F6E71007E00094C000C696E766F6B6554617267657471007E00094C00086A6F6247726F757071007E00094C00056A6F6249647400104C6A6176612F6C616E672F4C6F6E673B4C00076A6F624E616D6571007E00094C000D6D697366697265506F6C69637971007E00094C0006706172616D7371007E00034C000672656D61726B71007E00094C000673746174757371007E00094C0008757064617465427971007E00094C000A75706461746554696D6571007E000A78707400013174000561646D696E7372000E6A6176612E7574696C2E44617465686A81014B597419030000787077080000017824CAB2587874000E302F3135202A202A202A202A203F7400115461736B2E506172616D7328277279272974000744454641554C547372000E6A6176612E6C616E672E4C6F6E673B8BE490CC8F23DF0200014A000576616C7565787200106A6176612E6C616E672E4E756D62657286AC951D0B94E08B02000078700000000000000002740018E7B3BBE7BB9FE9BB98E8AEA4EFBC88E69C89E58F82EFBC89740001337371007E00053F4000000000000077080000001000000000787400007400013174000561646D696E7371007E000F77080000017856116D70787800);
INSERT INTO `QRTZ_JOB_DETAILS` VALUES ('LRScheduler', 'TASK_CLASS_NAME3', 'DEFAULT', NULL, 'com.luren.quartz.util.QuartzDisallowConcurrentExecution', '0', '1', '0', '0', 0xACED0005737200156F72672E71756172747A2E4A6F62446174614D61709FB083E8BFA9B0CB020000787200266F72672E71756172747A2E7574696C732E537472696E674B65794469727479466C61674D61708208E8C3FBC55D280200015A0013616C6C6F77735472616E7369656E74446174617872001D6F72672E71756172747A2E7574696C732E4469727479466C61674D617013E62EAD28760ACE0200025A000564697274794C00036D617074000F4C6A6176612F7574696C2F4D61703B787001737200116A6176612E7574696C2E486173684D61700507DAC1C31660D103000246000A6C6F6164466163746F724900097468726573686F6C6478703F4000000000000C7708000000100000000174000F5441534B5F50524F504552544945537372001E636F6D2E6C7572656E2E71756172747A2E646F6D61696E2E5379734A6F62000000000000000102000E4C000A636F6E63757272656E747400124C6A6176612F6C616E672F537472696E673B4C0008637265617465427971007E00094C000A63726561746554696D657400104C6A6176612F7574696C2F446174653B4C000E63726F6E45787072657373696F6E71007E00094C000C696E766F6B6554617267657471007E00094C00086A6F6247726F757071007E00094C00056A6F6249647400104C6A6176612F6C616E672F4C6F6E673B4C00076A6F624E616D6571007E00094C000D6D697366697265506F6C69637971007E00094C0006706172616D7371007E00034C000672656D61726B71007E00094C000673746174757371007E00094C0008757064617465427971007E00094C000A75706461746554696D6571007E000A78707400013174000561646D696E7372000E6A6176612E7574696C2E44617465686A81014B597419030000787077080000017824CAB2587874000E302F3230202A202A202A202A203F7400345461736B2E4D756C7469706C65506172616D7328277279272C20747275652C20323030304C2C203331362E3530442C203130302974000744454641554C547372000E6A6176612E6C616E672E4C6F6E673B8BE490CC8F23DF0200014A000576616C7565787200106A6176612E6C616E672E4E756D62657286AC951D0B94E08B02000078700000000000000003740018E7B3BBE7BB9FE9BB98E8AEA4EFBC88E5A49AE58F82EFBC89740001337371007E00053F4000000000000077080000001000000000787400007400013174000561646D696E7371007E000F7708000001785611A420787800);
INSERT INTO `QRTZ_JOB_DETAILS` VALUES ('RuoyiScheduler', 'TASK_CLASS_NAME1', 'DEFAULT', NULL, 'com.luren.quartz.util.QuartzDisallowConcurrentExecution', '0', '1', '0', '0', 0xACED0005737200156F72672E71756172747A2E4A6F62446174614D61709FB083E8BFA9B0CB020000787200266F72672E71756172747A2E7574696C732E537472696E674B65794469727479466C61674D61708208E8C3FBC55D280200015A0013616C6C6F77735472616E7369656E74446174617872001D6F72672E71756172747A2E7574696C732E4469727479466C61674D617013E62EAD28760ACE0200025A000564697274794C00036D617074000F4C6A6176612F7574696C2F4D61703B787001737200116A6176612E7574696C2E486173684D61700507DAC1C31660D103000246000A6C6F6164466163746F724900097468726573686F6C6478703F4000000000000C7708000000100000000174000F5441534B5F50524F504552544945537372001E636F6D2E6C7572656E2E71756172747A2E646F6D61696E2E5379734A6F62000000000000000102000E4C000A636F6E63757272656E747400124C6A6176612F6C616E672F537472696E673B4C0008637265617465427971007E00094C000A63726561746554696D657400104C6A6176612F7574696C2F446174653B4C000E63726F6E45787072657373696F6E71007E00094C000C696E766F6B6554617267657471007E00094C00086A6F6247726F757071007E00094C00056A6F6249647400104C6A6176612F6C616E672F4C6F6E673B4C00076A6F624E616D6571007E00094C000D6D697366697265506F6C69637971007E00094C0006706172616D7371007E00034C000672656D61726B71007E00094C000673746174757371007E00094C0008757064617465427971007E00094C000A75706461746554696D6571007E000A78707400013174000561646D696E7372000E6A6176612E7574696C2E44617465686A81014B597419030000787077080000017824CAB2587874000E302F3130202A202A202A202A203F74000D5461736B2E4E6F506172616D7374000744454641554C547372000E6A6176612E6C616E672E4C6F6E673B8BE490CC8F23DF0200014A000576616C7565787200106A6176612E6C616E672E4E756D62657286AC951D0B94E08B02000078700000000000000001740018E7B3BBE7BB9FE9BB98E8AEA4EFBC88E697A0E58F82EFBC89740001337371007E00053F4000000000000077080000001000000000787400007400013174000561646D696E7371007E000F770800000178561136C0787800);
INSERT INTO `QRTZ_JOB_DETAILS` VALUES ('RuoyiScheduler', 'TASK_CLASS_NAME2', 'DEFAULT', NULL, 'com.luren.quartz.util.QuartzDisallowConcurrentExecution', '0', '1', '0', '0', 0xACED0005737200156F72672E71756172747A2E4A6F62446174614D61709FB083E8BFA9B0CB020000787200266F72672E71756172747A2E7574696C732E537472696E674B65794469727479466C61674D61708208E8C3FBC55D280200015A0013616C6C6F77735472616E7369656E74446174617872001D6F72672E71756172747A2E7574696C732E4469727479466C61674D617013E62EAD28760ACE0200025A000564697274794C00036D617074000F4C6A6176612F7574696C2F4D61703B787001737200116A6176612E7574696C2E486173684D61700507DAC1C31660D103000246000A6C6F6164466163746F724900097468726573686F6C6478703F4000000000000C7708000000100000000174000F5441534B5F50524F504552544945537372001E636F6D2E6C7572656E2E71756172747A2E646F6D61696E2E5379734A6F62000000000000000102000E4C000A636F6E63757272656E747400124C6A6176612F6C616E672F537472696E673B4C0008637265617465427971007E00094C000A63726561746554696D657400104C6A6176612F7574696C2F446174653B4C000E63726F6E45787072657373696F6E71007E00094C000C696E766F6B6554617267657471007E00094C00086A6F6247726F757071007E00094C00056A6F6249647400104C6A6176612F6C616E672F4C6F6E673B4C00076A6F624E616D6571007E00094C000D6D697366697265506F6C69637971007E00094C0006706172616D7371007E00034C000672656D61726B71007E00094C000673746174757371007E00094C0008757064617465427971007E00094C000A75706461746554696D6571007E000A78707400013174000561646D696E7372000E6A6176612E7574696C2E44617465686A81014B597419030000787077080000017824CAB2587874000E302F3135202A202A202A202A203F7400115461736B2E506172616D7328277279272974000744454641554C547372000E6A6176612E6C616E672E4C6F6E673B8BE490CC8F23DF0200014A000576616C7565787200106A6176612E6C616E672E4E756D62657286AC951D0B94E08B02000078700000000000000002740018E7B3BBE7BB9FE9BB98E8AEA4EFBC88E69C89E58F82EFBC89740001337371007E00053F4000000000000077080000001000000000787400007400013174000561646D696E7371007E000F77080000017856116D70787800);
INSERT INTO `QRTZ_JOB_DETAILS` VALUES ('RuoyiScheduler', 'TASK_CLASS_NAME3', 'DEFAULT', NULL, 'com.luren.quartz.util.QuartzDisallowConcurrentExecution', '0', '1', '0', '0', 0xACED0005737200156F72672E71756172747A2E4A6F62446174614D61709FB083E8BFA9B0CB020000787200266F72672E71756172747A2E7574696C732E537472696E674B65794469727479466C61674D61708208E8C3FBC55D280200015A0013616C6C6F77735472616E7369656E74446174617872001D6F72672E71756172747A2E7574696C732E4469727479466C61674D617013E62EAD28760ACE0200025A000564697274794C00036D617074000F4C6A6176612F7574696C2F4D61703B787001737200116A6176612E7574696C2E486173684D61700507DAC1C31660D103000246000A6C6F6164466163746F724900097468726573686F6C6478703F4000000000000C7708000000100000000174000F5441534B5F50524F504552544945537372001E636F6D2E6C7572656E2E71756172747A2E646F6D61696E2E5379734A6F62000000000000000102000E4C000A636F6E63757272656E747400124C6A6176612F6C616E672F537472696E673B4C0008637265617465427971007E00094C000A63726561746554696D657400104C6A6176612F7574696C2F446174653B4C000E63726F6E45787072657373696F6E71007E00094C000C696E766F6B6554617267657471007E00094C00086A6F6247726F757071007E00094C00056A6F6249647400104C6A6176612F6C616E672F4C6F6E673B4C00076A6F624E616D6571007E00094C000D6D697366697265506F6C69637971007E00094C0006706172616D7371007E00034C000672656D61726B71007E00094C000673746174757371007E00094C0008757064617465427971007E00094C000A75706461746554696D6571007E000A78707400013174000561646D696E7372000E6A6176612E7574696C2E44617465686A81014B597419030000787077080000017824CAB2587874000E302F3230202A202A202A202A203F7400345461736B2E4D756C7469706C65506172616D7328277279272C20747275652C20323030304C2C203331362E3530442C203130302974000744454641554C547372000E6A6176612E6C616E672E4C6F6E673B8BE490CC8F23DF0200014A000576616C7565787200106A6176612E6C616E672E4E756D62657286AC951D0B94E08B02000078700000000000000003740018E7B3BBE7BB9FE9BB98E8AEA4EFBC88E5A49AE58F82EFBC89740001337371007E00053F4000000000000077080000001000000000787400007400013174000561646D696E7371007E000F7708000001785611A420787800);

-- ----------------------------
-- Table structure for QRTZ_LOCKS
-- ----------------------------
DROP TABLE IF EXISTS `QRTZ_LOCKS`;
CREATE TABLE `QRTZ_LOCKS`  (
  `sched_name` varchar(120) CHARACTER SET utf8mb4 COLLATE utf8mb4_0900_ai_ci NOT NULL,
  `lock_name` varchar(40) CHARACTER SET utf8mb4 COLLATE utf8mb4_0900_ai_ci NOT NULL,
  PRIMARY KEY (`sched_name`, `lock_name`) USING BTREE
) ENGINE = InnoDB CHARACTER SET = utf8mb4 COLLATE = utf8mb4_0900_ai_ci ROW_FORMAT = DYNAMIC;

-- ----------------------------
-- Records of QRTZ_LOCKS
-- ----------------------------
INSERT INTO `QRTZ_LOCKS` VALUES ('HealthPaltformScheduler', 'STATE_ACCESS');
INSERT INTO `QRTZ_LOCKS` VALUES ('HealthPaltformScheduler', 'TRIGGER_ACCESS');
INSERT INTO `QRTZ_LOCKS` VALUES ('HealthPlatformScheduler', 'STATE_ACCESS');
INSERT INTO `QRTZ_LOCKS` VALUES ('HealthPlatformScheduler', 'TRIGGER_ACCESS');
INSERT INTO `QRTZ_LOCKS` VALUES ('LRScheduler', 'STATE_ACCESS');
INSERT INTO `QRTZ_LOCKS` VALUES ('LRScheduler', 'TRIGGER_ACCESS');
INSERT INTO `QRTZ_LOCKS` VALUES ('RuoyiScheduler', 'STATE_ACCESS');
INSERT INTO `QRTZ_LOCKS` VALUES ('RuoyiScheduler', 'TRIGGER_ACCESS');

-- ----------------------------
-- Table structure for QRTZ_PAUSED_TRIGGER_GRPS
-- ----------------------------
DROP TABLE IF EXISTS `QRTZ_PAUSED_TRIGGER_GRPS`;
CREATE TABLE `QRTZ_PAUSED_TRIGGER_GRPS`  (
  `sched_name` varchar(120) CHARACTER SET utf8mb4 COLLATE utf8mb4_0900_ai_ci NOT NULL,
  `trigger_group` varchar(200) CHARACTER SET utf8mb4 COLLATE utf8mb4_0900_ai_ci NOT NULL,
  PRIMARY KEY (`sched_name`, `trigger_group`) USING BTREE
) ENGINE = InnoDB CHARACTER SET = utf8mb4 COLLATE = utf8mb4_0900_ai_ci ROW_FORMAT = DYNAMIC;

-- ----------------------------
-- Records of QRTZ_PAUSED_TRIGGER_GRPS
-- ----------------------------

-- ----------------------------
-- Table structure for QRTZ_SCHEDULER_STATE
-- ----------------------------
DROP TABLE IF EXISTS `QRTZ_SCHEDULER_STATE`;
CREATE TABLE `QRTZ_SCHEDULER_STATE`  (
  `sched_name` varchar(120) CHARACTER SET utf8mb4 COLLATE utf8mb4_0900_ai_ci NOT NULL,
  `instance_name` varchar(200) CHARACTER SET utf8mb4 COLLATE utf8mb4_0900_ai_ci NOT NULL,
  `last_checkin_time` bigint NOT NULL,
  `checkin_interval` bigint NOT NULL,
  PRIMARY KEY (`sched_name`, `instance_name`) USING BTREE
) ENGINE = InnoDB CHARACTER SET = utf8mb4 COLLATE = utf8mb4_0900_ai_ci ROW_FORMAT = DYNAMIC;

-- ----------------------------
-- Records of QRTZ_SCHEDULER_STATE
-- ----------------------------
INSERT INTO `QRTZ_SCHEDULER_STATE` VALUES ('HealthPaltformScheduler', 'LHH-SHENMO1616074521445', 1616076121719, 15000);
INSERT INTO `QRTZ_SCHEDULER_STATE` VALUES ('HealthPlatformScheduler', '0cea84738d091618904944701', 1618973870115, 15000);
INSERT INTO `QRTZ_SCHEDULER_STATE` VALUES ('LRScheduler', 'LHH-SHENMO1619012258116', 1619015317298, 15000);
INSERT INTO `QRTZ_SCHEDULER_STATE` VALUES ('RuoyiScheduler', 'da02-liuhh-pc1618975594978', 1618975979824, 15000);

-- ----------------------------
-- Table structure for QRTZ_SIMPLE_TRIGGERS
-- ----------------------------
DROP TABLE IF EXISTS `QRTZ_SIMPLE_TRIGGERS`;
CREATE TABLE `QRTZ_SIMPLE_TRIGGERS`  (
  `sched_name` varchar(120) CHARACTER SET utf8mb4 COLLATE utf8mb4_0900_ai_ci NOT NULL,
  `trigger_name` varchar(200) CHARACTER SET utf8mb4 COLLATE utf8mb4_0900_ai_ci NOT NULL,
  `trigger_group` varchar(200) CHARACTER SET utf8mb4 COLLATE utf8mb4_0900_ai_ci NOT NULL,
  `repeat_count` bigint NOT NULL,
  `repeat_interval` bigint NOT NULL,
  `times_triggered` bigint NOT NULL,
  PRIMARY KEY (`sched_name`, `trigger_name`, `trigger_group`) USING BTREE,
  CONSTRAINT `QRTZ_SIMPLE_TRIGGERS_ibfk_1` FOREIGN KEY (`sched_name`, `trigger_name`, `trigger_group`) REFERENCES `QRTZ_TRIGGERS` (`sched_name`, `trigger_name`, `trigger_group`) ON DELETE RESTRICT ON UPDATE RESTRICT
) ENGINE = InnoDB CHARACTER SET = utf8mb4 COLLATE = utf8mb4_0900_ai_ci ROW_FORMAT = DYNAMIC;

-- ----------------------------
-- Records of QRTZ_SIMPLE_TRIGGERS
-- ----------------------------

-- ----------------------------
-- Table structure for QRTZ_SIMPROP_TRIGGERS
-- ----------------------------
DROP TABLE IF EXISTS `QRTZ_SIMPROP_TRIGGERS`;
CREATE TABLE `QRTZ_SIMPROP_TRIGGERS`  (
  `sched_name` varchar(120) CHARACTER SET utf8mb4 COLLATE utf8mb4_0900_ai_ci NOT NULL,
  `trigger_name` varchar(200) CHARACTER SET utf8mb4 COLLATE utf8mb4_0900_ai_ci NOT NULL,
  `trigger_group` varchar(200) CHARACTER SET utf8mb4 COLLATE utf8mb4_0900_ai_ci NOT NULL,
  `str_prop_1` varchar(512) CHARACTER SET utf8mb4 COLLATE utf8mb4_0900_ai_ci NULL DEFAULT NULL,
  `str_prop_2` varchar(512) CHARACTER SET utf8mb4 COLLATE utf8mb4_0900_ai_ci NULL DEFAULT NULL,
  `str_prop_3` varchar(512) CHARACTER SET utf8mb4 COLLATE utf8mb4_0900_ai_ci NULL DEFAULT NULL,
  `int_prop_1` int NULL DEFAULT NULL,
  `int_prop_2` int NULL DEFAULT NULL,
  `long_prop_1` bigint NULL DEFAULT NULL,
  `long_prop_2` bigint NULL DEFAULT NULL,
  `dec_prop_1` decimal(13, 4) NULL DEFAULT NULL,
  `dec_prop_2` decimal(13, 4) NULL DEFAULT NULL,
  `bool_prop_1` varchar(1) CHARACTER SET utf8mb4 COLLATE utf8mb4_0900_ai_ci NULL DEFAULT NULL,
  `bool_prop_2` varchar(1) CHARACTER SET utf8mb4 COLLATE utf8mb4_0900_ai_ci NULL DEFAULT NULL,
  PRIMARY KEY (`sched_name`, `trigger_name`, `trigger_group`) USING BTREE,
  CONSTRAINT `QRTZ_SIMPROP_TRIGGERS_ibfk_1` FOREIGN KEY (`sched_name`, `trigger_name`, `trigger_group`) REFERENCES `QRTZ_TRIGGERS` (`sched_name`, `trigger_name`, `trigger_group`) ON DELETE RESTRICT ON UPDATE RESTRICT
) ENGINE = InnoDB CHARACTER SET = utf8mb4 COLLATE = utf8mb4_0900_ai_ci ROW_FORMAT = DYNAMIC;

-- ----------------------------
-- Records of QRTZ_SIMPROP_TRIGGERS
-- ----------------------------

-- ----------------------------
-- Table structure for QRTZ_TRIGGERS
-- ----------------------------
DROP TABLE IF EXISTS `QRTZ_TRIGGERS`;
CREATE TABLE `QRTZ_TRIGGERS`  (
  `sched_name` varchar(120) CHARACTER SET utf8mb4 COLLATE utf8mb4_0900_ai_ci NOT NULL,
  `trigger_name` varchar(200) CHARACTER SET utf8mb4 COLLATE utf8mb4_0900_ai_ci NOT NULL,
  `trigger_group` varchar(200) CHARACTER SET utf8mb4 COLLATE utf8mb4_0900_ai_ci NOT NULL,
  `job_name` varchar(200) CHARACTER SET utf8mb4 COLLATE utf8mb4_0900_ai_ci NOT NULL,
  `job_group` varchar(200) CHARACTER SET utf8mb4 COLLATE utf8mb4_0900_ai_ci NOT NULL,
  `description` varchar(250) CHARACTER SET utf8mb4 COLLATE utf8mb4_0900_ai_ci NULL DEFAULT NULL,
  `next_fire_time` bigint NULL DEFAULT NULL,
  `prev_fire_time` bigint NULL DEFAULT NULL,
  `priority` int NULL DEFAULT NULL,
  `trigger_state` varchar(16) CHARACTER SET utf8mb4 COLLATE utf8mb4_0900_ai_ci NOT NULL,
  `trigger_type` varchar(8) CHARACTER SET utf8mb4 COLLATE utf8mb4_0900_ai_ci NOT NULL,
  `start_time` bigint NOT NULL,
  `end_time` bigint NULL DEFAULT NULL,
  `calendar_name` varchar(200) CHARACTER SET utf8mb4 COLLATE utf8mb4_0900_ai_ci NULL DEFAULT NULL,
  `misfire_instr` smallint NULL DEFAULT NULL,
  `job_data` blob NULL,
  PRIMARY KEY (`sched_name`, `trigger_name`, `trigger_group`) USING BTREE,
  INDEX `sched_name`(`sched_name`, `job_name`, `job_group`) USING BTREE,
  CONSTRAINT `QRTZ_TRIGGERS_ibfk_1` FOREIGN KEY (`sched_name`, `job_name`, `job_group`) REFERENCES `QRTZ_JOB_DETAILS` (`sched_name`, `job_name`, `job_group`) ON DELETE RESTRICT ON UPDATE RESTRICT
) ENGINE = InnoDB CHARACTER SET = utf8mb4 COLLATE = utf8mb4_0900_ai_ci ROW_FORMAT = DYNAMIC;

-- ----------------------------
-- Records of QRTZ_TRIGGERS
-- ----------------------------
INSERT INTO `QRTZ_TRIGGERS` VALUES ('HealthPaltformScheduler', 'TASK_CLASS_NAME1', 'DEFAULT', 'TASK_CLASS_NAME1', 'DEFAULT', NULL, 1616074530000, -1, 5, 'PAUSED', 'CRON', 1616074521000, 0, NULL, 2, '');
INSERT INTO `QRTZ_TRIGGERS` VALUES ('HealthPaltformScheduler', 'TASK_CLASS_NAME2', 'DEFAULT', 'TASK_CLASS_NAME2', 'DEFAULT', NULL, 1616074530000, -1, 5, 'PAUSED', 'CRON', 1616074522000, 0, NULL, 2, '');
INSERT INTO `QRTZ_TRIGGERS` VALUES ('HealthPaltformScheduler', 'TASK_CLASS_NAME3', 'DEFAULT', 'TASK_CLASS_NAME3', 'DEFAULT', NULL, 1616074540000, -1, 5, 'PAUSED', 'CRON', 1616074522000, 0, NULL, 2, '');
INSERT INTO `QRTZ_TRIGGERS` VALUES ('HealthPlatformScheduler', 'TASK_CLASS_NAME1', 'DEFAULT', 'TASK_CLASS_NAME1', 'DEFAULT', NULL, 1618970230000, -1, 5, 'PAUSED', 'CRON', 1618970222000, 0, NULL, 2, '');
INSERT INTO `QRTZ_TRIGGERS` VALUES ('HealthPlatformScheduler', 'TASK_CLASS_NAME2', 'DEFAULT', 'TASK_CLASS_NAME2', 'DEFAULT', NULL, 1618970235000, -1, 5, 'PAUSED', 'CRON', 1618970222000, 0, NULL, 2, '');
INSERT INTO `QRTZ_TRIGGERS` VALUES ('HealthPlatformScheduler', 'TASK_CLASS_NAME3', 'DEFAULT', 'TASK_CLASS_NAME3', 'DEFAULT', NULL, 1618970240000, -1, 5, 'PAUSED', 'CRON', 1618970223000, 0, NULL, 2, '');
INSERT INTO `QRTZ_TRIGGERS` VALUES ('LRScheduler', 'TASK_CLASS_NAME1', 'DEFAULT', 'TASK_CLASS_NAME1', 'DEFAULT', NULL, 1619012260000, -1, 5, 'PAUSED', 'CRON', 1619012258000, 0, NULL, 2, '');
INSERT INTO `QRTZ_TRIGGERS` VALUES ('LRScheduler', 'TASK_CLASS_NAME2', 'DEFAULT', 'TASK_CLASS_NAME2', 'DEFAULT', NULL, 1619012265000, -1, 5, 'PAUSED', 'CRON', 1619012258000, 0, NULL, 2, '');
INSERT INTO `QRTZ_TRIGGERS` VALUES ('LRScheduler', 'TASK_CLASS_NAME3', 'DEFAULT', 'TASK_CLASS_NAME3', 'DEFAULT', NULL, 1619012260000, -1, 5, 'PAUSED', 'CRON', 1619012259000, 0, NULL, 2, '');
INSERT INTO `QRTZ_TRIGGERS` VALUES ('RuoyiScheduler', 'TASK_CLASS_NAME1', 'DEFAULT', 'TASK_CLASS_NAME1', 'DEFAULT', NULL, 1618975600000, -1, 5, 'PAUSED', 'CRON', 1618975595000, 0, NULL, 2, '');
INSERT INTO `QRTZ_TRIGGERS` VALUES ('RuoyiScheduler', 'TASK_CLASS_NAME2', 'DEFAULT', 'TASK_CLASS_NAME2', 'DEFAULT', NULL, 1618975605000, -1, 5, 'PAUSED', 'CRON', 1618975595000, 0, NULL, 2, '');
INSERT INTO `QRTZ_TRIGGERS` VALUES ('RuoyiScheduler', 'TASK_CLASS_NAME3', 'DEFAULT', 'TASK_CLASS_NAME3', 'DEFAULT', NULL, 1618975600000, -1, 5, 'PAUSED', 'CRON', 1618975595000, 0, NULL, 2, '');

-- ----------------------------
-- Table structure for sys_config
-- ----------------------------
DROP TABLE IF EXISTS `sys_config`;
CREATE TABLE `sys_config`  (
  `config_id` int NOT NULL AUTO_INCREMENT COMMENT '参数主键',
  `config_name` varchar(100) CHARACTER SET utf8mb4 COLLATE utf8mb4_0900_ai_ci NULL DEFAULT '' COMMENT '参数名称',
  `config_key` varchar(100) CHARACTER SET utf8mb4 COLLATE utf8mb4_0900_ai_ci NULL DEFAULT '' COMMENT '参数键名',
  `config_value` varchar(500) CHARACTER SET utf8mb4 COLLATE utf8mb4_0900_ai_ci NULL DEFAULT '' COMMENT '参数键值',
  `config_type` char(1) CHARACTER SET utf8mb4 COLLATE utf8mb4_0900_ai_ci NULL DEFAULT 'N' COMMENT '系统内置（Y是 N否）',
  `create_by` varchar(64) CHARACTER SET utf8mb4 COLLATE utf8mb4_0900_ai_ci NULL DEFAULT '' COMMENT '创建者',
  `create_time` datetime NULL DEFAULT NULL COMMENT '创建时间',
  `update_by` varchar(64) CHARACTER SET utf8mb4 COLLATE utf8mb4_0900_ai_ci NULL DEFAULT '' COMMENT '更新者',
  `update_time` datetime NULL DEFAULT NULL COMMENT '更新时间',
  `remark` varchar(500) CHARACTER SET utf8mb4 COLLATE utf8mb4_0900_ai_ci NULL DEFAULT NULL COMMENT '备注',
  PRIMARY KEY (`config_id`) USING BTREE
) ENGINE = InnoDB AUTO_INCREMENT = 101 CHARACTER SET = utf8mb4 COLLATE = utf8mb4_0900_ai_ci COMMENT = '参数配置表' ROW_FORMAT = DYNAMIC;

-- ----------------------------
-- Records of sys_config
-- ----------------------------
INSERT INTO `sys_config` VALUES (1, '主框架页-默认皮肤样式名称', 'sys.index.skinName', 'skin-blue', 'Y', 'admin', '2021-03-12 12:56:06', '', NULL, '蓝色 skin-blue、绿色 skin-green、紫色 skin-purple、红色 skin-red、黄色 skin-yellow');
INSERT INTO `sys_config` VALUES (2, '用户管理-账号初始密码', 'sys.user.initPassword', '123456', 'Y', 'admin', '2021-03-12 12:56:06', '', NULL, '初始化密码 123456');
INSERT INTO `sys_config` VALUES (3, '主框架页-侧边栏主题', 'sys.index.sideTheme', 'theme-dark', 'Y', 'admin', '2021-03-12 12:56:06', '', NULL, '深色主题theme-dark，浅色主题theme-light');

-- ----------------------------
-- Table structure for sys_dept
-- ----------------------------
DROP TABLE IF EXISTS `sys_dept`;
CREATE TABLE `sys_dept`  (
  `dept_id` bigint NOT NULL AUTO_INCREMENT COMMENT '部门id',
  `parent_id` bigint NULL DEFAULT 0 COMMENT '父部门id',
  `ancestors` varchar(50) CHARACTER SET utf8mb4 COLLATE utf8mb4_0900_ai_ci NULL DEFAULT '' COMMENT '祖级列表',
  `dept_name` varchar(30) CHARACTER SET utf8mb4 COLLATE utf8mb4_0900_ai_ci NULL DEFAULT '' COMMENT '部门名称',
  `order_num` int NULL DEFAULT 0 COMMENT '显示顺序',
  `leader` varchar(20) CHARACTER SET utf8mb4 COLLATE utf8mb4_0900_ai_ci NULL DEFAULT NULL COMMENT '负责人',
  `phone` varchar(11) CHARACTER SET utf8mb4 COLLATE utf8mb4_0900_ai_ci NULL DEFAULT NULL COMMENT '联系电话',
  `email` varchar(50) CHARACTER SET utf8mb4 COLLATE utf8mb4_0900_ai_ci NULL DEFAULT NULL COMMENT '邮箱',
  `status` char(1) CHARACTER SET utf8mb4 COLLATE utf8mb4_0900_ai_ci NULL DEFAULT '0' COMMENT '部门状态（0正常 1停用）',
  `del_flag` char(1) CHARACTER SET utf8mb4 COLLATE utf8mb4_0900_ai_ci NULL DEFAULT '0' COMMENT '删除标志（0代表存在 2代表删除）',
  `create_by` varchar(64) CHARACTER SET utf8mb4 COLLATE utf8mb4_0900_ai_ci NULL DEFAULT '' COMMENT '创建者',
  `create_time` datetime NULL DEFAULT NULL COMMENT '创建时间',
  `update_by` varchar(64) CHARACTER SET utf8mb4 COLLATE utf8mb4_0900_ai_ci NULL DEFAULT '' COMMENT '更新者',
  `update_time` datetime NULL DEFAULT NULL COMMENT '更新时间',
  PRIMARY KEY (`dept_id`) USING BTREE
) ENGINE = InnoDB AUTO_INCREMENT = 251 CHARACTER SET = utf8mb4 COLLATE = utf8mb4_0900_ai_ci COMMENT = '部门表' ROW_FORMAT = DYNAMIC;

-- ----------------------------
-- Records of sys_dept
-- ----------------------------
INSERT INTO `sys_dept` VALUES (100, 0, '0', '中国矿业大学徐海学院', 0, '老魔', '15252114322', '15252114322@163.com', '0', '0', 'admin', '2021-03-12 12:56:05', 'admin', '2021-04-11 10:20:06');
INSERT INTO `sys_dept` VALUES (101, 100, '0,100', '计算机系', 1, '老魔', '15252114322', '15252114322@163.com', '0', '0', 'admin', '2021-03-12 12:56:05', 'admin', '2021-04-11 10:20:06');
INSERT INTO `sys_dept` VALUES (102, 100, '0,100', '金融系', 2, '老魔', '15252114322', '15252114322@163.com', '0', '0', 'admin', '2021-03-12 12:56:05', 'admin', '2021-03-27 06:30:07');
INSERT INTO `sys_dept` VALUES (103, 101, '0,100,101', '2017级', 1, '老魔', '15252114322', '15252114322@163.com', '0', '0', 'admin', '2021-03-12 12:56:05', 'admin', '2021-03-26 08:01:16');
INSERT INTO `sys_dept` VALUES (104, 101, '0,100,101', '2018级', 2, '老魔', '15252114322', '15252114322@163.com', '0', '0', 'admin', '2021-03-12 12:56:05', 'admin', '2021-04-11 10:20:06');
INSERT INTO `sys_dept` VALUES (105, 101, '0,100,101', '2019级', 3, '老魔', '15252114322', '15252114322@163.com', '0', '0', 'admin', '2021-03-12 12:56:05', 'admin', '2021-03-26 08:01:58');
INSERT INTO `sys_dept` VALUES (106, 101, '0,100,101', '2020级', 4, '老魔', '15252114322', '15252114322@163.com', '0', '0', 'admin', '2021-03-12 12:56:05', 'admin', '2021-03-26 08:02:12');
INSERT INTO `sys_dept` VALUES (108, 102, '0,100,102', '2017级', 1, '老魔', '15252114322', '15252114322@163.com', '0', '0', 'admin', '2021-03-12 12:56:05', 'admin', '2021-03-26 08:01:43');
INSERT INTO `sys_dept` VALUES (109, 102, '0,100,102', '2018级', 2, '老魔', '15252114322', '15252114322@163.com', '0', '0', 'admin', '2021-03-12 12:56:05', 'admin', '2021-03-26 08:01:52');
INSERT INTO `sys_dept` VALUES (206, 102, '0,100,102', '2019级', 3, '老魔', '15252114322', '15252114322@163.com', '0', '0', 'admin', '2021-03-21 11:35:29', 'admin', '2021-03-27 06:30:07');
INSERT INTO `sys_dept` VALUES (207, 103, '0,100,101,103', '1班', 1, '老魔', '15252114322', '15252114322@163.com', '0', '0', 'admin', '2021-03-26 07:58:24', 'admin', '2021-03-26 08:00:09');
INSERT INTO `sys_dept` VALUES (208, 103, '0,100,101,103', '2班', 2, '老魔', '15252114322', '15252114322@163.com', '0', '0', 'admin', '2021-03-26 07:58:33', 'admin', '2021-03-26 08:00:04');
INSERT INTO `sys_dept` VALUES (209, 103, '0,100,101,103', '3班', 3, '老魔', '15252114322', '15252114322@163.com', '0', '0', 'admin', '2021-03-26 07:59:38', 'admin', '2021-03-26 07:59:59');
INSERT INTO `sys_dept` VALUES (210, 103, '0,100,101,103', '4班', 4, '老魔', '15252114322', '15252114322@163.com', '0', '0', 'admin', '2021-03-26 07:59:53', 'admin', '2021-03-27 21:44:41');
INSERT INTO `sys_dept` VALUES (211, 103, '0,100,101,103', '嵌入式1班', 5, '老魔', '15252114322', '15252114322@163.com', '0', '0', 'admin', '2021-03-26 08:00:52', 'admin', '2021-03-27 21:44:44');
INSERT INTO `sys_dept` VALUES (212, 103, '0,100,101,103', '嵌入式2班', 6, '老魔', '15252114322', '15252114322@163.com', '0', '0', 'admin', '2021-03-26 08:01:08', 'admin', '2021-03-26 08:01:16');
INSERT INTO `sys_dept` VALUES (214, 104, '0,100,101,104', '1班', 1, NULL, NULL, NULL, '0', '0', 'admin', '2021-04-11 10:19:52', 'admin', '2021-04-11 10:20:06');
INSERT INTO `sys_dept` VALUES (215, 104, '0,100,101,104', '2班', 2, NULL, NULL, NULL, '0', '0', 'admin', '2021-04-11 10:20:36', '', NULL);
INSERT INTO `sys_dept` VALUES (216, 104, '0,100,101,104', '3班', 3, NULL, NULL, NULL, '0', '0', 'admin', '2021-04-11 10:20:50', '', NULL);
INSERT INTO `sys_dept` VALUES (217, 104, '0,100,101,104', '4班', 4, NULL, NULL, NULL, '0', '0', 'admin', '2021-04-11 10:20:58', '', NULL);
INSERT INTO `sys_dept` VALUES (218, 105, '0,100,101,105', '1班', 1, NULL, NULL, NULL, '0', '0', 'admin', '2021-04-11 10:21:11', '', NULL);
INSERT INTO `sys_dept` VALUES (219, 105, '0,100,101,105', '2班', 2, NULL, NULL, NULL, '0', '0', 'admin', '2021-04-11 10:21:21', '', NULL);
INSERT INTO `sys_dept` VALUES (220, 105, '0,100,101,105', '3班', 3, NULL, NULL, NULL, '0', '0', 'admin', '2021-04-11 10:21:34', '', NULL);
INSERT INTO `sys_dept` VALUES (221, 105, '0,100,101,105', '4班', 4, NULL, NULL, NULL, '0', '0', 'admin', '2021-04-11 10:21:42', '', NULL);
INSERT INTO `sys_dept` VALUES (222, 106, '0,100,101,106', '1班', 1, NULL, NULL, NULL, '0', '0', 'admin', '2021-04-11 10:21:52', '', NULL);
INSERT INTO `sys_dept` VALUES (223, 106, '0,100,101,106', '2班', 2, NULL, NULL, NULL, '0', '0', 'admin', '2021-04-11 10:22:02', '', NULL);
INSERT INTO `sys_dept` VALUES (224, 100, '0,100', '建工系', 3, NULL, NULL, NULL, '0', '0', 'admin', '2021-04-11 10:22:19', '', NULL);
INSERT INTO `sys_dept` VALUES (225, 100, '0,100', '外语系', 4, NULL, NULL, NULL, '0', '0', 'admin', '2021-04-11 10:23:26', '', NULL);
INSERT INTO `sys_dept` VALUES (226, 100, '0,100', '信电系', 0, NULL, NULL, NULL, '0', '0', 'admin', '2021-04-11 10:23:45', '', NULL);
INSERT INTO `sys_dept` VALUES (227, 102, '0,100,102', '2020级', 4, NULL, NULL, NULL, '0', '0', 'admin', '2021-04-11 10:24:01', '', NULL);
INSERT INTO `sys_dept` VALUES (228, 108, '0,100,102,108', '1班', 1, NULL, NULL, NULL, '0', '0', 'admin', '2021-04-11 10:24:13', '', NULL);
INSERT INTO `sys_dept` VALUES (229, 108, '0,100,102,108', '2班', 2, NULL, NULL, NULL, '0', '0', 'admin', '2021-04-11 10:24:21', '', NULL);
INSERT INTO `sys_dept` VALUES (230, 108, '0,100,102,108', '3班', 3, NULL, NULL, NULL, '0', '0', 'admin', '2021-04-11 10:24:32', '', NULL);
INSERT INTO `sys_dept` VALUES (231, 108, '0,100,102,108', '4班', 4, NULL, NULL, NULL, '0', '0', 'admin', '2021-04-11 10:24:41', '', NULL);
INSERT INTO `sys_dept` VALUES (232, 108, '0,100,102,108', '5班', 5, NULL, NULL, NULL, '0', '0', 'admin', '2021-04-11 10:24:50', '', NULL);
INSERT INTO `sys_dept` VALUES (233, 109, '0,100,102,109', '1班', 1, NULL, NULL, NULL, '0', '0', 'admin', '2021-04-11 10:25:01', '', NULL);
INSERT INTO `sys_dept` VALUES (234, 109, '0,100,102,109', 'test', 2, NULL, NULL, NULL, '0', '0', 'admin', '2021-04-11 10:25:12', '', NULL);
INSERT INTO `sys_dept` VALUES (235, 206, '0,100,102,206', '1班', 1, NULL, NULL, NULL, '0', '0', 'admin', '2021-04-11 10:25:20', '', NULL);
INSERT INTO `sys_dept` VALUES (236, 227, '0,100,102,227', '1班', 1, NULL, NULL, NULL, '0', '0', 'admin', '2021-04-11 10:25:31', '', NULL);
INSERT INTO `sys_dept` VALUES (237, 227, '0,100,102,227', '5班', 5, NULL, NULL, NULL, '0', '0', 'admin', '2021-04-11 10:25:42', '', NULL);
INSERT INTO `sys_dept` VALUES (238, 224, '0,100,224', '2018级', 2, NULL, NULL, NULL, '0', '0', 'admin', '2021-04-11 10:25:57', '', NULL);
INSERT INTO `sys_dept` VALUES (239, 224, '0,100,224', '2017级', 1, NULL, NULL, NULL, '0', '0', 'admin', '2021-04-11 10:26:09', '', NULL);
INSERT INTO `sys_dept` VALUES (240, 224, '0,100,224', '2019级', 3, NULL, NULL, NULL, '0', '0', 'admin', '2021-04-11 10:26:19', '', NULL);
INSERT INTO `sys_dept` VALUES (241, 224, '0,100,224', '2020级', 4, NULL, NULL, NULL, '0', '0', 'admin', '2021-04-11 10:26:30', '', NULL);
INSERT INTO `sys_dept` VALUES (242, 239, '0,100,224,239', '1班', 1, NULL, NULL, NULL, '0', '0', 'admin', '2021-04-11 10:26:42', '', NULL);
INSERT INTO `sys_dept` VALUES (243, 238, '0,100,224,238', '2班', 2, NULL, NULL, NULL, '0', '0', 'admin', '2021-04-11 10:26:50', '', NULL);
INSERT INTO `sys_dept` VALUES (244, 238, '0,100,224,238', '3班', 3, NULL, NULL, NULL, '0', '0', 'admin', '2021-04-11 10:27:04', '', NULL);
INSERT INTO `sys_dept` VALUES (245, 240, '0,100,224,240', '4班', 4, NULL, NULL, NULL, '0', '0', 'admin', '2021-04-11 10:27:15', '', NULL);
INSERT INTO `sys_dept` VALUES (246, 241, '0,100,224,241', '5班', 5, NULL, NULL, NULL, '0', '0', 'admin', '2021-04-11 10:27:25', '', NULL);
INSERT INTO `sys_dept` VALUES (247, 225, '0,100,225', '2021级', 5, NULL, NULL, NULL, '0', '0', 'admin', '2021-04-11 10:27:43', '', NULL);
INSERT INTO `sys_dept` VALUES (248, 247, '0,100,225,247', '1班', 1, NULL, NULL, NULL, '0', '0', 'admin', '2021-04-11 10:27:56', '', NULL);
INSERT INTO `sys_dept` VALUES (249, 226, '0,100,226', '2019级', 1, NULL, NULL, NULL, '0', '0', 'admin', '2021-04-11 10:28:09', '', NULL);
INSERT INTO `sys_dept` VALUES (250, 249, '0,100,226,249', '2班', 2, NULL, NULL, NULL, '0', '0', 'admin', '2021-04-11 10:28:20', '', NULL);

-- ----------------------------
-- Table structure for sys_dict_data
-- ----------------------------
DROP TABLE IF EXISTS `sys_dict_data`;
CREATE TABLE `sys_dict_data`  (
  `dict_code` bigint NOT NULL AUTO_INCREMENT COMMENT '字典编码',
  `dict_sort` int NULL DEFAULT 0 COMMENT '字典排序',
  `dict_label` varchar(100) CHARACTER SET utf8mb4 COLLATE utf8mb4_0900_ai_ci NULL DEFAULT '' COMMENT '字典标签',
  `dict_value` varchar(100) CHARACTER SET utf8mb4 COLLATE utf8mb4_0900_ai_ci NULL DEFAULT '' COMMENT '字典键值',
  `dict_type` varchar(100) CHARACTER SET utf8mb4 COLLATE utf8mb4_0900_ai_ci NULL DEFAULT '' COMMENT '字典类型',
  `css_class` varchar(100) CHARACTER SET utf8mb4 COLLATE utf8mb4_0900_ai_ci NULL DEFAULT NULL COMMENT '样式属性（其他样式扩展）',
  `list_class` varchar(100) CHARACTER SET utf8mb4 COLLATE utf8mb4_0900_ai_ci NULL DEFAULT NULL COMMENT '表格回显样式',
  `is_default` char(1) CHARACTER SET utf8mb4 COLLATE utf8mb4_0900_ai_ci NULL DEFAULT 'N' COMMENT '是否默认（Y是 N否）',
  `status` char(1) CHARACTER SET utf8mb4 COLLATE utf8mb4_0900_ai_ci NULL DEFAULT '0' COMMENT '状态（0正常 1停用）',
  `create_by` varchar(64) CHARACTER SET utf8mb4 COLLATE utf8mb4_0900_ai_ci NULL DEFAULT '' COMMENT '创建者',
  `create_time` datetime NULL DEFAULT NULL COMMENT '创建时间',
  `update_by` varchar(64) CHARACTER SET utf8mb4 COLLATE utf8mb4_0900_ai_ci NULL DEFAULT '' COMMENT '更新者',
  `update_time` datetime NULL DEFAULT NULL COMMENT '更新时间',
  `remark` varchar(500) CHARACTER SET utf8mb4 COLLATE utf8mb4_0900_ai_ci NULL DEFAULT NULL COMMENT '备注',
  PRIMARY KEY (`dict_code`) USING BTREE
) ENGINE = InnoDB AUTO_INCREMENT = 100 CHARACTER SET = utf8mb4 COLLATE = utf8mb4_0900_ai_ci COMMENT = '字典数据表' ROW_FORMAT = DYNAMIC;

-- ----------------------------
-- Records of sys_dict_data
-- ----------------------------
INSERT INTO `sys_dict_data` VALUES (1, 1, '男', '0', 'sys_user_sex', '', '', 'Y', '0', 'admin', '2021-03-12 12:56:06', '', NULL, '性别男');
INSERT INTO `sys_dict_data` VALUES (2, 2, '女', '1', 'sys_user_sex', '', '', 'N', '0', 'admin', '2021-03-12 12:56:06', '', NULL, '性别女');
INSERT INTO `sys_dict_data` VALUES (3, 3, '未知', '2', 'sys_user_sex', '', '', 'N', '0', 'admin', '2021-03-12 12:56:06', '', NULL, '性别未知');
INSERT INTO `sys_dict_data` VALUES (4, 1, '显示', '0', 'sys_show_hide', '', 'primary', 'Y', '0', 'admin', '2021-03-12 12:56:06', '', NULL, '显示菜单');
INSERT INTO `sys_dict_data` VALUES (5, 2, '隐藏', '1', 'sys_show_hide', '', 'danger', 'N', '0', 'admin', '2021-03-12 12:56:06', '', NULL, '隐藏菜单');
INSERT INTO `sys_dict_data` VALUES (6, 1, '正常', '0', 'sys_normal_disable', '', 'primary', 'Y', '0', 'admin', '2021-03-12 12:56:06', '', NULL, '正常状态');
INSERT INTO `sys_dict_data` VALUES (7, 2, '停用', '1', 'sys_normal_disable', '', 'danger', 'N', '0', 'admin', '2021-03-12 12:56:06', '', NULL, '停用状态');
INSERT INTO `sys_dict_data` VALUES (8, 1, '正常', '0', 'sys_job_status', '', 'primary', 'Y', '0', 'admin', '2021-03-12 12:56:06', '', NULL, '正常状态');
INSERT INTO `sys_dict_data` VALUES (9, 2, '暂停', '1', 'sys_job_status', '', 'danger', 'N', '0', 'admin', '2021-03-12 12:56:06', '', NULL, '停用状态');
INSERT INTO `sys_dict_data` VALUES (10, 1, '默认', 'DEFAULT', 'sys_job_group', '', '', 'Y', '0', 'admin', '2021-03-12 12:56:06', '', NULL, '默认分组');
INSERT INTO `sys_dict_data` VALUES (11, 2, '系统', 'SYSTEM', 'sys_job_group', '', '', 'N', '0', 'admin', '2021-03-12 12:56:06', '', NULL, '系统分组');
INSERT INTO `sys_dict_data` VALUES (12, 1, '是', 'Y', 'sys_yes_no', '', 'primary', 'Y', '0', 'admin', '2021-03-12 12:56:06', '', NULL, '系统默认是');
INSERT INTO `sys_dict_data` VALUES (13, 2, '否', 'N', 'sys_yes_no', '', 'danger', 'N', '0', 'admin', '2021-03-12 12:56:06', '', NULL, '系统默认否');
INSERT INTO `sys_dict_data` VALUES (14, 1, '通知', '1', 'sys_notice_type', '', 'warning', 'Y', '0', 'admin', '2021-03-12 12:56:06', '', NULL, '通知');
INSERT INTO `sys_dict_data` VALUES (15, 2, '公告', '2', 'sys_notice_type', '', 'success', 'N', '0', 'admin', '2021-03-12 12:56:06', '', NULL, '公告');
INSERT INTO `sys_dict_data` VALUES (16, 1, '正常', '0', 'sys_notice_status', '', 'primary', 'Y', '0', 'admin', '2021-03-12 12:56:06', '', NULL, '正常状态');
INSERT INTO `sys_dict_data` VALUES (17, 2, '关闭', '1', 'sys_notice_status', '', 'danger', 'N', '0', 'admin', '2021-03-12 12:56:06', '', NULL, '关闭状态');
INSERT INTO `sys_dict_data` VALUES (18, 1, '新增', '1', 'sys_oper_type', '', 'info', 'N', '0', 'admin', '2021-03-12 12:56:06', '', NULL, '新增操作');
INSERT INTO `sys_dict_data` VALUES (19, 2, '修改', '2', 'sys_oper_type', '', 'info', 'N', '0', 'admin', '2021-03-12 12:56:06', '', NULL, '修改操作');
INSERT INTO `sys_dict_data` VALUES (20, 3, '删除', '3', 'sys_oper_type', '', 'danger', 'N', '0', 'admin', '2021-03-12 12:56:06', '', NULL, '删除操作');
INSERT INTO `sys_dict_data` VALUES (21, 4, '授权', '4', 'sys_oper_type', '', 'primary', 'N', '0', 'admin', '2021-03-12 12:56:06', '', NULL, '授权操作');
INSERT INTO `sys_dict_data` VALUES (22, 5, '导出', '5', 'sys_oper_type', '', 'warning', 'N', '0', 'admin', '2021-03-12 12:56:06', '', NULL, '导出操作');
INSERT INTO `sys_dict_data` VALUES (23, 6, '导入', '6', 'sys_oper_type', '', 'warning', 'N', '0', 'admin', '2021-03-12 12:56:06', '', NULL, '导入操作');
INSERT INTO `sys_dict_data` VALUES (24, 7, '强退', '7', 'sys_oper_type', '', 'danger', 'N', '0', 'admin', '2021-03-12 12:56:06', '', NULL, '强退操作');
INSERT INTO `sys_dict_data` VALUES (25, 8, '生成代码', '8', 'sys_oper_type', '', 'warning', 'N', '0', 'admin', '2021-03-12 12:56:06', '', NULL, '生成操作');
INSERT INTO `sys_dict_data` VALUES (26, 9, '清空数据', '9', 'sys_oper_type', '', 'danger', 'N', '0', 'admin', '2021-03-12 12:56:06', '', NULL, '清空操作');
INSERT INTO `sys_dict_data` VALUES (27, 1, '成功', '0', 'sys_common_status', '', 'primary', 'N', '0', 'admin', '2021-03-12 12:56:06', '', NULL, '正常状态');
INSERT INTO `sys_dict_data` VALUES (28, 2, '失败', '1', 'sys_common_status', '', 'danger', 'N', '0', 'admin', '2021-03-12 12:56:06', '', NULL, '停用状态');

-- ----------------------------
-- Table structure for sys_dict_type
-- ----------------------------
DROP TABLE IF EXISTS `sys_dict_type`;
CREATE TABLE `sys_dict_type`  (
  `dict_id` bigint NOT NULL AUTO_INCREMENT COMMENT '字典主键',
  `dict_name` varchar(100) CHARACTER SET utf8mb4 COLLATE utf8mb4_0900_ai_ci NULL DEFAULT '' COMMENT '字典名称',
  `dict_type` varchar(100) CHARACTER SET utf8mb4 COLLATE utf8mb4_0900_ai_ci NULL DEFAULT '' COMMENT '字典类型',
  `status` char(1) CHARACTER SET utf8mb4 COLLATE utf8mb4_0900_ai_ci NULL DEFAULT '0' COMMENT '状态（0正常 1停用）',
  `create_by` varchar(64) CHARACTER SET utf8mb4 COLLATE utf8mb4_0900_ai_ci NULL DEFAULT '' COMMENT '创建者',
  `create_time` datetime NULL DEFAULT NULL COMMENT '创建时间',
  `update_by` varchar(64) CHARACTER SET utf8mb4 COLLATE utf8mb4_0900_ai_ci NULL DEFAULT '' COMMENT '更新者',
  `update_time` datetime NULL DEFAULT NULL COMMENT '更新时间',
  `remark` varchar(500) CHARACTER SET utf8mb4 COLLATE utf8mb4_0900_ai_ci NULL DEFAULT NULL COMMENT '备注',
  PRIMARY KEY (`dict_id`) USING BTREE,
  UNIQUE INDEX `dict_type`(`dict_type`) USING BTREE
) ENGINE = InnoDB AUTO_INCREMENT = 101 CHARACTER SET = utf8mb4 COLLATE = utf8mb4_0900_ai_ci COMMENT = '字典类型表' ROW_FORMAT = DYNAMIC;

-- ----------------------------
-- Records of sys_dict_type
-- ----------------------------
INSERT INTO `sys_dict_type` VALUES (1, '用户性别', 'sys_user_sex', '0', 'admin', '2021-03-12 12:56:06', '', NULL, '用户性别列表');
INSERT INTO `sys_dict_type` VALUES (2, '菜单状态', 'sys_show_hide', '0', 'admin', '2021-03-12 12:56:06', '', NULL, '菜单状态列表');
INSERT INTO `sys_dict_type` VALUES (3, '系统开关', 'sys_normal_disable', '0', 'admin', '2021-03-12 12:56:06', '', NULL, '系统开关列表');
INSERT INTO `sys_dict_type` VALUES (4, '任务状态', 'sys_job_status', '0', 'admin', '2021-03-12 12:56:06', '', NULL, '任务状态列表');
INSERT INTO `sys_dict_type` VALUES (5, '任务分组', 'sys_job_group', '0', 'admin', '2021-03-12 12:56:06', '', NULL, '任务分组列表');
INSERT INTO `sys_dict_type` VALUES (6, '系统是否', 'sys_yes_no', '0', 'admin', '2021-03-12 12:56:06', '', NULL, '系统是否列表');
INSERT INTO `sys_dict_type` VALUES (7, '通知类型', 'sys_notice_type', '0', 'admin', '2021-03-12 12:56:06', '', NULL, '通知类型列表');
INSERT INTO `sys_dict_type` VALUES (8, '通知状态', 'sys_notice_status', '0', 'admin', '2021-03-12 12:56:06', '', NULL, '通知状态列表');
INSERT INTO `sys_dict_type` VALUES (9, '操作类型', 'sys_oper_type', '0', 'admin', '2021-03-12 12:56:06', '', NULL, '操作类型列表');
INSERT INTO `sys_dict_type` VALUES (10, '系统状态', 'sys_common_status', '0', 'admin', '2021-03-12 12:56:06', '', NULL, '登录状态列表');

-- ----------------------------
-- Table structure for sys_job
-- ----------------------------
DROP TABLE IF EXISTS `sys_job`;
CREATE TABLE `sys_job`  (
  `job_id` bigint NOT NULL AUTO_INCREMENT COMMENT '任务ID',
  `job_name` varchar(64) CHARACTER SET utf8mb4 COLLATE utf8mb4_0900_ai_ci NOT NULL DEFAULT '' COMMENT '任务名称',
  `job_group` varchar(64) CHARACTER SET utf8mb4 COLLATE utf8mb4_0900_ai_ci NOT NULL DEFAULT 'DEFAULT' COMMENT '任务组名',
  `invoke_target` varchar(500) CHARACTER SET utf8mb4 COLLATE utf8mb4_0900_ai_ci NOT NULL COMMENT '调用目标字符串',
  `cron_expression` varchar(255) CHARACTER SET utf8mb4 COLLATE utf8mb4_0900_ai_ci NULL DEFAULT '' COMMENT 'cron执行表达式',
  `misfire_policy` varchar(20) CHARACTER SET utf8mb4 COLLATE utf8mb4_0900_ai_ci NULL DEFAULT '3' COMMENT '计划执行错误策略（1立即执行 2执行一次 3放弃执行）',
  `concurrent` char(1) CHARACTER SET utf8mb4 COLLATE utf8mb4_0900_ai_ci NULL DEFAULT '1' COMMENT '是否并发执行（0允许 1禁止）',
  `status` char(1) CHARACTER SET utf8mb4 COLLATE utf8mb4_0900_ai_ci NULL DEFAULT '0' COMMENT '状态（0正常 1暂停）',
  `create_by` varchar(64) CHARACTER SET utf8mb4 COLLATE utf8mb4_0900_ai_ci NULL DEFAULT '' COMMENT '创建者',
  `create_time` datetime NULL DEFAULT NULL COMMENT '创建时间',
  `update_by` varchar(64) CHARACTER SET utf8mb4 COLLATE utf8mb4_0900_ai_ci NULL DEFAULT '' COMMENT '更新者',
  `update_time` datetime NULL DEFAULT NULL COMMENT '更新时间',
  `remark` varchar(500) CHARACTER SET utf8mb4 COLLATE utf8mb4_0900_ai_ci NULL DEFAULT '' COMMENT '备注信息',
  PRIMARY KEY (`job_id`, `job_name`, `job_group`) USING BTREE
) ENGINE = InnoDB AUTO_INCREMENT = 100 CHARACTER SET = utf8mb4 COLLATE = utf8mb4_0900_ai_ci COMMENT = '定时任务调度表' ROW_FORMAT = DYNAMIC;

-- ----------------------------
-- Records of sys_job
-- ----------------------------
INSERT INTO `sys_job` VALUES (1, '系统默认（无参）', 'DEFAULT', 'Task.NoParams', '0/10 * * * * ?', '3', '1', '1', 'admin', '2021-03-12 12:56:07', 'admin', '2021-03-22 02:34:32', '');
INSERT INTO `sys_job` VALUES (2, '系统默认（有参）', 'DEFAULT', 'Task.Params(\'ry\')', '0/15 * * * * ?', '3', '1', '1', 'admin', '2021-03-12 12:56:07', 'admin', '2021-03-22 02:34:46', '');
INSERT INTO `sys_job` VALUES (3, '系统默认（多参）', 'DEFAULT', 'Task.MultipleParams(\'ry\', true, 2000L, 316.50D, 100)', '0/20 * * * * ?', '3', '1', '1', 'admin', '2021-03-12 12:56:07', 'admin', '2021-03-22 02:35:00', '');

-- ----------------------------
-- Table structure for sys_job_log
-- ----------------------------
DROP TABLE IF EXISTS `sys_job_log`;
CREATE TABLE `sys_job_log`  (
  `job_log_id` bigint NOT NULL AUTO_INCREMENT COMMENT '任务日志ID',
  `job_name` varchar(64) CHARACTER SET utf8mb4 COLLATE utf8mb4_0900_ai_ci NOT NULL COMMENT '任务名称',
  `job_group` varchar(64) CHARACTER SET utf8mb4 COLLATE utf8mb4_0900_ai_ci NOT NULL COMMENT '任务组名',
  `invoke_target` varchar(500) CHARACTER SET utf8mb4 COLLATE utf8mb4_0900_ai_ci NOT NULL COMMENT '调用目标字符串',
  `job_message` varchar(500) CHARACTER SET utf8mb4 COLLATE utf8mb4_0900_ai_ci NULL DEFAULT NULL COMMENT '日志信息',
  `status` char(1) CHARACTER SET utf8mb4 COLLATE utf8mb4_0900_ai_ci NULL DEFAULT '0' COMMENT '执行状态（0正常 1失败）',
  `exception_info` varchar(2000) CHARACTER SET utf8mb4 COLLATE utf8mb4_0900_ai_ci NULL DEFAULT '' COMMENT '异常信息',
  `create_time` datetime NULL DEFAULT NULL COMMENT '创建时间',
  PRIMARY KEY (`job_log_id`) USING BTREE
) ENGINE = InnoDB AUTO_INCREMENT = 1 CHARACTER SET = utf8mb4 COLLATE = utf8mb4_0900_ai_ci COMMENT = '定时任务调度日志表' ROW_FORMAT = DYNAMIC;

-- ----------------------------
-- Records of sys_job_log
-- ----------------------------

-- ----------------------------
-- Table structure for sys_logininfor
-- ----------------------------
DROP TABLE IF EXISTS `sys_logininfor`;
CREATE TABLE `sys_logininfor`  (
  `info_id` bigint NOT NULL AUTO_INCREMENT COMMENT '访问ID',
  `user_name` varchar(50) CHARACTER SET utf8mb4 COLLATE utf8mb4_0900_ai_ci NULL DEFAULT '' COMMENT '用户账号',
  `ipaddr` varchar(128) CHARACTER SET utf8mb4 COLLATE utf8mb4_0900_ai_ci NULL DEFAULT '' COMMENT '登录IP地址',
  `login_location` varchar(255) CHARACTER SET utf8mb4 COLLATE utf8mb4_0900_ai_ci NULL DEFAULT '' COMMENT '登录地点',
  `browser` varchar(50) CHARACTER SET utf8mb4 COLLATE utf8mb4_0900_ai_ci NULL DEFAULT '' COMMENT '浏览器类型',
  `os` varchar(50) CHARACTER SET utf8mb4 COLLATE utf8mb4_0900_ai_ci NULL DEFAULT '' COMMENT '操作系统',
  `status` char(1) CHARACTER SET utf8mb4 COLLATE utf8mb4_0900_ai_ci NULL DEFAULT '0' COMMENT '登录状态（0成功 1失败）',
  `msg` varchar(255) CHARACTER SET utf8mb4 COLLATE utf8mb4_0900_ai_ci NULL DEFAULT '' COMMENT '提示消息',
  `login_time` datetime NULL DEFAULT NULL COMMENT '访问时间',
  PRIMARY KEY (`info_id`) USING BTREE
) ENGINE = InnoDB AUTO_INCREMENT = 134 CHARACTER SET = utf8mb4 COLLATE = utf8mb4_0900_ai_ci COMMENT = '系统访问记录' ROW_FORMAT = DYNAMIC;

-- ----------------------------
-- Records of sys_logininfor
-- ----------------------------
INSERT INTO `sys_logininfor` VALUES (1, 'ry', '183.213.84.226', 'XX XX', 'Chrome', 'Windows 10 or Windows Server 2016', '0', '登录成功', '2021-03-25 10:54:08');
INSERT INTO `sys_logininfor` VALUES (2, 'admin', '221.226.219.116', 'XX XX', 'Chrome', 'Windows 10 or Windows Server 2016', '0', '登录成功', '2021-03-26 00:51:46');
INSERT INTO `sys_logininfor` VALUES (3, 'admin', '221.226.219.116', 'XX XX', 'Chrome', 'Windows 10 or Windows Server 2016', '0', '登录成功', '2021-03-26 00:55:29');
INSERT INTO `sys_logininfor` VALUES (4, 'admin', '221.226.219.116', 'XX XX', 'Chrome', 'Windows 10 or Windows Server 2016', '0', '登录成功', '2021-03-26 00:58:03');
INSERT INTO `sys_logininfor` VALUES (5, 'admin', '221.226.219.116', 'XX XX', 'Chrome', 'Windows 10 or Windows Server 2016', '0', '登录成功', '2021-03-26 03:40:40');
INSERT INTO `sys_logininfor` VALUES (6, 'admin', '221.226.219.116', 'XX XX', 'Chrome', 'Windows 10 or Windows Server 2016', '0', '登录成功', '2021-03-26 07:42:18');
INSERT INTO `sys_logininfor` VALUES (7, 'admin', '221.226.219.116', 'XX XX', 'Chrome', 'Windows 10 or Windows Server 2016', '0', '退出成功', '2021-03-26 07:44:38');
INSERT INTO `sys_logininfor` VALUES (8, 'admin', '221.226.219.116', 'XX XX', 'Chrome', 'Windows 10 or Windows Server 2016', '0', '登录成功', '2021-03-26 07:44:43');
INSERT INTO `sys_logininfor` VALUES (9, 'admin', '221.226.219.116', 'XX XX', 'Chrome', 'Windows 10 or Windows Server 2016', '0', '登录成功', '2021-03-26 08:21:08');
INSERT INTO `sys_logininfor` VALUES (10, 'admin', '221.226.219.116', 'XX XX', 'Chrome', 'Windows 10 or Windows Server 2016', '0', '退出成功', '2021-03-26 08:24:06');
INSERT INTO `sys_logininfor` VALUES (11, 'ry', '221.226.219.116', 'XX XX', 'Chrome', 'Windows 10 or Windows Server 2016', '0', '登录成功', '2021-03-26 08:24:14');
INSERT INTO `sys_logininfor` VALUES (12, 'ry', '221.226.219.116', 'XX XX', 'Chrome', 'Windows 10 or Windows Server 2016', '0', '退出成功', '2021-03-26 08:25:09');
INSERT INTO `sys_logininfor` VALUES (13, 'admin', '221.226.219.116', 'XX XX', 'Chrome', 'Windows 10 or Windows Server 2016', '0', '登录成功', '2021-03-26 08:25:14');
INSERT INTO `sys_logininfor` VALUES (14, 'admin', '221.226.219.116', 'XX XX', 'Chrome', 'Windows 10 or Windows Server 2016', '0', '退出成功', '2021-03-26 08:25:32');
INSERT INTO `sys_logininfor` VALUES (15, 'ry', '221.226.219.116', 'XX XX', 'Chrome', 'Windows 10 or Windows Server 2016', '0', '登录成功', '2021-03-26 08:25:39');
INSERT INTO `sys_logininfor` VALUES (16, 'admin', '221.226.219.116', 'XX XX', 'Chrome', 'Windows 10 or Windows Server 2016', '0', '登录成功', '2021-03-26 09:18:50');
INSERT INTO `sys_logininfor` VALUES (17, 'admin', '192.168.101.5', '内网IP', 'Chrome', 'Windows 10 or Windows Server 2016', '0', '登录成功', '2021-03-26 11:18:49');
INSERT INTO `sys_logininfor` VALUES (18, 'admin', '192.168.101.5', '内网IP', 'Chrome', 'Windows 10 or Windows Server 2016', '0', '退出成功', '2021-03-26 11:48:44');
INSERT INTO `sys_logininfor` VALUES (19, 'admin', '192.168.101.5', '内网IP', 'Chrome', 'Windows 10 or Windows Server 2016', '0', '登录成功', '2021-03-26 11:49:07');
INSERT INTO `sys_logininfor` VALUES (20, 'admin', '192.168.101.5', '内网IP', 'Chrome', 'Windows 10 or Windows Server 2016', '0', '登录成功', '2021-03-27 05:03:23');
INSERT INTO `sys_logininfor` VALUES (21, 'admin', '183.213.84.226', 'XX XX', 'Unknown', 'Unknown', '1', '验证码已失效', '2021-03-27 06:04:40');
INSERT INTO `sys_logininfor` VALUES (22, 'admin', '127.0.0.1', '内网IP', 'Chrome', 'Windows 10 or Windows Server 2016', '0', '登录成功', '2021-03-27 06:17:20');
INSERT INTO `sys_logininfor` VALUES (23, 'admin', '192.168.101.5', '内网IP', 'Chrome', 'Windows 10 or Windows Server 2016', '0', '登录成功', '2021-03-27 06:19:12');
INSERT INTO `sys_logininfor` VALUES (24, 'admin', '192.168.101.5', '内网IP', 'Chrome', 'Windows 10 or Windows Server 2016', '0', '登录成功', '2021-03-27 06:34:13');
INSERT INTO `sys_logininfor` VALUES (25, 'ry', '183.213.84.226', 'XX XX', 'Chrome', 'Windows 10 or Windows Server 2016', '0', '登录成功', '2021-03-27 10:31:46');
INSERT INTO `sys_logininfor` VALUES (26, 'ry', '183.213.84.226', 'XX XX', 'Chrome', 'Windows 10 or Windows Server 2016', '0', '退出成功', '2021-03-27 11:23:12');
INSERT INTO `sys_logininfor` VALUES (27, 'admin', '183.213.84.226', 'XX XX', 'Chrome', 'Windows 10 or Windows Server 2016', '0', '登录成功', '2021-03-27 11:23:23');
INSERT INTO `sys_logininfor` VALUES (28, 'admin', '127.0.0.1', '内网IP', 'Chrome', 'Windows 10 or Windows Server 2016', '0', '登录成功', '2021-03-27 11:27:42');
INSERT INTO `sys_logininfor` VALUES (29, 'admin', '127.0.0.1', '内网IP', 'Chrome', 'Windows 10 or Windows Server 2016', '0', '退出成功', '2021-03-27 11:34:02');
INSERT INTO `sys_logininfor` VALUES (30, 'admin', '127.0.0.1', '内网IP', 'Chrome', 'Windows 10 or Windows Server 2016', '0', '登录成功', '2021-03-27 11:34:14');
INSERT INTO `sys_logininfor` VALUES (31, 'admin', '127.0.0.1', '内网IP', 'Chrome', 'Windows 10 or Windows Server 2016', '0', '退出成功', '2021-03-27 11:34:20');
INSERT INTO `sys_logininfor` VALUES (32, 'admin', '127.0.0.1', '内网IP', 'Chrome', 'Windows 10 or Windows Server 2016', '1', '用户不存在/密码错误', '2021-03-27 11:51:02');
INSERT INTO `sys_logininfor` VALUES (33, 'admin', '127.0.0.1', '内网IP', 'Chrome', 'Windows 10 or Windows Server 2016', '0', '登录成功', '2021-03-27 11:51:11');
INSERT INTO `sys_logininfor` VALUES (34, 'admin', '127.0.0.1', '内网IP', 'Chrome', 'Windows 10 or Windows Server 2016', '0', '退出成功', '2021-03-27 11:51:17');
INSERT INTO `sys_logininfor` VALUES (35, 'admin', '127.0.0.1', '内网IP', 'Chrome', 'Windows 10 or Windows Server 2016', '1', '用户不存在/密码错误', '2021-03-27 11:51:23');
INSERT INTO `sys_logininfor` VALUES (36, 'admin', '127.0.0.1', '内网IP', 'Chrome', 'Windows 10 or Windows Server 2016', '0', '登录成功', '2021-03-27 11:52:52');
INSERT INTO `sys_logininfor` VALUES (37, 'admin', '127.0.0.1', '内网IP', 'Chrome', 'Windows 10 or Windows Server 2016', '0', '退出成功', '2021-03-27 11:52:58');
INSERT INTO `sys_logininfor` VALUES (38, 'admin', '127.0.0.1', '内网IP', 'Chrome', 'Windows 10 or Windows Server 2016', '0', '登录成功', '2021-03-27 11:53:24');
INSERT INTO `sys_logininfor` VALUES (39, 'admin', '127.0.0.1', '内网IP', 'Chrome', 'Windows 10 or Windows Server 2016', '0', '退出成功', '2021-03-27 11:53:37');
INSERT INTO `sys_logininfor` VALUES (40, 'admin', '127.0.0.1', '内网IP', 'Chrome', 'Windows 10 or Windows Server 2016', '1', '用户不存在/密码错误', '2021-03-27 11:53:43');
INSERT INTO `sys_logininfor` VALUES (41, 'admin', '127.0.0.1', '内网IP', 'Chrome', 'Windows 10 or Windows Server 2016', '1', '用户不存在/密码错误', '2021-03-27 11:55:08');
INSERT INTO `sys_logininfor` VALUES (42, 'admin', '127.0.0.1', '内网IP', 'Chrome', 'Windows 10 or Windows Server 2016', '0', '登录成功', '2021-03-27 11:56:30');
INSERT INTO `sys_logininfor` VALUES (43, 'admin', '127.0.0.1', '内网IP', 'Chrome', 'Windows 10 or Windows Server 2016', '0', '退出成功', '2021-03-27 11:56:46');
INSERT INTO `sys_logininfor` VALUES (44, 'admin', '127.0.0.1', '内网IP', 'Chrome', 'Windows 10 or Windows Server 2016', '0', '登录成功', '2021-03-27 11:58:27');
INSERT INTO `sys_logininfor` VALUES (45, 'admin', '127.0.0.1', '内网IP', 'Chrome', 'Windows 10 or Windows Server 2016', '0', '退出成功', '2021-03-27 11:58:33');
INSERT INTO `sys_logininfor` VALUES (46, 'admin', '127.0.0.1', '内网IP', 'MSEdge', 'Windows 10 or Windows Server 2016', '0', '登录成功', '2021-03-27 12:01:58');
INSERT INTO `sys_logininfor` VALUES (47, 'admin', '127.0.0.1', '内网IP', 'MSEdge', 'Windows 10 or Windows Server 2016', '0', '退出成功', '2021-03-27 12:02:04');
INSERT INTO `sys_logininfor` VALUES (48, 'admin', '127.0.0.1', '内网IP', 'MSEdge', 'Windows 10 or Windows Server 2016', '0', '登录成功', '2021-03-27 12:02:19');
INSERT INTO `sys_logininfor` VALUES (49, 'admin', '127.0.0.1', '内网IP', 'MSEdge', 'Windows 10 or Windows Server 2016', '0', '退出成功', '2021-03-27 12:02:24');
INSERT INTO `sys_logininfor` VALUES (50, 'admin', '183.213.84.226', 'XX XX', 'Chrome', 'Windows 10 or Windows Server 2016', '0', '退出成功', '2021-03-27 12:09:41');
INSERT INTO `sys_logininfor` VALUES (51, 'admin', '183.213.84.226', 'XX XX', 'Chrome', 'Windows 10 or Windows Server 2016', '1', '用户不存在/密码错误', '2021-03-27 12:09:54');
INSERT INTO `sys_logininfor` VALUES (52, 'admin', '183.213.84.226', 'XX XX', 'Chrome', 'Windows 10 or Windows Server 2016', '1', '用户不存在/密码错误', '2021-03-27 12:10:08');
INSERT INTO `sys_logininfor` VALUES (53, 'admin', '183.213.84.226', 'XX XX', 'Chrome', 'Windows 10 or Windows Server 2016', '0', '登录成功', '2021-03-27 12:10:39');
INSERT INTO `sys_logininfor` VALUES (54, 'admin', '183.213.84.226', 'XX XX', 'Chrome', 'Windows 10 or Windows Server 2016', '0', '退出成功', '2021-03-27 12:10:45');
INSERT INTO `sys_logininfor` VALUES (55, 'admin', '183.213.84.226', 'XX XX', 'Chrome', 'Windows 10 or Windows Server 2016', '0', '登录成功', '2021-03-27 12:10:59');
INSERT INTO `sys_logininfor` VALUES (56, 'admin', '183.213.84.226', 'XX XX', 'Chrome', 'Windows 10 or Windows Server 2016', '0', '退出成功', '2021-03-27 12:11:04');
INSERT INTO `sys_logininfor` VALUES (57, 'admin', '183.213.84.226', 'XX XX', 'Chrome', 'Windows 10 or Windows Server 2016', '0', '登录成功', '2021-03-27 12:13:51');
INSERT INTO `sys_logininfor` VALUES (58, 'admin', '183.213.84.226', 'XX XX', 'Chrome', 'Windows 10 or Windows Server 2016', '0', '退出成功', '2021-03-27 12:13:57');
INSERT INTO `sys_logininfor` VALUES (59, 'admin', '183.213.84.226', 'XX XX', 'Chrome', 'Windows 10 or Windows Server 2016', '0', '登录成功', '2021-03-27 12:14:01');
INSERT INTO `sys_logininfor` VALUES (60, 'admin', '183.213.84.226', 'XX XX', 'MSEdge', 'Windows 10 or Windows Server 2016', '0', '登录成功', '2021-03-27 12:16:52');
INSERT INTO `sys_logininfor` VALUES (61, 'admin', '183.213.84.226', 'XX XX', 'Chrome', 'Windows 10 or Windows Server 2016', '0', '登录成功', '2021-03-27 14:24:11');
INSERT INTO `sys_logininfor` VALUES (62, 'admin', '127.0.0.1', '内网IP', 'Chrome', 'Windows 10 or Windows Server 2016', '0', '登录成功', '2021-03-27 15:01:22');
INSERT INTO `sys_logininfor` VALUES (63, 'admin', '127.0.0.1', '内网IP', 'Chrome', 'Windows 10 or Windows Server 2016', '0', '登录成功', '2021-03-27 15:10:54');
INSERT INTO `sys_logininfor` VALUES (64, 'admin', '127.0.0.1', '内网IP', 'Chrome', 'Windows 10 or Windows Server 2016', '0', '登录成功', '2021-03-27 15:11:17');
INSERT INTO `sys_logininfor` VALUES (65, 'admin', '127.0.0.1', '内网IP', 'Chrome', 'Windows 10 or Windows Server 2016', '0', '登录成功', '2021-03-27 15:12:51');
INSERT INTO `sys_logininfor` VALUES (66, 'admin', '183.213.84.226', 'XX XX', 'Chrome', 'Windows 10 or Windows Server 2016', '0', '登录成功', '2021-03-27 15:22:17');
INSERT INTO `sys_logininfor` VALUES (67, 'admin', '183.213.84.226', 'XX XX', 'Chrome', 'Windows 10 or Windows Server 2016', '0', '登录成功', '2021-03-27 15:30:23');
INSERT INTO `sys_logininfor` VALUES (68, 'admin', '183.213.84.226', 'XX XX', 'Chrome', 'Windows 10 or Windows Server 2016', '0', '退出成功', '2021-03-27 15:31:23');
INSERT INTO `sys_logininfor` VALUES (69, 'admin', '183.213.84.226', 'XX XX', 'Chrome', 'Windows 10 or Windows Server 2016', '1', '用户不存在/密码错误', '2021-03-27 15:31:30');
INSERT INTO `sys_logininfor` VALUES (70, 'admin', '183.213.84.226', 'XX XX', 'Chrome', 'Windows 10 or Windows Server 2016', '0', '登录成功', '2021-03-27 15:31:38');
INSERT INTO `sys_logininfor` VALUES (71, 'admin', '183.213.84.226', 'XX XX', 'Chrome', 'Windows 10 or Windows Server 2016', '0', '退出成功', '2021-03-27 15:31:43');
INSERT INTO `sys_logininfor` VALUES (72, 'admin', '183.213.84.226', 'XX XX', 'Chrome', 'Windows 10 or Windows Server 2016', '0', '登录成功', '2021-03-27 15:31:47');
INSERT INTO `sys_logininfor` VALUES (73, 'admin', '183.213.84.226', 'XX XX', 'Chrome', 'Windows 10 or Windows Server 2016', '0', '退出成功', '2021-03-27 15:41:32');
INSERT INTO `sys_logininfor` VALUES (74, 'admin', '183.213.84.226', 'XX XX', 'Chrome', 'Windows 10 or Windows Server 2016', '0', '登录成功', '2021-03-27 15:41:39');
INSERT INTO `sys_logininfor` VALUES (75, 'admin', '127.0.0.1', '内网IP', 'Chrome', 'Windows 10 or Windows Server 2016', '0', '登录成功', '2021-03-27 15:44:13');
INSERT INTO `sys_logininfor` VALUES (76, 'admin', '127.0.0.1', '内网IP', 'Chrome', 'Windows 10 or Windows Server 2016', '0', '退出成功', '2021-03-27 15:54:25');
INSERT INTO `sys_logininfor` VALUES (77, 'admin', '127.0.0.1', '内网IP', 'Chrome', 'Windows 10 or Windows Server 2016', '0', '登录成功', '2021-03-27 15:54:36');
INSERT INTO `sys_logininfor` VALUES (78, 'admin', '183.213.84.226', 'XX XX', 'Chrome', 'Windows 10 or Windows Server 2016', '0', '退出成功', '2021-03-27 16:02:55');
INSERT INTO `sys_logininfor` VALUES (79, 'admin', '183.213.84.226', 'XX XX', 'Chrome', 'Windows 10 or Windows Server 2016', '0', '登录成功', '2021-03-27 16:02:59');
INSERT INTO `sys_logininfor` VALUES (80, 'ry', '54.86.50.139', 'XX XX', 'Unknown', 'Unknown', '1', '验证码已失效', '2021-03-29 07:12:14');
INSERT INTO `sys_logininfor` VALUES (81, 'ry', '54.86.50.139', 'XX XX', 'Unknown', 'Unknown', '1', '验证码已失效', '2021-03-29 07:12:18');
INSERT INTO `sys_logininfor` VALUES (82, 'admin', '221.226.219.116', 'XX XX', 'Chrome', 'Windows 10 or Windows Server 2016', '1', '用户不存在/密码错误', '2021-03-29 07:13:44');
INSERT INTO `sys_logininfor` VALUES (83, 'admin', '221.226.219.116', 'XX XX', 'Chrome', 'Windows 10 or Windows Server 2016', '0', '登录成功', '2021-03-29 07:13:56');
INSERT INTO `sys_logininfor` VALUES (84, 'admin', '221.226.219.116', 'XX XX', 'Chrome', 'Windows 10 or Windows Server 2016', '0', '登录成功', '2021-03-29 07:17:48');
INSERT INTO `sys_logininfor` VALUES (85, 'admin', '221.226.219.116', 'XX XX', 'Chrome', 'Windows 10 or Windows Server 2016', '1', '验证码错误', '2021-03-31 05:24:41');
INSERT INTO `sys_logininfor` VALUES (86, 'admin', '221.226.219.116', 'XX XX', 'Chrome', 'Windows 10 or Windows Server 2016', '0', '登录成功', '2021-03-31 05:24:48');
INSERT INTO `sys_logininfor` VALUES (87, 'admin', '221.226.219.116', 'XX XX', 'Chrome', 'Windows 10 or Windows Server 2016', '0', '登录成功', '2021-03-31 05:27:56');
INSERT INTO `sys_logininfor` VALUES (88, 'admin', '221.226.219.116', 'XX XX', 'Chrome', 'Windows 10 or Windows Server 2016', '0', '登录成功', '2021-03-31 05:30:20');
INSERT INTO `sys_logininfor` VALUES (89, 'admin', '221.226.219.116', 'XX XX', 'Chrome', 'Windows 10 or Windows Server 2016', '0', '登录成功', '2021-03-31 05:38:34');
INSERT INTO `sys_logininfor` VALUES (90, 'admin', '223.104.150.91', 'XX XX', 'Chrome', 'Android', '0', '登录成功', '2021-03-31 09:02:49');
INSERT INTO `sys_logininfor` VALUES (91, 'admin', '221.226.219.116', 'XX XX', 'Chrome', 'Windows 10 or Windows Server 2016', '0', '登录成功', '2021-04-01 01:03:43');
INSERT INTO `sys_logininfor` VALUES (92, 'admin', '192.168.101.5', '内网IP', 'Chrome', 'Windows 10 or Windows Server 2016', '0', '登录成功', '2021-04-01 13:33:42');
INSERT INTO `sys_logininfor` VALUES (93, 'admin', '183.213.84.226', '江苏省 南京市', 'Chrome', 'Windows 10 or Windows Server 2016', '0', '登录成功', '2021-04-01 14:02:42');
INSERT INTO `sys_logininfor` VALUES (94, 'admin', '223.104.150.41', '江苏省 南京市', 'Chrome', 'Android', '0', '登录成功', '2021-04-02 00:07:36');
INSERT INTO `sys_logininfor` VALUES (95, 'admin', '221.226.219.116', '江苏省 南京市', 'Chrome', 'Windows 10 or Windows Server 2016', '0', '登录成功', '2021-04-02 01:07:27');
INSERT INTO `sys_logininfor` VALUES (96, 'admin', '221.226.219.116', '江苏省 南京市', 'Chrome', 'Windows 10 or Windows Server 2016', '0', '登录成功', '2021-04-02 01:13:42');
INSERT INTO `sys_logininfor` VALUES (97, 'admin', '223.104.150.41', '江苏省 南京市', 'Chrome', 'Android', '0', '登录成功', '2021-04-02 01:39:44');
INSERT INTO `sys_logininfor` VALUES (98, 'admin', '223.104.150.41', '江苏省 南京市', 'Chrome', 'Android', '0', '登录成功', '2021-04-02 01:39:50');
INSERT INTO `sys_logininfor` VALUES (99, 'admin', '221.226.219.116', '江苏省 南京市', 'Chrome', 'Windows 10 or Windows Server 2016', '0', '登录成功', '2021-04-08 09:04:42');
INSERT INTO `sys_logininfor` VALUES (100, 'admin', '183.213.84.226', '江苏省 南京市', 'MSEdge', 'Windows 10 or Windows Server 2016', '0', '登录成功', '2021-04-11 10:19:14');
INSERT INTO `sys_logininfor` VALUES (101, 'admin', '221.226.219.116', '江苏省 南京市', 'Chrome', 'Windows 10 or Windows Server 2016', '0', '登录成功', '2021-04-12 03:05:56');
INSERT INTO `sys_logininfor` VALUES (102, 'admin', '219.76.150.184', '香港 ', 'Chrome', 'Windows 10 or Windows Server 2016', '0', '登录成功', '2021-04-12 03:29:52');
INSERT INTO `sys_logininfor` VALUES (103, 'admin', '221.226.219.116', '江苏省 南京市', 'Chrome', 'Windows 10 or Windows Server 2016', '1', '验证码已失效', '2021-04-13 01:34:42');
INSERT INTO `sys_logininfor` VALUES (104, 'admin', '221.226.219.116', '江苏省 南京市', 'Chrome', 'Windows 10 or Windows Server 2016', '0', '登录成功', '2021-04-13 01:34:46');
INSERT INTO `sys_logininfor` VALUES (105, 'admin', '221.226.219.116', '江苏省 南京市', 'Chrome', 'Windows 10 or Windows Server 2016', '0', '退出成功', '2021-04-13 01:58:04');
INSERT INTO `sys_logininfor` VALUES (106, 'admin', '221.226.219.116', '江苏省 南京市', 'Chrome', 'Windows 10 or Windows Server 2016', '0', '登录成功', '2021-04-13 01:58:10');
INSERT INTO `sys_logininfor` VALUES (107, 'admin', '221.226.219.116', '江苏省 南京市', 'Chrome', 'Windows 10 or Windows Server 2016', '0', '登录成功', '2021-04-13 03:10:22');
INSERT INTO `sys_logininfor` VALUES (108, 'admin', '221.226.219.116', '江苏省 南京市', 'Chrome', 'Windows 10 or Windows Server 2016', '0', '退出成功', '2021-04-13 03:18:25');
INSERT INTO `sys_logininfor` VALUES (109, 'ry', '221.226.219.116', '江苏省 南京市', 'Chrome', 'Windows 10 or Windows Server 2016', '0', '登录成功', '2021-04-13 03:18:33');
INSERT INTO `sys_logininfor` VALUES (110, 'admin', '127.0.0.1', '内网IP', 'Chrome', 'Windows 10 or Windows Server 2016', '1', '用户不存在/密码错误', '2021-04-20 15:28:34');
INSERT INTO `sys_logininfor` VALUES (111, 'admin', '127.0.0.1', '内网IP', 'Chrome', 'Windows 10 or Windows Server 2016', '0', '登录成功', '2021-04-20 15:28:44');
INSERT INTO `sys_logininfor` VALUES (112, 'admin', '127.0.0.1', '内网IP', 'Chrome', 'Windows 10 or Windows Server 2016', '0', '登录成功', '2021-04-20 15:29:02');
INSERT INTO `sys_logininfor` VALUES (113, 'admin', '127.0.0.1', '内网IP', 'Chrome', 'Windows 10 or Windows Server 2016', '0', '登录成功', '2021-04-20 15:29:25');
INSERT INTO `sys_logininfor` VALUES (114, 'admin', '127.0.0.1', '内网IP', 'Chrome', 'Windows 10 or Windows Server 2016', '0', '登录成功', '2021-04-20 15:29:29');
INSERT INTO `sys_logininfor` VALUES (115, 'admin', '127.0.0.1', '内网IP', 'Chrome', 'Windows 10 or Windows Server 2016', '1', '用户不存在/密码错误', '2021-04-20 15:29:54');
INSERT INTO `sys_logininfor` VALUES (116, 'admin', '127.0.0.1', '内网IP', 'Chrome', 'Windows 10 or Windows Server 2016', '0', '登录成功', '2021-04-20 15:30:04');
INSERT INTO `sys_logininfor` VALUES (117, 'admin', '127.0.0.1', '内网IP', 'Chrome', 'Windows 10 or Windows Server 2016', '0', '登录成功', '2021-04-20 15:30:54');
INSERT INTO `sys_logininfor` VALUES (118, 'admin', '127.0.0.1', '内网IP', 'Chrome', 'Windows 10 or Windows Server 2016', '0', '登录成功', '2021-04-20 15:31:11');
INSERT INTO `sys_logininfor` VALUES (119, 'admin', '127.0.0.1', '内网IP', 'Chrome', 'Windows 10 or Windows Server 2016', '0', '登录成功', '2021-04-20 15:34:58');
INSERT INTO `sys_logininfor` VALUES (120, 'admin', '127.0.0.1', '内网IP', 'Chrome', 'Windows 10 or Windows Server 2016', '1', '用户不存在/密码错误', '2021-04-20 15:40:53');
INSERT INTO `sys_logininfor` VALUES (121, 'admin', '127.0.0.1', '内网IP', 'Chrome', 'Windows 10 or Windows Server 2016', '0', '登录成功', '2021-04-20 15:41:02');
INSERT INTO `sys_logininfor` VALUES (122, 'admin', '127.0.0.1', '内网IP', 'Chrome', 'Windows 10 or Windows Server 2016', '0', '登录成功', '2021-04-20 15:55:45');
INSERT INTO `sys_logininfor` VALUES (123, 'admin', '127.0.0.1', '内网IP', 'Chrome', 'Windows 10 or Windows Server 2016', '0', '登录成功', '2021-04-20 19:26:58');
INSERT INTO `sys_logininfor` VALUES (124, 'admin', '127.0.0.1', '内网IP', 'Chrome', 'Windows 10 or Windows Server 2016', '0', '退出成功', '2021-04-20 19:27:04');
INSERT INTO `sys_logininfor` VALUES (125, 'admin', '127.0.0.1', '内网IP', 'Chrome', 'Windows 10 or Windows Server 2016', '0', '登录成功', '2021-04-20 19:27:08');
INSERT INTO `sys_logininfor` VALUES (126, 'admin', '127.0.0.1', '内网IP', 'Chrome', 'Windows 10 or Windows Server 2016', '0', '登录成功', '2021-04-20 20:27:50');
INSERT INTO `sys_logininfor` VALUES (127, 'admin', '127.0.0.1', '内网IP', 'Chrome', 'Windows 10 or Windows Server 2016', '0', '登录成功', '2021-04-20 20:57:42');
INSERT INTO `sys_logininfor` VALUES (128, 'admin', '127.0.0.1', '内网IP', 'Chrome', 'Windows 10 or Windows Server 2016', '0', '登录成功', '2021-04-21 10:56:29');
INSERT INTO `sys_logininfor` VALUES (129, 'admin', '127.0.0.1', '内网IP', 'Chrome', 'Windows 10 or Windows Server 2016', '1', '验证码错误', NULL);
INSERT INTO `sys_logininfor` VALUES (130, 'admin', '127.0.0.1', '内网IP', 'Chrome', 'Windows 10 or Windows Server 2016', '0', '登录成功', NULL);
INSERT INTO `sys_logininfor` VALUES (131, 'admin', '127.0.0.1', '内网IP', 'Chrome', 'Windows 10 or Windows Server 2016', '1', '验证码已失效', NULL);
INSERT INTO `sys_logininfor` VALUES (132, 'admin', '127.0.0.1', '内网IP', 'Chrome', 'Windows 10 or Windows Server 2016', '0', '登录成功', NULL);
INSERT INTO `sys_logininfor` VALUES (133, 'admin', '127.0.0.1', '内网IP', 'Chrome', 'Windows 10 or Windows Server 2016', '0', '登录成功', NULL);

-- ----------------------------
-- Table structure for sys_menu
-- ----------------------------
DROP TABLE IF EXISTS `sys_menu`;
CREATE TABLE `sys_menu`  (
  `menu_id` bigint NOT NULL AUTO_INCREMENT COMMENT '菜单ID',
  `menu_name` varchar(50) CHARACTER SET utf8mb4 COLLATE utf8mb4_0900_ai_ci NOT NULL COMMENT '菜单名称',
  `parent_id` bigint NULL DEFAULT 0 COMMENT '父菜单ID',
  `order_num` int NULL DEFAULT 0 COMMENT '显示顺序',
  `path` varchar(200) CHARACTER SET utf8mb4 COLLATE utf8mb4_0900_ai_ci NULL DEFAULT '' COMMENT '路由地址',
  `component` varchar(255) CHARACTER SET utf8mb4 COLLATE utf8mb4_0900_ai_ci NULL DEFAULT NULL COMMENT '组件路径',
  `is_frame` int NULL DEFAULT 1 COMMENT '是否为外链（0是 1否）',
  `is_cache` int NULL DEFAULT 0 COMMENT '是否缓存（0缓存 1不缓存）',
  `menu_type` char(1) CHARACTER SET utf8mb4 COLLATE utf8mb4_0900_ai_ci NULL DEFAULT '' COMMENT '菜单类型（M目录 C菜单 F按钮）',
  `visible` char(1) CHARACTER SET utf8mb4 COLLATE utf8mb4_0900_ai_ci NULL DEFAULT '0' COMMENT '菜单状态（0显示 1隐藏）',
  `status` char(1) CHARACTER SET utf8mb4 COLLATE utf8mb4_0900_ai_ci NULL DEFAULT '0' COMMENT '菜单状态（0正常 1停用）',
  `perms` varchar(100) CHARACTER SET utf8mb4 COLLATE utf8mb4_0900_ai_ci NULL DEFAULT NULL COMMENT '权限标识',
  `icon` varchar(100) CHARACTER SET utf8mb4 COLLATE utf8mb4_0900_ai_ci NULL DEFAULT '#' COMMENT '菜单图标',
  `create_by` varchar(64) CHARACTER SET utf8mb4 COLLATE utf8mb4_0900_ai_ci NULL DEFAULT '' COMMENT '创建者',
  `create_time` datetime NULL DEFAULT NULL COMMENT '创建时间',
  `update_by` varchar(64) CHARACTER SET utf8mb4 COLLATE utf8mb4_0900_ai_ci NULL DEFAULT '' COMMENT '更新者',
  `update_time` datetime NULL DEFAULT NULL COMMENT '更新时间',
  `remark` varchar(500) CHARACTER SET utf8mb4 COLLATE utf8mb4_0900_ai_ci NULL DEFAULT '' COMMENT '备注',
  PRIMARY KEY (`menu_id`) USING BTREE
) ENGINE = InnoDB AUTO_INCREMENT = 2003 CHARACTER SET = utf8mb4 COLLATE = utf8mb4_0900_ai_ci COMMENT = '菜单权限表' ROW_FORMAT = DYNAMIC;

-- ----------------------------
-- Records of sys_menu
-- ----------------------------
INSERT INTO `sys_menu` VALUES (1, '系统管理', 0, 1, 'system', NULL, 1, 0, 'M', '0', '0', '', 'system', 'admin', '2021-03-12 12:56:06', '', NULL, '系统管理目录');
INSERT INTO `sys_menu` VALUES (2, '系统监控', 0, 2, 'monitor', NULL, 1, 0, 'M', '0', '0', '', 'monitor', 'admin', '2021-03-12 12:56:06', '', NULL, '系统监控目录');
INSERT INTO `sys_menu` VALUES (100, '用户管理', 1, 1, 'user', 'system/user/index', 1, 0, 'C', '0', '0', 'system:user:list', 'user', 'admin', '2021-03-12 12:56:06', '', NULL, '用户管理菜单');
INSERT INTO `sys_menu` VALUES (101, '角色管理', 1, 2, 'role', 'system/role/index', 1, 0, 'C', '0', '0', 'system:role:list', 'peoples', 'admin', '2021-03-12 12:56:06', '', NULL, '角色管理菜单');
INSERT INTO `sys_menu` VALUES (102, '菜单管理', 1, 3, 'menu', 'system/menu/index', 1, 0, 'C', '0', '0', 'system:menu:list', 'documentation', 'admin', '2021-03-12 12:56:06', 'admin', '2021-03-13 07:27:17', '菜单管理菜单');
INSERT INTO `sys_menu` VALUES (103, '学校管理', 1, 4, 'dept', 'system/dept/index', 1, 0, 'C', '0', '0', 'system:dept:list', 'tree', 'admin', '2021-03-12 12:56:06', 'admin', '2021-03-26 07:55:17', '部门管理菜单');
INSERT INTO `sys_menu` VALUES (104, '岗位管理', 1, 5, 'post', 'system/post/index', 1, 0, 'C', '0', '0', 'system:post:list', 'post', 'admin', '2021-03-12 12:56:06', '', NULL, '岗位管理菜单');
INSERT INTO `sys_menu` VALUES (105, '字典管理', 1, 6, 'dict', 'system/dict/index', 1, 0, 'C', '0', '0', 'system:dict:list', 'dict', 'admin', '2021-03-12 12:56:06', '', NULL, '字典管理菜单');
INSERT INTO `sys_menu` VALUES (106, '参数设置', 1, 7, 'config', 'system/config/index', 1, 0, 'C', '0', '0', 'system:config:list', 'edit', 'admin', '2021-03-12 12:56:06', '', NULL, '参数设置菜单');
INSERT INTO `sys_menu` VALUES (107, '通知公告', 1, 8, 'notice', 'system/notice/index', 1, 0, 'C', '0', '0', 'system:notice:list', 'message', 'admin', '2021-03-12 12:56:06', '', NULL, '通知公告菜单');
INSERT INTO `sys_menu` VALUES (108, '日志管理', 1, 9, 'log', '', 1, 0, 'M', '0', '0', '', 'log', 'admin', '2021-03-12 12:56:06', '', NULL, '日志管理菜单');
INSERT INTO `sys_menu` VALUES (109, '在线用户', 2, 1, 'online', 'monitor/online/index', 1, 0, 'C', '0', '0', 'monitor:online:list', 'online', 'admin', '2021-03-12 12:56:06', '', NULL, '在线用户菜单');
INSERT INTO `sys_menu` VALUES (110, '定时任务', 2, 2, 'job', 'monitor/job/index', 1, 0, 'C', '0', '0', 'monitor:job:list', 'job', 'admin', '2021-03-12 12:56:06', '', NULL, '定时任务菜单');
INSERT INTO `sys_menu` VALUES (111, '数据监控', 2, 3, 'druid', 'monitor/druid/index', 1, 0, 'C', '0', '0', 'monitor:druid:list', 'druid', 'admin', '2021-03-12 12:56:06', '', NULL, '数据监控菜单');
INSERT INTO `sys_menu` VALUES (112, '服务监控', 2, 4, 'server', 'monitor/server/index', 1, 0, 'C', '0', '0', 'monitor:server:list', 'server', 'admin', '2021-03-12 12:56:06', '', NULL, '服务监控菜单');
INSERT INTO `sys_menu` VALUES (113, '缓存监控', 2, 5, 'cache', 'monitor/cache/index', 1, 0, 'C', '0', '0', 'monitor:cache:list', 'redis', 'admin', '2021-03-12 12:56:06', '', NULL, '缓存监控菜单');
INSERT INTO `sys_menu` VALUES (500, '操作日志', 108, 1, 'operlog', 'monitor/operlog/index', 1, 0, 'C', '0', '0', 'monitor:operlog:list', 'form', 'admin', '2021-03-12 12:56:06', '', NULL, '操作日志菜单');
INSERT INTO `sys_menu` VALUES (501, '登录日志', 108, 2, 'logininfor', 'monitor/logininfor/index', 1, 0, 'C', '0', '0', 'monitor:logininfor:list', 'logininfor', 'admin', '2021-03-12 12:56:06', '', NULL, '登录日志菜单');
INSERT INTO `sys_menu` VALUES (1001, '用户查询', 100, 1, '', '', 1, 0, 'F', '0', '0', 'system:user:query', '#', 'admin', '2021-03-12 12:56:06', '', NULL, '');
INSERT INTO `sys_menu` VALUES (1002, '用户新增', 100, 2, '', '', 1, 0, 'F', '0', '0', 'system:user:add', '#', 'admin', '2021-03-12 12:56:06', '', NULL, '');
INSERT INTO `sys_menu` VALUES (1003, '用户修改', 100, 3, '', '', 1, 0, 'F', '0', '0', 'system:user:edit', '#', 'admin', '2021-03-12 12:56:06', '', NULL, '');
INSERT INTO `sys_menu` VALUES (1004, '用户删除', 100, 4, '', '', 1, 0, 'F', '0', '0', 'system:user:remove', '#', 'admin', '2021-03-12 12:56:06', '', NULL, '');
INSERT INTO `sys_menu` VALUES (1005, '用户导出', 100, 5, '', '', 1, 0, 'F', '0', '0', 'system:user:export', '#', 'admin', '2021-03-12 12:56:06', '', NULL, '');
INSERT INTO `sys_menu` VALUES (1006, '用户导入', 100, 6, '', '', 1, 0, 'F', '0', '0', 'system:user:import', '#', 'admin', '2021-03-12 12:56:06', '', NULL, '');
INSERT INTO `sys_menu` VALUES (1007, '重置密码', 100, 7, '', '', 1, 0, 'F', '0', '0', 'system:user:resetPwd', '#', 'admin', '2021-03-12 12:56:06', '', NULL, '');
INSERT INTO `sys_menu` VALUES (1008, '角色查询', 101, 1, '', '', 1, 0, 'F', '0', '0', 'system:role:query', '#', 'admin', '2021-03-12 12:56:06', '', NULL, '');
INSERT INTO `sys_menu` VALUES (1009, '角色新增', 101, 2, '', '', 1, 0, 'F', '0', '0', 'system:role:add', '#', 'admin', '2021-03-12 12:56:06', '', NULL, '');
INSERT INTO `sys_menu` VALUES (1010, '角色修改', 101, 3, '', '', 1, 0, 'F', '0', '0', 'system:role:edit', '#', 'admin', '2021-03-12 12:56:06', '', NULL, '');
INSERT INTO `sys_menu` VALUES (1011, '角色删除', 101, 4, '', '', 1, 0, 'F', '0', '0', 'system:role:remove', '#', 'admin', '2021-03-12 12:56:06', '', NULL, '');
INSERT INTO `sys_menu` VALUES (1012, '角色导出', 101, 5, '', '', 1, 0, 'F', '0', '0', 'system:role:export', '#', 'admin', '2021-03-12 12:56:06', '', NULL, '');
INSERT INTO `sys_menu` VALUES (1013, '菜单查询', 102, 1, '', '', 1, 0, 'F', '0', '0', 'system:menu:query', '#', 'admin', '2021-03-12 12:56:06', '', NULL, '');
INSERT INTO `sys_menu` VALUES (1014, '菜单新增', 102, 2, '', '', 1, 0, 'F', '0', '0', 'system:menu:add', '#', 'admin', '2021-03-12 12:56:06', '', NULL, '');
INSERT INTO `sys_menu` VALUES (1015, '菜单修改', 102, 3, '', '', 1, 0, 'F', '0', '0', 'system:menu:edit', '#', 'admin', '2021-03-12 12:56:06', '', NULL, '');
INSERT INTO `sys_menu` VALUES (1016, '菜单删除', 102, 4, '', '', 1, 0, 'F', '0', '0', 'system:menu:remove', '#', 'admin', '2021-03-12 12:56:06', '', NULL, '');
INSERT INTO `sys_menu` VALUES (1017, '部门查询', 103, 1, '', '', 1, 0, 'F', '0', '0', 'system:dept:query', '#', 'admin', '2021-03-12 12:56:06', '', NULL, '');
INSERT INTO `sys_menu` VALUES (1018, '部门新增', 103, 2, '', '', 1, 0, 'F', '0', '0', 'system:dept:add', '#', 'admin', '2021-03-12 12:56:06', '', NULL, '');
INSERT INTO `sys_menu` VALUES (1019, '部门修改', 103, 3, '', '', 1, 0, 'F', '0', '0', 'system:dept:edit', '#', 'admin', '2021-03-12 12:56:06', '', NULL, '');
INSERT INTO `sys_menu` VALUES (1020, '部门删除', 103, 4, '', '', 1, 0, 'F', '0', '0', 'system:dept:remove', '#', 'admin', '2021-03-12 12:56:06', '', NULL, '');
INSERT INTO `sys_menu` VALUES (1021, '岗位查询', 104, 1, '', '', 1, 0, 'F', '0', '0', 'system:post:query', '#', 'admin', '2021-03-12 12:56:06', '', NULL, '');
INSERT INTO `sys_menu` VALUES (1022, '岗位新增', 104, 2, '', '', 1, 0, 'F', '0', '0', 'system:post:add', '#', 'admin', '2021-03-12 12:56:06', '', NULL, '');
INSERT INTO `sys_menu` VALUES (1023, '岗位修改', 104, 3, '', '', 1, 0, 'F', '0', '0', 'system:post:edit', '#', 'admin', '2021-03-12 12:56:06', '', NULL, '');
INSERT INTO `sys_menu` VALUES (1024, '岗位删除', 104, 4, '', '', 1, 0, 'F', '0', '0', 'system:post:remove', '#', 'admin', '2021-03-12 12:56:06', '', NULL, '');
INSERT INTO `sys_menu` VALUES (1025, '岗位导出', 104, 5, '', '', 1, 0, 'F', '0', '0', 'system:post:export', '#', 'admin', '2021-03-12 12:56:06', '', NULL, '');
INSERT INTO `sys_menu` VALUES (1026, '字典查询', 105, 1, '#', '', 1, 0, 'F', '0', '0', 'system:dict:query', '#', 'admin', '2021-03-12 12:56:06', '', NULL, '');
INSERT INTO `sys_menu` VALUES (1027, '字典新增', 105, 2, '#', '', 1, 0, 'F', '0', '0', 'system:dict:add', '#', 'admin', '2021-03-12 12:56:06', '', NULL, '');
INSERT INTO `sys_menu` VALUES (1028, '字典修改', 105, 3, '#', '', 1, 0, 'F', '0', '0', 'system:dict:edit', '#', 'admin', '2021-03-12 12:56:06', '', NULL, '');
INSERT INTO `sys_menu` VALUES (1029, '字典删除', 105, 4, '#', '', 1, 0, 'F', '0', '0', 'system:dict:remove', '#', 'admin', '2021-03-12 12:56:06', '', NULL, '');
INSERT INTO `sys_menu` VALUES (1030, '字典导出', 105, 5, '#', '', 1, 0, 'F', '0', '0', 'system:dict:export', '#', 'admin', '2021-03-12 12:56:06', '', NULL, '');
INSERT INTO `sys_menu` VALUES (1031, '参数查询', 106, 1, '#', '', 1, 0, 'F', '0', '0', 'system:config:query', '#', 'admin', '2021-03-12 12:56:06', '', NULL, '');
INSERT INTO `sys_menu` VALUES (1032, '参数新增', 106, 2, '#', '', 1, 0, 'F', '0', '0', 'system:config:add', '#', 'admin', '2021-03-12 12:56:06', '', NULL, '');
INSERT INTO `sys_menu` VALUES (1033, '参数修改', 106, 3, '#', '', 1, 0, 'F', '0', '0', 'system:config:edit', '#', 'admin', '2021-03-12 12:56:06', '', NULL, '');
INSERT INTO `sys_menu` VALUES (1034, '参数删除', 106, 4, '#', '', 1, 0, 'F', '0', '0', 'system:config:remove', '#', 'admin', '2021-03-12 12:56:06', '', NULL, '');
INSERT INTO `sys_menu` VALUES (1035, '参数导出', 106, 5, '#', '', 1, 0, 'F', '0', '0', 'system:config:export', '#', 'admin', '2021-03-12 12:56:06', '', NULL, '');
INSERT INTO `sys_menu` VALUES (1036, '公告查询', 107, 1, '#', '', 1, 0, 'F', '0', '0', 'system:notice:query', '#', 'admin', '2021-03-12 12:56:06', '', NULL, '');
INSERT INTO `sys_menu` VALUES (1037, '公告新增', 107, 2, '#', '', 1, 0, 'F', '0', '0', 'system:notice:add', '#', 'admin', '2021-03-12 12:56:06', '', NULL, '');
INSERT INTO `sys_menu` VALUES (1038, '公告修改', 107, 3, '#', '', 1, 0, 'F', '0', '0', 'system:notice:edit', '#', 'admin', '2021-03-12 12:56:06', '', NULL, '');
INSERT INTO `sys_menu` VALUES (1039, '公告删除', 107, 4, '#', '', 1, 0, 'F', '0', '0', 'system:notice:remove', '#', 'admin', '2021-03-12 12:56:06', '', NULL, '');
INSERT INTO `sys_menu` VALUES (1040, '操作查询', 500, 1, '#', '', 1, 0, 'F', '0', '0', 'monitor:operlog:query', '#', 'admin', '2021-03-12 12:56:06', '', NULL, '');
INSERT INTO `sys_menu` VALUES (1041, '操作删除', 500, 2, '#', '', 1, 0, 'F', '0', '0', 'monitor:operlog:remove', '#', 'admin', '2021-03-12 12:56:06', '', NULL, '');
INSERT INTO `sys_menu` VALUES (1042, '日志导出', 500, 4, '#', '', 1, 0, 'F', '0', '0', 'monitor:operlog:export', '#', 'admin', '2021-03-12 12:56:06', '', NULL, '');
INSERT INTO `sys_menu` VALUES (1043, '登录查询', 501, 1, '#', '', 1, 0, 'F', '0', '0', 'monitor:logininfor:query', '#', 'admin', '2021-03-12 12:56:06', '', NULL, '');
INSERT INTO `sys_menu` VALUES (1044, '登录删除', 501, 2, '#', '', 1, 0, 'F', '0', '0', 'monitor:logininfor:remove', '#', 'admin', '2021-03-12 12:56:06', '', NULL, '');
INSERT INTO `sys_menu` VALUES (1045, '日志导出', 501, 3, '#', '', 1, 0, 'F', '0', '0', 'monitor:logininfor:export', '#', 'admin', '2021-03-12 12:56:06', '', NULL, '');
INSERT INTO `sys_menu` VALUES (1046, '在线查询', 109, 1, '#', '', 1, 0, 'F', '0', '0', 'monitor:online:query', '#', 'admin', '2021-03-12 12:56:06', '', NULL, '');
INSERT INTO `sys_menu` VALUES (1047, '批量强退', 109, 2, '#', '', 1, 0, 'F', '0', '0', 'monitor:online:batchLogout', '#', 'admin', '2021-03-12 12:56:06', '', NULL, '');
INSERT INTO `sys_menu` VALUES (1048, '单条强退', 109, 3, '#', '', 1, 0, 'F', '0', '0', 'monitor:online:forceLogout', '#', 'admin', '2021-03-12 12:56:06', '', NULL, '');
INSERT INTO `sys_menu` VALUES (1049, '任务查询', 110, 1, '#', '', 1, 0, 'F', '0', '0', 'monitor:job:query', '#', 'admin', '2021-03-12 12:56:06', '', NULL, '');
INSERT INTO `sys_menu` VALUES (1050, '任务新增', 110, 2, '#', '', 1, 0, 'F', '0', '0', 'monitor:job:add', '#', 'admin', '2021-03-12 12:56:06', '', NULL, '');
INSERT INTO `sys_menu` VALUES (1051, '任务修改', 110, 3, '#', '', 1, 0, 'F', '0', '0', 'monitor:job:edit', '#', 'admin', '2021-03-12 12:56:06', '', NULL, '');
INSERT INTO `sys_menu` VALUES (1052, '任务删除', 110, 4, '#', '', 1, 0, 'F', '0', '0', 'monitor:job:remove', '#', 'admin', '2021-03-12 12:56:06', '', NULL, '');
INSERT INTO `sys_menu` VALUES (1053, '状态修改', 110, 5, '#', '', 1, 0, 'F', '0', '0', 'monitor:job:changeStatus', '#', 'admin', '2021-03-12 12:56:06', '', NULL, '');
INSERT INTO `sys_menu` VALUES (1054, '任务导出', 110, 7, '#', '', 1, 0, 'F', '0', '0', 'monitor:job:export', '#', 'admin', '2021-03-12 12:56:06', '', NULL, '');
INSERT INTO `sys_menu` VALUES (2000, '微信管理', 0, 3, 'wechat', NULL, 1, 0, 'M', '0', '0', '', 'wechat', 'admin', '2021-03-20 13:10:47', 'admin', '2021-04-13 03:11:14', '');
INSERT INTO `sys_menu` VALUES (2001, '用户管理', 2000, 1, 'wx', '', 1, 0, 'C', '0', '0', 'wechat:user:list', 'user', 'admin', '2021-03-20 14:24:48', 'admin', '2021-04-20 16:40:27', '');

-- ----------------------------
-- Table structure for sys_notice
-- ----------------------------
DROP TABLE IF EXISTS `sys_notice`;
CREATE TABLE `sys_notice`  (
  `notice_id` int NOT NULL AUTO_INCREMENT COMMENT '公告ID',
  `notice_title` varchar(50) CHARACTER SET utf8mb4 COLLATE utf8mb4_0900_ai_ci NOT NULL COMMENT '公告标题',
  `notice_type` char(1) CHARACTER SET utf8mb4 COLLATE utf8mb4_0900_ai_ci NOT NULL COMMENT '公告类型（1通知 2公告）',
  `notice_content` longblob NULL COMMENT '公告内容',
  `status` char(1) CHARACTER SET utf8mb4 COLLATE utf8mb4_0900_ai_ci NULL DEFAULT '0' COMMENT '公告状态（0正常 1关闭）',
  `create_by` varchar(64) CHARACTER SET utf8mb4 COLLATE utf8mb4_0900_ai_ci NULL DEFAULT '' COMMENT '创建者',
  `create_time` datetime NULL DEFAULT NULL COMMENT '创建时间',
  `update_by` varchar(64) CHARACTER SET utf8mb4 COLLATE utf8mb4_0900_ai_ci NULL DEFAULT '' COMMENT '更新者',
  `update_time` datetime NULL DEFAULT NULL COMMENT '更新时间',
  `remark` varchar(255) CHARACTER SET utf8mb4 COLLATE utf8mb4_0900_ai_ci NULL DEFAULT NULL COMMENT '备注',
  PRIMARY KEY (`notice_id`) USING BTREE
) ENGINE = InnoDB AUTO_INCREMENT = 13 CHARACTER SET = utf8mb4 COLLATE = utf8mb4_0900_ai_ci COMMENT = '通知公告表' ROW_FORMAT = DYNAMIC;

-- ----------------------------
-- Records of sys_notice
-- ----------------------------
INSERT INTO `sys_notice` VALUES (11, '第三方', '2', 0xE6898BE58AA8E99880E6898BE58AA8E998800A, '0', 'admin', '2021-04-13 03:16:30', '', NULL, NULL);
INSERT INTO `sys_notice` VALUES (12, 'asd', '2', 0x61736461736461730A, '0', 'admin', '2021-04-21 15:13:56', '', '2021-04-21 15:13:56', NULL);

-- ----------------------------
-- Table structure for sys_oper_log
-- ----------------------------
DROP TABLE IF EXISTS `sys_oper_log`;
CREATE TABLE `sys_oper_log`  (
  `oper_id` bigint NOT NULL AUTO_INCREMENT COMMENT '日志主键',
  `title` varchar(50) CHARACTER SET utf8mb4 COLLATE utf8mb4_0900_ai_ci NULL DEFAULT '' COMMENT '模块标题',
  `business_type` int NULL DEFAULT 0 COMMENT '业务类型（0其它 1新增 2修改 3删除）',
  `method` varchar(100) CHARACTER SET utf8mb4 COLLATE utf8mb4_0900_ai_ci NULL DEFAULT '' COMMENT '方法名称',
  `request_method` varchar(10) CHARACTER SET utf8mb4 COLLATE utf8mb4_0900_ai_ci NULL DEFAULT '' COMMENT '请求方式',
  `operator_type` int NULL DEFAULT 0 COMMENT '操作类别（0其它 1后台用户 2手机端用户）',
  `oper_name` varchar(50) CHARACTER SET utf8mb4 COLLATE utf8mb4_0900_ai_ci NULL DEFAULT '' COMMENT '操作人员',
  `dept_name` varchar(50) CHARACTER SET utf8mb4 COLLATE utf8mb4_0900_ai_ci NULL DEFAULT '' COMMENT '部门名称',
  `oper_url` varchar(255) CHARACTER SET utf8mb4 COLLATE utf8mb4_0900_ai_ci NULL DEFAULT '' COMMENT '请求URL',
  `oper_ip` varchar(128) CHARACTER SET utf8mb4 COLLATE utf8mb4_0900_ai_ci NULL DEFAULT '' COMMENT '主机地址',
  `oper_location` varchar(255) CHARACTER SET utf8mb4 COLLATE utf8mb4_0900_ai_ci NULL DEFAULT '' COMMENT '操作地点',
  `oper_param` varchar(2000) CHARACTER SET utf8mb4 COLLATE utf8mb4_0900_ai_ci NULL DEFAULT '' COMMENT '请求参数',
  `json_result` varchar(2000) CHARACTER SET utf8mb4 COLLATE utf8mb4_0900_ai_ci NULL DEFAULT '' COMMENT '返回参数',
  `status` int NULL DEFAULT 0 COMMENT '操作状态（0正常 1异常）',
  `error_msg` varchar(2000) CHARACTER SET utf8mb4 COLLATE utf8mb4_0900_ai_ci NULL DEFAULT '' COMMENT '错误消息',
  `oper_time` datetime NULL DEFAULT NULL COMMENT '操作时间',
  PRIMARY KEY (`oper_id`) USING BTREE
) ENGINE = InnoDB AUTO_INCREMENT = 296 CHARACTER SET = utf8mb4 COLLATE = utf8mb4_0900_ai_ci COMMENT = '操作日志记录' ROW_FORMAT = DYNAMIC;

-- ----------------------------
-- Records of sys_oper_log
-- ----------------------------
INSERT INTO `sys_oper_log` VALUES (1, '操作日志', 9, 'com.healthplatform.web.controller.monitor.SysOperlogController.clean()', 'DELETE', 1, 'admin', NULL, '/monitor/operlog/clean', '221.226.219.116', 'XX XX', '{}', '{\"msg\":\"操作成功\",\"code\":200}', 0, NULL, '2021-03-25 09:18:14');
INSERT INTO `sys_oper_log` VALUES (2, '在线用户', 7, 'com.healthplatform.web.controller.monitor.SysUserOnlineController.forceLogout()', 'DELETE', 1, NULL, NULL, '/monitor/online/86d0219f-88ff-4c83-bb27-2259cd552260', '221.226.219.116', 'XX XX', '{tokenId=86d0219f-88ff-4c83-bb27-2259cd552260}', '{\"msg\":\"操作成功\",\"code\":200}', 0, NULL, '2021-03-26 04:16:51');
INSERT INTO `sys_oper_log` VALUES (3, '用户管理', 1, 'com.healthplatform.web.controller.system.SysUserController.add()', 'POST', 1, 'admin', NULL, '/system/user', '221.226.219.116', 'XX XX', '{\"phonenumber\":\"15252114322\",\"admin\":false,\"password\":\"123456\",\"postIds\":[1],\"email\":\"15252114322@163.com\",\"nickName\":\"老魔\",\"sex\":\"0\",\"deptId\":100,\"params\":{},\"userName\":\"laomo\",\"roleIds\":[2],\"status\":\"0\"}', '{\"msg\":\"新增用户\'laomo\'失败，手机号码已存在\",\"code\":500}', 0, NULL, '2021-03-26 07:44:16');
INSERT INTO `sys_oper_log` VALUES (4, '用户管理', 1, 'com.healthplatform.web.controller.system.SysUserController.add()', 'POST', 1, 'admin', NULL, '/system/user', '221.226.219.116', 'XX XX', '{\"phonenumber\":\"15252114323\",\"admin\":false,\"password\":\"123456\",\"postIds\":[1],\"email\":\"15252114322@163.com\",\"nickName\":\"老魔\",\"sex\":\"0\",\"deptId\":100,\"params\":{},\"userName\":\"laomo\",\"roleIds\":[2],\"status\":\"0\"}', '{\"msg\":\"新增用户\'laomo\'失败，邮箱账号已存在\",\"code\":500}', 0, NULL, '2021-03-26 07:44:24');
INSERT INTO `sys_oper_log` VALUES (5, '用户管理', 1, 'com.healthplatform.web.controller.system.SysUserController.add()', 'POST', 1, 'admin', NULL, '/system/user', '221.226.219.116', 'XX XX', '{\"phonenumber\":\"15252114323\",\"admin\":false,\"password\":\"$2a$10$vpBMIw1I1RjULUAzj135CO89AVM1IwWuH2IPU6hnPKh7qL15v3q6y\",\"postIds\":[1],\"email\":\"15252114323@163.com\",\"nickName\":\"老魔\",\"sex\":\"0\",\"deptId\":100,\"params\":{},\"userName\":\"laomo\",\"userId\":100,\"createBy\":\"admin\",\"roleIds\":[2],\"status\":\"0\"}', '{\"msg\":\"操作成功\",\"code\":200}', 0, NULL, '2021-03-26 07:44:31');
INSERT INTO `sys_oper_log` VALUES (6, '用户管理', 2, 'com.healthplatform.web.controller.system.SysUserController.edit()', 'PUT', 1, 'admin', NULL, '/system/user', '221.226.219.116', 'XX XX', '{\"roles\":[{\"flag\":false,\"roleId\":1,\"admin\":true,\"dataScope\":\"1\",\"params\":{},\"roleSort\":\"1\",\"deptCheckStrictly\":false,\"menuCheckStrictly\":false,\"roleKey\":\"admin\",\"roleName\":\"超级管理员\",\"status\":\"0\"}],\"phonenumber\":\"15252114322\",\"admin\":true,\"loginDate\":1615524965000,\"remark\":\"管理员\",\"delFlag\":\"0\",\"password\":\"\",\"postIds\":[1],\"loginIp\":\"127.0.0.1\",\"email\":\"15252114322@163.com\",\"nickName\":\"老魔\",\"sex\":\"0\",\"deptId\":103,\"avatar\":\"/profile/avatar/2021/03/25/cf6d8686-e239-4caf-92fa-12f2bd8217f5.jpeg\",\"dept\":{\"deptName\":\"研发部门\",\"leader\":\"若依\",\"deptId\":103,\"orderNum\":\"1\",\"params\":{},\"parentId\":101,\"children\":[],\"status\":\"1\"},\"params\":{},\"userName\":\"admin\",\"userId\":1,\"createBy\":\"admin\",\"roleIds\":[2],\"createTime\":1615524965000,\"status\":\"0\"}', 'null', 1, '不允许操作超级管理员用户', '2021-03-26 07:45:03');
INSERT INTO `sys_oper_log` VALUES (7, '角色管理', 2, 'com.healthplatform.web.controller.system.SysRoleController.edit()', 'PUT', 1, 'admin', NULL, '/system/role', '221.226.219.116', 'XX XX', '{\"flag\":false,\"roleId\":2,\"admin\":false,\"remark\":\"普通角色\",\"dataScope\":\"2\",\"delFlag\":\"0\",\"params\":{},\"roleSort\":\"2\",\"deptCheckStrictly\":true,\"createTime\":1615524966000,\"updateBy\":\"admin\",\"menuCheckStrictly\":true,\"roleKey\":\"common\",\"roleName\":\"普通角色\",\"menuIds\":[2001,2000,1,100,1001,1002,1003,1004,1005,1006,1007,101,1008,1009,1010,1011,1012,102,1013,1014,1015,1016,103,1017,1018,1019,1020,104,1021,1022,1023,1024,1025,105,1026,1027,1028,1029,1030,106,1031,1032,1033,1034,1035,107,1036,1037,1038,1039,108,500,1040,1041,1042,501,1043,1044,1045],\"status\":\"0\"}', '{\"msg\":\"操作成功\",\"code\":200}', 0, NULL, '2021-03-26 07:45:35');
INSERT INTO `sys_oper_log` VALUES (8, '角色管理', 2, 'com.healthplatform.web.controller.system.SysRoleController.edit()', 'PUT', 1, 'admin', NULL, '/system/role', '221.226.219.116', 'XX XX', '{\"flag\":false,\"roleId\":2,\"admin\":false,\"remark\":\"普通角色\",\"dataScope\":\"2\",\"delFlag\":\"0\",\"params\":{},\"roleSort\":\"2\",\"deptCheckStrictly\":true,\"createTime\":1615524966000,\"updateBy\":\"admin\",\"menuCheckStrictly\":true,\"roleKey\":\"common\",\"roleName\":\"普通角色\",\"menuIds\":[2001,2000],\"status\":\"0\"}', '{\"msg\":\"操作成功\",\"code\":200}', 0, NULL, '2021-03-26 07:45:46');
INSERT INTO `sys_oper_log` VALUES (9, '部门管理', 2, 'com.healthplatform.web.controller.system.SysDeptController.edit()', 'PUT', 1, 'admin', NULL, '/system/dept', '221.226.219.116', 'XX XX', '{\"deptName\":\"中国矿业大学徐海学院\",\"leader\":\"老魔\",\"deptId\":100,\"orderNum\":\"0\",\"delFlag\":\"0\",\"params\":{},\"parentId\":0,\"createBy\":\"admin\",\"children\":[],\"createTime\":1615524965000,\"phone\":\"15252114322\",\"updateBy\":\"admin\",\"ancestors\":\"0\",\"email\":\"15252114322@163.com\",\"status\":\"0\"}', '{\"msg\":\"操作成功\",\"code\":200}', 0, NULL, '2021-03-26 07:52:06');
INSERT INTO `sys_oper_log` VALUES (10, '岗位管理', 1, 'com.healthplatform.web.controller.system.SysPostController.add()', 'POST', 1, 'admin', NULL, '/system/post', '221.226.219.116', 'XX XX', '{\"postSort\":\"5\",\"flag\":false,\"postId\":5,\"params\":{},\"createBy\":\"admin\",\"postName\":\"学生\",\"postCode\":\"student\",\"status\":\"0\"}', '{\"msg\":\"操作成功\",\"code\":200}', 0, NULL, '2021-03-26 07:53:32');
INSERT INTO `sys_oper_log` VALUES (11, '岗位管理', 1, 'com.healthplatform.web.controller.system.SysPostController.add()', 'POST', 1, 'admin', NULL, '/system/post', '221.226.219.116', 'XX XX', '{\"postSort\":\"6\",\"flag\":false,\"postId\":6,\"params\":{},\"createBy\":\"admin\",\"postName\":\"老师\",\"postCode\":\"teacher\",\"status\":\"0\"}', '{\"msg\":\"操作成功\",\"code\":200}', 0, NULL, '2021-03-26 07:53:54');
INSERT INTO `sys_oper_log` VALUES (12, '菜单管理', 2, 'com.healthplatform.web.controller.system.SysMenuController.edit()', 'PUT', 1, 'admin', NULL, '/system/menu', '221.226.219.116', 'XX XX', '{\"visible\":\"0\",\"icon\":\"tree\",\"orderNum\":\"4\",\"menuName\":\"学校管理\",\"params\":{},\"parentId\":1,\"isCache\":\"0\",\"path\":\"dept\",\"component\":\"system/dept/index\",\"children\":[],\"createTime\":1615524966000,\"updateBy\":\"admin\",\"isFrame\":\"1\",\"menuId\":103,\"menuType\":\"C\",\"perms\":\"system:dept:list\",\"status\":\"0\"}', '{\"msg\":\"操作成功\",\"code\":200}', 0, NULL, '2021-03-26 07:55:17');
INSERT INTO `sys_oper_log` VALUES (13, '部门管理', 2, 'com.healthplatform.web.controller.system.SysDeptController.edit()', 'PUT', 1, 'admin', NULL, '/system/dept', '221.226.219.116', 'XX XX', '{\"deptName\":\"计算机系\",\"leader\":\"老魔\",\"deptId\":101,\"orderNum\":\"1\",\"delFlag\":\"0\",\"params\":{},\"parentId\":100,\"createBy\":\"admin\",\"children\":[],\"createTime\":1615524965000,\"phone\":\"15888888888\",\"updateBy\":\"admin\",\"ancestors\":\"0,100\",\"email\":\"ry@qq.com\",\"status\":\"0\"}', '{\"msg\":\"操作成功\",\"code\":200}', 0, NULL, '2021-03-26 07:56:28');
INSERT INTO `sys_oper_log` VALUES (14, '部门管理', 2, 'com.healthplatform.web.controller.system.SysDeptController.edit()', 'PUT', 1, 'admin', NULL, '/system/dept', '221.226.219.116', 'XX XX', '{\"deptName\":\"金融系\",\"leader\":\"若依\",\"deptId\":102,\"orderNum\":\"2\",\"delFlag\":\"0\",\"params\":{},\"parentId\":100,\"createBy\":\"admin\",\"children\":[],\"createTime\":1615524965000,\"phone\":\"15888888888\",\"updateBy\":\"admin\",\"ancestors\":\"0,100\",\"email\":\"ry@qq.com\",\"status\":\"0\"}', '{\"msg\":\"操作成功\",\"code\":200}', 0, NULL, '2021-03-26 07:56:59');
INSERT INTO `sys_oper_log` VALUES (15, '部门管理', 2, 'com.healthplatform.web.controller.system.SysDeptController.edit()', 'PUT', 1, 'admin', NULL, '/system/dept', '221.226.219.116', 'XX XX', '{\"deptName\":\"研发部门\",\"leader\":\"若依\",\"deptId\":103,\"orderNum\":\"1\",\"delFlag\":\"0\",\"params\":{},\"parentId\":101,\"createBy\":\"admin\",\"children\":[],\"createTime\":1615524965000,\"phone\":\"15888888888\",\"updateBy\":\"admin\",\"ancestors\":\"0,100,101\",\"email\":\"ry@qq.com\",\"status\":\"0\"}', '{\"msg\":\"操作成功\",\"code\":200}', 0, NULL, '2021-03-26 07:57:09');
INSERT INTO `sys_oper_log` VALUES (16, '部门管理', 2, 'com.healthplatform.web.controller.system.SysDeptController.edit()', 'PUT', 1, 'admin', NULL, '/system/dept', '221.226.219.116', 'XX XX', '{\"deptName\":\"2017\",\"leader\":\"若依\",\"deptId\":103,\"orderNum\":\"1\",\"delFlag\":\"0\",\"params\":{},\"parentId\":101,\"createBy\":\"admin\",\"children\":[],\"createTime\":1615524965000,\"phone\":\"15888888888\",\"updateBy\":\"admin\",\"ancestors\":\"0,100,101\",\"email\":\"ry@qq.com\",\"status\":\"0\"}', '{\"msg\":\"操作成功\",\"code\":200}', 0, NULL, '2021-03-26 07:57:33');
INSERT INTO `sys_oper_log` VALUES (17, '部门管理', 1, 'com.healthplatform.web.controller.system.SysDeptController.add()', 'POST', 1, 'admin', NULL, '/system/dept', '221.226.219.116', 'XX XX', '{\"deptName\":\"1班\",\"orderNum\":\"0\",\"params\":{},\"parentId\":103,\"createBy\":\"admin\",\"children\":[],\"ancestors\":\"0,100,101,103\",\"status\":\"0\"}', '{\"msg\":\"操作成功\",\"code\":200}', 0, NULL, '2021-03-26 07:58:24');
INSERT INTO `sys_oper_log` VALUES (18, '部门管理', 1, 'com.healthplatform.web.controller.system.SysDeptController.add()', 'POST', 1, 'admin', NULL, '/system/dept', '221.226.219.116', 'XX XX', '{\"deptName\":\"2班\",\"orderNum\":\"0\",\"params\":{},\"parentId\":103,\"createBy\":\"admin\",\"children\":[],\"ancestors\":\"0,100,101,103\",\"status\":\"0\"}', '{\"msg\":\"操作成功\",\"code\":200}', 0, NULL, '2021-03-26 07:58:33');
INSERT INTO `sys_oper_log` VALUES (19, '部门管理', 2, 'com.healthplatform.web.controller.system.SysDeptController.edit()', 'PUT', 1, 'admin', NULL, '/system/dept', '221.226.219.116', 'XX XX', '{\"deptName\":\"2018\",\"leader\":\"若依\",\"deptId\":104,\"orderNum\":\"2\",\"delFlag\":\"0\",\"params\":{},\"parentId\":101,\"createBy\":\"admin\",\"children\":[],\"createTime\":1615524965000,\"phone\":\"15888888888\",\"updateBy\":\"admin\",\"ancestors\":\"0,100,101\",\"email\":\"ry@qq.com\",\"status\":\"0\"}', '{\"msg\":\"操作成功\",\"code\":200}', 0, NULL, '2021-03-26 07:58:49');
INSERT INTO `sys_oper_log` VALUES (20, '部门管理', 2, 'com.healthplatform.web.controller.system.SysDeptController.edit()', 'PUT', 1, 'admin', NULL, '/system/dept', '221.226.219.116', 'XX XX', '{\"deptName\":\"2019\",\"leader\":\"若依\",\"deptId\":105,\"orderNum\":\"3\",\"delFlag\":\"0\",\"params\":{},\"parentId\":101,\"createBy\":\"admin\",\"children\":[],\"createTime\":1615524965000,\"phone\":\"15888888888\",\"updateBy\":\"admin\",\"ancestors\":\"0,100,101\",\"email\":\"ry@qq.com\",\"status\":\"0\"}', '{\"msg\":\"操作成功\",\"code\":200}', 0, NULL, '2021-03-26 07:58:58');
INSERT INTO `sys_oper_log` VALUES (21, '部门管理', 2, 'com.healthplatform.web.controller.system.SysDeptController.edit()', 'PUT', 1, 'admin', NULL, '/system/dept', '221.226.219.116', 'XX XX', '{\"deptName\":\"2020\",\"leader\":\"若依\",\"deptId\":106,\"orderNum\":\"4\",\"delFlag\":\"0\",\"params\":{},\"parentId\":101,\"createBy\":\"admin\",\"children\":[],\"createTime\":1615524965000,\"phone\":\"15888888888\",\"updateBy\":\"admin\",\"ancestors\":\"0,100,101\",\"email\":\"ry@qq.com\",\"status\":\"0\"}', '{\"msg\":\"操作成功\",\"code\":200}', 0, NULL, '2021-03-26 07:59:07');
INSERT INTO `sys_oper_log` VALUES (22, '部门管理', 3, 'com.healthplatform.web.controller.system.SysDeptController.remove()', 'DELETE', 1, 'admin', NULL, '/system/dept/107', '221.226.219.116', 'XX XX', '{deptId=107}', '{\"msg\":\"操作成功\",\"code\":200}', 0, NULL, '2021-03-26 07:59:11');
INSERT INTO `sys_oper_log` VALUES (23, '部门管理', 3, 'com.healthplatform.web.controller.system.SysDeptController.remove()', 'DELETE', 1, 'admin', NULL, '/system/dept/107', '221.226.219.116', 'XX XX', '{deptId=107}', '{\"msg\":\"操作成功\",\"code\":200}', 0, NULL, '2021-03-26 07:59:13');
INSERT INTO `sys_oper_log` VALUES (24, '部门管理', 3, 'com.healthplatform.web.controller.system.SysDeptController.remove()', 'DELETE', 1, 'admin', NULL, '/system/dept/107', '221.226.219.116', 'XX XX', '{deptId=107}', '{\"msg\":\"操作成功\",\"code\":200}', 0, NULL, '2021-03-26 07:59:14');
INSERT INTO `sys_oper_log` VALUES (25, '部门管理', 1, 'com.healthplatform.web.controller.system.SysDeptController.add()', 'POST', 1, 'admin', NULL, '/system/dept', '221.226.219.116', 'XX XX', '{\"deptName\":\"3班\",\"orderNum\":\"0\",\"params\":{},\"parentId\":103,\"createBy\":\"admin\",\"children\":[],\"ancestors\":\"0,100,101,103\",\"status\":\"0\"}', '{\"msg\":\"操作成功\",\"code\":200}', 0, NULL, '2021-03-26 07:59:38');
INSERT INTO `sys_oper_log` VALUES (26, '部门管理', 1, 'com.healthplatform.web.controller.system.SysDeptController.add()', 'POST', 1, 'admin', NULL, '/system/dept', '221.226.219.116', 'XX XX', '{\"deptName\":\"4班\",\"orderNum\":\"4\",\"params\":{},\"parentId\":103,\"createBy\":\"admin\",\"children\":[],\"ancestors\":\"0,100,101,103\",\"status\":\"0\"}', '{\"msg\":\"操作成功\",\"code\":200}', 0, NULL, '2021-03-26 07:59:53');
INSERT INTO `sys_oper_log` VALUES (27, '部门管理', 2, 'com.healthplatform.web.controller.system.SysDeptController.edit()', 'PUT', 1, 'admin', NULL, '/system/dept', '221.226.219.116', 'XX XX', '{\"deptName\":\"3班\",\"deptId\":209,\"orderNum\":\"3\",\"delFlag\":\"0\",\"params\":{},\"parentId\":103,\"createBy\":\"admin\",\"children\":[],\"createTime\":1616716778000,\"updateBy\":\"admin\",\"ancestors\":\"0,100,101,103\",\"status\":\"0\"}', '{\"msg\":\"操作成功\",\"code\":200}', 0, NULL, '2021-03-26 07:59:59');
INSERT INTO `sys_oper_log` VALUES (28, '部门管理', 2, 'com.healthplatform.web.controller.system.SysDeptController.edit()', 'PUT', 1, 'admin', NULL, '/system/dept', '221.226.219.116', 'XX XX', '{\"deptName\":\"2班\",\"deptId\":208,\"orderNum\":\"2\",\"delFlag\":\"0\",\"params\":{},\"parentId\":103,\"createBy\":\"admin\",\"children\":[],\"createTime\":1616716713000,\"updateBy\":\"admin\",\"ancestors\":\"0,100,101,103\",\"status\":\"0\"}', '{\"msg\":\"操作成功\",\"code\":200}', 0, NULL, '2021-03-26 08:00:04');
INSERT INTO `sys_oper_log` VALUES (29, '部门管理', 2, 'com.healthplatform.web.controller.system.SysDeptController.edit()', 'PUT', 1, 'admin', NULL, '/system/dept', '221.226.219.116', 'XX XX', '{\"deptName\":\"1班\",\"deptId\":207,\"orderNum\":\"1\",\"delFlag\":\"0\",\"params\":{},\"parentId\":103,\"createBy\":\"admin\",\"children\":[],\"createTime\":1616716704000,\"updateBy\":\"admin\",\"ancestors\":\"0,100,101,103\",\"status\":\"0\"}', '{\"msg\":\"操作成功\",\"code\":200}', 0, NULL, '2021-03-26 08:00:09');
INSERT INTO `sys_oper_log` VALUES (30, '部门管理', 2, 'com.healthplatform.web.controller.system.SysDeptController.edit()', 'PUT', 1, 'admin', NULL, '/system/dept', '221.226.219.116', 'XX XX', '{\"deptName\":\"2017级\",\"leader\":\"若依\",\"deptId\":103,\"orderNum\":\"1\",\"delFlag\":\"0\",\"params\":{},\"parentId\":101,\"createBy\":\"admin\",\"children\":[],\"createTime\":1615524965000,\"phone\":\"15888888888\",\"updateBy\":\"admin\",\"ancestors\":\"0,100,101\",\"email\":\"ry@qq.com\",\"status\":\"0\"}', '{\"msg\":\"操作成功\",\"code\":200}', 0, NULL, '2021-03-26 08:00:32');
INSERT INTO `sys_oper_log` VALUES (31, '部门管理', 1, 'com.healthplatform.web.controller.system.SysDeptController.add()', 'POST', 1, 'admin', NULL, '/system/dept', '221.226.219.116', 'XX XX', '{\"deptName\":\"嵌入式1班\",\"orderNum\":\"5\",\"params\":{},\"parentId\":103,\"createBy\":\"admin\",\"children\":[],\"ancestors\":\"0,100,101,103\",\"status\":\"0\"}', '{\"msg\":\"操作成功\",\"code\":200}', 0, NULL, '2021-03-26 08:00:52');
INSERT INTO `sys_oper_log` VALUES (32, '部门管理', 1, 'com.healthplatform.web.controller.system.SysDeptController.add()', 'POST', 1, 'admin', NULL, '/system/dept', '221.226.219.116', 'XX XX', '{\"deptName\":\"嵌入式2班\",\"orderNum\":\"0\",\"params\":{},\"parentId\":103,\"createBy\":\"admin\",\"children\":[],\"ancestors\":\"0,100,101,103\",\"status\":\"0\"}', '{\"msg\":\"操作成功\",\"code\":200}', 0, NULL, '2021-03-26 08:01:08');
INSERT INTO `sys_oper_log` VALUES (33, '部门管理', 2, 'com.healthplatform.web.controller.system.SysDeptController.edit()', 'PUT', 1, 'admin', NULL, '/system/dept', '221.226.219.116', 'XX XX', '{\"deptName\":\"嵌入式2班\",\"deptId\":212,\"orderNum\":\"6\",\"delFlag\":\"0\",\"params\":{},\"parentId\":103,\"createBy\":\"admin\",\"children\":[],\"createTime\":1616716868000,\"updateBy\":\"admin\",\"ancestors\":\"0,100,101,103\",\"status\":\"0\"}', '{\"msg\":\"操作成功\",\"code\":200}', 0, NULL, '2021-03-26 08:01:16');
INSERT INTO `sys_oper_log` VALUES (34, '部门管理', 2, 'com.healthplatform.web.controller.system.SysDeptController.edit()', 'PUT', 1, 'admin', NULL, '/system/dept', '221.226.219.116', 'XX XX', '{\"deptName\":\"2017级\",\"leader\":\"若依\",\"deptId\":108,\"orderNum\":\"1\",\"delFlag\":\"0\",\"params\":{},\"parentId\":102,\"createBy\":\"admin\",\"children\":[],\"createTime\":1615524965000,\"phone\":\"15888888888\",\"updateBy\":\"admin\",\"ancestors\":\"0,100,102\",\"email\":\"ry@qq.com\",\"status\":\"0\"}', '{\"msg\":\"操作成功\",\"code\":200}', 0, NULL, '2021-03-26 08:01:43');
INSERT INTO `sys_oper_log` VALUES (35, '部门管理', 2, 'com.healthplatform.web.controller.system.SysDeptController.edit()', 'PUT', 1, 'admin', NULL, '/system/dept', '221.226.219.116', 'XX XX', '{\"deptName\":\"2018级\",\"leader\":\"若依\",\"deptId\":109,\"orderNum\":\"2\",\"delFlag\":\"0\",\"params\":{},\"parentId\":102,\"createBy\":\"admin\",\"children\":[],\"createTime\":1615524965000,\"phone\":\"15888888888\",\"updateBy\":\"admin\",\"ancestors\":\"0,100,102\",\"email\":\"ry@qq.com\",\"status\":\"0\"}', '{\"msg\":\"操作成功\",\"code\":200}', 0, NULL, '2021-03-26 08:01:52');
INSERT INTO `sys_oper_log` VALUES (36, '部门管理', 2, 'com.healthplatform.web.controller.system.SysDeptController.edit()', 'PUT', 1, 'admin', NULL, '/system/dept', '221.226.219.116', 'XX XX', '{\"deptName\":\"2019级\",\"leader\":\"若依\",\"deptId\":105,\"orderNum\":\"3\",\"delFlag\":\"0\",\"params\":{},\"parentId\":101,\"createBy\":\"admin\",\"children\":[],\"createTime\":1615524965000,\"phone\":\"15888888888\",\"updateBy\":\"admin\",\"ancestors\":\"0,100,101\",\"email\":\"ry@qq.com\",\"status\":\"0\"}', '{\"msg\":\"操作成功\",\"code\":200}', 0, NULL, '2021-03-26 08:01:58');
INSERT INTO `sys_oper_log` VALUES (37, '部门管理', 2, 'com.healthplatform.web.controller.system.SysDeptController.edit()', 'PUT', 1, 'admin', NULL, '/system/dept', '221.226.219.116', 'XX XX', '{\"deptName\":\"2018级\",\"leader\":\"若依\",\"deptId\":104,\"orderNum\":\"2\",\"delFlag\":\"0\",\"params\":{},\"parentId\":101,\"createBy\":\"admin\",\"children\":[],\"createTime\":1615524965000,\"phone\":\"15888888888\",\"updateBy\":\"admin\",\"ancestors\":\"0,100,101\",\"email\":\"ry@qq.com\",\"status\":\"0\"}', '{\"msg\":\"操作成功\",\"code\":200}', 0, NULL, '2021-03-26 08:02:04');
INSERT INTO `sys_oper_log` VALUES (38, '部门管理', 2, 'com.healthplatform.web.controller.system.SysDeptController.edit()', 'PUT', 1, 'admin', NULL, '/system/dept', '221.226.219.116', 'XX XX', '{\"deptName\":\"2020级\",\"leader\":\"若依\",\"deptId\":106,\"orderNum\":\"4\",\"delFlag\":\"0\",\"params\":{},\"parentId\":101,\"createBy\":\"admin\",\"children\":[],\"createTime\":1615524965000,\"phone\":\"15888888888\",\"updateBy\":\"admin\",\"ancestors\":\"0,100,101\",\"email\":\"ry@qq.com\",\"status\":\"0\"}', '{\"msg\":\"操作成功\",\"code\":200}', 0, NULL, '2021-03-26 08:02:12');
INSERT INTO `sys_oper_log` VALUES (39, '角色管理', 2, 'com.healthplatform.web.controller.system.SysRoleController.dataScope()', 'PUT', 1, 'admin', NULL, '/system/role/dataScope', '221.226.219.116', 'XX XX', '{\"flag\":false,\"roleId\":2,\"admin\":false,\"remark\":\"普通角色\",\"dataScope\":\"2\",\"delFlag\":\"0\",\"params\":{},\"roleSort\":\"2\",\"deptCheckStrictly\":true,\"createTime\":1615524966000,\"menuCheckStrictly\":true,\"roleKey\":\"common\",\"roleName\":\"普通角色\",\"deptIds\":[103,207,208,209,210,211,212,101,104,105,106,100,101,207,208,209,210,211,212,102],\"status\":\"0\"}', 'null', 1, '\n### Error updating database.  Cause: java.sql.SQLIntegrityConstraintViolationException: Duplicate entry \'2-101\' for key \'sys_role_dept.PRIMARY\'\n### The error may exist in URL [jar:file:/app.jar!/BOOT-INF/lib/healthplatform-system-1.0.0.jar!/mapper/system/SysRoleDeptMapper.xml]\n### The error may involve defaultParameterMap\n### The error occurred while setting parameters\n### SQL: insert into sys_role_dept(role_id, dept_id) values                        (?,?)          ,              (?,?)          ,              (?,?)          ,              (?,?)          ,              (?,?)          ,              (?,?)          ,              (?,?)          ,              (?,?)          ,              (?,?)          ,              (?,?)          ,              (?,?)          ,              (?,?)          ,              (?,?)          ,              (?,?)          ,              (?,?)          ,              (?,?)          ,              (?,?)          ,              (?,?)          ,              (?,?)          ,              (?,?)\n### Cause: java.sql.SQLIntegrityConstraintViolationException: Duplicate entry \'2-101\' for key \'sys_role_dept.PRIMARY\'\n; Duplicate entry \'2-101\' for key \'sys_role_dept.PRIMARY\'; nested exception is java.sql.SQLIntegrityConstraintViolationException: Duplicate entry \'2-101\' for key \'sys_role_dept.PRIMARY\'', '2021-03-26 08:02:37');
INSERT INTO `sys_oper_log` VALUES (40, '角色管理', 2, 'com.healthplatform.web.controller.system.SysRoleController.dataScope()', 'PUT', 1, 'admin', NULL, '/system/role/dataScope', '221.226.219.116', 'XX XX', '{\"flag\":false,\"roleId\":2,\"admin\":false,\"remark\":\"普通角色\",\"dataScope\":\"2\",\"delFlag\":\"0\",\"params\":{},\"roleSort\":\"2\",\"deptCheckStrictly\":true,\"createTime\":1615524966000,\"menuCheckStrictly\":true,\"roleKey\":\"common\",\"roleName\":\"普通角色\",\"deptIds\":[100,101,207,208,209,210,211,212,102],\"status\":\"0\"}', '{\"msg\":\"操作成功\",\"code\":200}', 0, NULL, '2021-03-26 08:02:43');
INSERT INTO `sys_oper_log` VALUES (41, '角色管理', 2, 'com.healthplatform.web.controller.system.SysRoleController.dataScope()', 'PUT', 1, 'admin', NULL, '/system/role/dataScope', '221.226.219.116', 'XX XX', '{\"flag\":false,\"roleId\":2,\"admin\":false,\"remark\":\"普通角色\",\"dataScope\":\"2\",\"delFlag\":\"0\",\"params\":{},\"roleSort\":\"2\",\"deptCheckStrictly\":true,\"createTime\":1615524966000,\"menuCheckStrictly\":true,\"roleKey\":\"common\",\"roleName\":\"普通角色\",\"deptIds\":[101,103,207,208,209,210,211,212,104,105,106,100,103,104,105,106],\"status\":\"0\"}', 'null', 1, '\n### Error updating database.  Cause: java.sql.SQLIntegrityConstraintViolationException: Duplicate entry \'2-103\' for key \'sys_role_dept.PRIMARY\'\n### The error may exist in URL [jar:file:/app.jar!/BOOT-INF/lib/healthplatform-system-1.0.0.jar!/mapper/system/SysRoleDeptMapper.xml]\n### The error may involve defaultParameterMap\n### The error occurred while setting parameters\n### SQL: insert into sys_role_dept(role_id, dept_id) values                        (?,?)          ,              (?,?)          ,              (?,?)          ,              (?,?)          ,              (?,?)          ,              (?,?)          ,              (?,?)          ,              (?,?)          ,              (?,?)          ,              (?,?)          ,              (?,?)          ,              (?,?)          ,              (?,?)          ,              (?,?)          ,              (?,?)          ,              (?,?)\n### Cause: java.sql.SQLIntegrityConstraintViolationException: Duplicate entry \'2-103\' for key \'sys_role_dept.PRIMARY\'\n; Duplicate entry \'2-103\' for key \'sys_role_dept.PRIMARY\'; nested exception is java.sql.SQLIntegrityConstraintViolationException: Duplicate entry \'2-103\' for key \'sys_role_dept.PRIMARY\'', '2021-03-26 08:02:50');
INSERT INTO `sys_oper_log` VALUES (42, '角色管理', 2, 'com.healthplatform.web.controller.system.SysRoleController.dataScope()', 'PUT', 1, 'admin', NULL, '/system/role/dataScope', '221.226.219.116', 'XX XX', '{\"flag\":false,\"roleId\":2,\"admin\":false,\"remark\":\"普通角色\",\"dataScope\":\"2\",\"delFlag\":\"0\",\"params\":{},\"roleSort\":\"2\",\"deptCheckStrictly\":false,\"createTime\":1615524966000,\"menuCheckStrictly\":true,\"roleKey\":\"common\",\"roleName\":\"普通角色\",\"deptIds\":[100,103,104,105,106],\"status\":\"0\"}', '{\"msg\":\"操作成功\",\"code\":200}', 0, NULL, '2021-03-26 08:02:58');
INSERT INTO `sys_oper_log` VALUES (43, '角色管理', 2, 'com.healthplatform.web.controller.system.SysRoleController.dataScope()', 'PUT', 1, 'admin', NULL, '/system/role/dataScope', '221.226.219.116', 'XX XX', '{\"flag\":false,\"roleId\":2,\"admin\":false,\"remark\":\"普通角色\",\"dataScope\":\"2\",\"delFlag\":\"0\",\"params\":{},\"roleSort\":\"2\",\"deptCheckStrictly\":true,\"createTime\":1615524966000,\"menuCheckStrictly\":true,\"roleKey\":\"common\",\"roleName\":\"普通角色\",\"deptIds\":[103,207,208,209,210,211,212,101,104,105,106,102,108,109,100],\"status\":\"0\"}', '{\"msg\":\"操作成功\",\"code\":200}', 0, NULL, '2021-03-26 08:03:22');
INSERT INTO `sys_oper_log` VALUES (44, '角色管理', 2, 'com.healthplatform.web.controller.system.SysRoleController.dataScope()', 'PUT', 1, 'admin', NULL, '/system/role/dataScope', '221.226.219.116', 'XX XX', '{\"flag\":false,\"roleId\":2,\"admin\":false,\"remark\":\"普通角色\",\"dataScope\":\"2\",\"delFlag\":\"0\",\"params\":{},\"roleSort\":\"2\",\"deptCheckStrictly\":true,\"createTime\":1615524966000,\"menuCheckStrictly\":true,\"roleKey\":\"common\",\"roleName\":\"普通角色\",\"deptIds\":[104,101,105,106,207,103,208,209,210,211,212,100,101,103,102],\"status\":\"0\"}', 'null', 1, '\n### Error updating database.  Cause: java.sql.SQLIntegrityConstraintViolationException: Duplicate entry \'2-101\' for key \'sys_role_dept.PRIMARY\'\n### The error may exist in URL [jar:file:/app.jar!/BOOT-INF/lib/healthplatform-system-1.0.0.jar!/mapper/system/SysRoleDeptMapper.xml]\n### The error may involve defaultParameterMap\n### The error occurred while setting parameters\n### SQL: insert into sys_role_dept(role_id, dept_id) values                        (?,?)          ,              (?,?)          ,              (?,?)          ,              (?,?)          ,              (?,?)          ,              (?,?)          ,              (?,?)          ,              (?,?)          ,              (?,?)          ,              (?,?)          ,              (?,?)          ,              (?,?)          ,              (?,?)          ,              (?,?)          ,              (?,?)\n### Cause: java.sql.SQLIntegrityConstraintViolationException: Duplicate entry \'2-101\' for key \'sys_role_dept.PRIMARY\'\n; Duplicate entry \'2-101\' for key \'sys_role_dept.PRIMARY\'; nested exception is java.sql.SQLIntegrityConstraintViolationException: Duplicate entry \'2-101\' for key \'sys_role_dept.PRIMARY\'', '2021-03-26 08:03:27');
INSERT INTO `sys_oper_log` VALUES (45, '角色管理', 2, 'com.healthplatform.web.controller.system.SysRoleController.dataScope()', 'PUT', 1, 'admin', NULL, '/system/role/dataScope', '221.226.219.116', 'XX XX', '{\"flag\":false,\"roleId\":2,\"admin\":false,\"remark\":\"普通角色\",\"dataScope\":\"2\",\"delFlag\":\"0\",\"params\":{},\"roleSort\":\"2\",\"deptCheckStrictly\":true,\"createTime\":1615524966000,\"menuCheckStrictly\":true,\"roleKey\":\"common\",\"roleName\":\"普通角色\",\"deptIds\":[100,101,103,102],\"status\":\"0\"}', '{\"msg\":\"操作成功\",\"code\":200}', 0, NULL, '2021-03-26 08:03:32');
INSERT INTO `sys_oper_log` VALUES (46, '角色管理', 2, 'com.healthplatform.web.controller.system.SysRoleController.dataScope()', 'PUT', 1, 'admin', NULL, '/system/role/dataScope', '221.226.219.116', 'XX XX', '{\"flag\":false,\"roleId\":2,\"admin\":false,\"remark\":\"普通角色\",\"dataScope\":\"2\",\"delFlag\":\"0\",\"params\":{},\"roleSort\":\"2\",\"deptCheckStrictly\":true,\"createTime\":1615524966000,\"menuCheckStrictly\":true,\"roleKey\":\"common\",\"roleName\":\"普通角色\",\"deptIds\":[103,207,208,209,210,211,212,101,104,105,106,100,101],\"status\":\"0\"}', 'null', 1, '\n### Error updating database.  Cause: java.sql.SQLIntegrityConstraintViolationException: Duplicate entry \'2-101\' for key \'sys_role_dept.PRIMARY\'\n### The error may exist in URL [jar:file:/app.jar!/BOOT-INF/lib/healthplatform-system-1.0.0.jar!/mapper/system/SysRoleDeptMapper.xml]\n### The error may involve defaultParameterMap\n### The error occurred while setting parameters\n### SQL: insert into sys_role_dept(role_id, dept_id) values                        (?,?)          ,              (?,?)          ,              (?,?)          ,              (?,?)          ,              (?,?)          ,              (?,?)          ,              (?,?)          ,              (?,?)          ,              (?,?)          ,              (?,?)          ,              (?,?)          ,              (?,?)          ,              (?,?)\n### Cause: java.sql.SQLIntegrityConstraintViolationException: Duplicate entry \'2-101\' for key \'sys_role_dept.PRIMARY\'\n; Duplicate entry \'2-101\' for key \'sys_role_dept.PRIMARY\'; nested exception is java.sql.SQLIntegrityConstraintViolationException: Duplicate entry \'2-101\' for key \'sys_role_dept.PRIMARY\'', '2021-03-26 08:03:49');
INSERT INTO `sys_oper_log` VALUES (47, '角色管理', 2, 'com.healthplatform.web.controller.system.SysRoleController.dataScope()', 'PUT', 1, 'admin', NULL, '/system/role/dataScope', '221.226.219.116', 'XX XX', '{\"flag\":false,\"roleId\":2,\"admin\":false,\"remark\":\"普通角色\",\"dataScope\":\"2\",\"delFlag\":\"0\",\"params\":{},\"roleSort\":\"2\",\"deptCheckStrictly\":true,\"createTime\":1615524966000,\"menuCheckStrictly\":true,\"roleKey\":\"common\",\"roleName\":\"普通角色\",\"deptIds\":[103,207,208,209,210,211,212,101,104,105,106,102,108,109,100,100,101],\"status\":\"0\"}', 'null', 1, '\n### Error updating database.  Cause: java.sql.SQLIntegrityConstraintViolationException: Duplicate entry \'2-100\' for key \'sys_role_dept.PRIMARY\'\n### The error may exist in URL [jar:file:/app.jar!/BOOT-INF/lib/healthplatform-system-1.0.0.jar!/mapper/system/SysRoleDeptMapper.xml]\n### The error may involve defaultParameterMap\n### The error occurred while setting parameters\n### SQL: insert into sys_role_dept(role_id, dept_id) values                        (?,?)          ,              (?,?)          ,              (?,?)          ,              (?,?)          ,              (?,?)          ,              (?,?)          ,              (?,?)          ,              (?,?)          ,              (?,?)          ,              (?,?)          ,              (?,?)          ,              (?,?)          ,              (?,?)          ,              (?,?)          ,              (?,?)          ,              (?,?)          ,              (?,?)\n### Cause: java.sql.SQLIntegrityConstraintViolationException: Duplicate entry \'2-100\' for key \'sys_role_dept.PRIMARY\'\n; Duplicate entry \'2-100\' for key \'sys_role_dept.PRIMARY\'; nested exception is java.sql.SQLIntegrityConstraintViolationException: Duplicate entry \'2-100\' for key \'sys_role_dept.PRIMARY\'', '2021-03-26 08:04:24');
INSERT INTO `sys_oper_log` VALUES (48, '角色管理', 2, 'com.healthplatform.web.controller.system.SysRoleController.dataScope()', 'PUT', 1, 'admin', NULL, '/system/role/dataScope', '221.226.219.116', 'XX XX', '{\"flag\":false,\"roleId\":2,\"admin\":false,\"remark\":\"普通角色\",\"dataScope\":\"2\",\"delFlag\":\"0\",\"params\":{},\"roleSort\":\"2\",\"deptCheckStrictly\":true,\"createTime\":1615524966000,\"menuCheckStrictly\":true,\"roleKey\":\"common\",\"roleName\":\"普通角色\",\"deptIds\":[100,101],\"status\":\"0\"}', '{\"msg\":\"操作成功\",\"code\":200}', 0, NULL, '2021-03-26 08:04:29');
INSERT INTO `sys_oper_log` VALUES (49, '角色管理', 2, 'com.healthplatform.web.controller.system.SysRoleController.dataScope()', 'PUT', 1, 'admin', NULL, '/system/role/dataScope', '221.226.219.116', 'XX XX', '{\"flag\":false,\"roleId\":2,\"admin\":false,\"remark\":\"普通角色\",\"dataScope\":\"4\",\"delFlag\":\"0\",\"params\":{},\"roleSort\":\"2\",\"deptCheckStrictly\":true,\"createTime\":1615524966000,\"menuCheckStrictly\":true,\"roleKey\":\"common\",\"roleName\":\"普通角色\",\"deptIds\":[101,100],\"status\":\"0\"}', '{\"msg\":\"操作成功\",\"code\":200}', 0, NULL, '2021-03-26 08:04:47');
INSERT INTO `sys_oper_log` VALUES (50, '用户管理', 2, 'com.healthplatform.web.controller.system.SysUserController.edit()', 'PUT', 1, 'admin', NULL, '/system/user', '221.226.219.116', 'XX XX', '{\"roles\":[{\"flag\":false,\"roleId\":2,\"admin\":false,\"dataScope\":\"4\",\"params\":{},\"roleSort\":\"2\",\"deptCheckStrictly\":false,\"menuCheckStrictly\":false,\"roleKey\":\"common\",\"roleName\":\"普通角色\",\"status\":\"0\"}],\"phonenumber\":\"15666666667\",\"admin\":false,\"loginDate\":1615524965000,\"remark\":\"\",\"delFlag\":\"0\",\"password\":\"\",\"updateBy\":\"admin\",\"postIds\":[2],\"loginIp\":\"127.0.0.1\",\"email\":\"ry@qq.com\",\"nickName\":\"老魔\",\"sex\":\"1\",\"deptId\":101,\"avatar\":\"/profile/avatar/2021/03/24/eb99e5e6-ac0b-44d5-9fac-bbf5b408e49d.jpeg\",\"dept\":{\"deptName\":\"2019级\",\"leader\":\"若依\",\"deptId\":105,\"orderNum\":\"3\",\"params\":{},\"parentId\":101,\"children\":[],\"status\":\"0\"},\"params\":{},\"userName\":\"ry\",\"userId\":2,\"createBy\":\"admin\",\"roleIds\":[2],\"createTime\":1615524965000,\"status\":\"0\"}', '{\"msg\":\"操作成功\",\"code\":200}', 0, NULL, '2021-03-26 08:05:18');
INSERT INTO `sys_oper_log` VALUES (51, '用户管理', 2, 'com.healthplatform.web.controller.system.SysUserController.edit()', 'PUT', 1, 'admin', NULL, '/system/user', '221.226.219.116', 'XX XX', '{\"roles\":[{\"flag\":false,\"roleId\":1,\"admin\":true,\"dataScope\":\"1\",\"params\":{},\"roleSort\":\"1\",\"deptCheckStrictly\":false,\"menuCheckStrictly\":false,\"roleKey\":\"admin\",\"roleName\":\"超级管理员\",\"status\":\"0\"}],\"phonenumber\":\"15252114322\",\"admin\":true,\"loginDate\":1615524965000,\"remark\":\"管理员\",\"delFlag\":\"0\",\"password\":\"\",\"postIds\":[1],\"loginIp\":\"127.0.0.1\",\"email\":\"15252114322@163.com\",\"nickName\":\"老魔\",\"sex\":\"0\",\"deptId\":100,\"avatar\":\"/profile/avatar/2021/03/25/cf6d8686-e239-4caf-92fa-12f2bd8217f5.jpeg\",\"dept\":{\"deptName\":\"2017级\",\"leader\":\"若依\",\"deptId\":103,\"orderNum\":\"1\",\"params\":{},\"parentId\":101,\"children\":[],\"status\":\"0\"},\"params\":{},\"userName\":\"admin\",\"userId\":1,\"createBy\":\"admin\",\"roleIds\":[1],\"createTime\":1615524965000,\"status\":\"0\"}', 'null', 1, '不允许操作超级管理员用户', '2021-03-26 08:05:32');
INSERT INTO `sys_oper_log` VALUES (52, '用户管理', 2, 'com.healthplatform.web.controller.system.SysUserController.edit()', 'PUT', 1, 'admin', NULL, '/system/user', '221.226.219.116', 'XX XX', '{\"roles\":[{\"flag\":false,\"roleId\":1,\"admin\":true,\"dataScope\":\"1\",\"params\":{},\"roleSort\":\"1\",\"deptCheckStrictly\":false,\"menuCheckStrictly\":false,\"roleKey\":\"admin\",\"roleName\":\"超级管理员\",\"status\":\"0\"}],\"phonenumber\":\"15252114322\",\"admin\":true,\"loginDate\":1615524965000,\"remark\":\"管理员\",\"delFlag\":\"0\",\"password\":\"\",\"postIds\":[1],\"loginIp\":\"127.0.0.1\",\"email\":\"15252114322@163.com\",\"nickName\":\"老魔\",\"sex\":\"0\",\"deptId\":100,\"avatar\":\"/profile/avatar/2021/03/25/cf6d8686-e239-4caf-92fa-12f2bd8217f5.jpeg\",\"dept\":{\"deptName\":\"2017级\",\"leader\":\"若依\",\"deptId\":103,\"orderNum\":\"1\",\"params\":{},\"parentId\":101,\"children\":[],\"status\":\"0\"},\"params\":{},\"userName\":\"admin\",\"userId\":1,\"createBy\":\"admin\",\"roleIds\":[1],\"createTime\":1615524965000,\"status\":\"0\"}', 'null', 1, '不允许操作超级管理员用户', '2021-03-26 08:06:01');
INSERT INTO `sys_oper_log` VALUES (53, '用户管理', 2, 'com.healthplatform.web.controller.system.SysUserController.edit()', 'PUT', 1, 'admin', NULL, '/system/user', '221.226.219.116', 'XX XX', '{\"roles\":[{\"flag\":false,\"roleId\":1,\"admin\":true,\"dataScope\":\"1\",\"params\":{},\"roleSort\":\"1\",\"deptCheckStrictly\":false,\"menuCheckStrictly\":false,\"roleKey\":\"admin\",\"roleName\":\"超级管理员\",\"status\":\"0\"}],\"phonenumber\":\"15252114322\",\"admin\":true,\"loginDate\":1615524965000,\"remark\":\"管理员\",\"delFlag\":\"0\",\"password\":\"\",\"postIds\":[1],\"loginIp\":\"127.0.0.1\",\"email\":\"15252114322@163.com\",\"nickName\":\"老魔\",\"sex\":\"0\",\"deptId\":100,\"avatar\":\"/profile/avatar/2021/03/25/cf6d8686-e239-4caf-92fa-12f2bd8217f5.jpeg\",\"dept\":{\"deptName\":\"2017级\",\"leader\":\"若依\",\"deptId\":103,\"orderNum\":\"1\",\"params\":{},\"parentId\":101,\"children\":[],\"status\":\"0\"},\"params\":{},\"userName\":\"admin\",\"userId\":1,\"createBy\":\"admin\",\"roleIds\":[1],\"createTime\":1615524965000,\"status\":\"0\"}', 'null', 1, '不允许操作超级管理员用户', '2021-03-26 08:06:02');
INSERT INTO `sys_oper_log` VALUES (54, '用户管理', 2, 'com.healthplatform.web.controller.system.SysUserController.edit()', 'PUT', 1, 'admin', NULL, '/system/user', '221.226.219.116', 'XX XX', '{\"roles\":[{\"flag\":false,\"roleId\":1,\"admin\":true,\"dataScope\":\"1\",\"params\":{},\"roleSort\":\"1\",\"deptCheckStrictly\":false,\"menuCheckStrictly\":false,\"roleKey\":\"admin\",\"roleName\":\"超级管理员\",\"status\":\"0\"}],\"phonenumber\":\"15252114322\",\"admin\":true,\"loginDate\":1615524965000,\"remark\":\"管理员\",\"delFlag\":\"0\",\"password\":\"\",\"postIds\":[1],\"loginIp\":\"127.0.0.1\",\"email\":\"15252114322@163.com\",\"nickName\":\"老魔\",\"sex\":\"0\",\"deptId\":100,\"avatar\":\"/profile/avatar/2021/03/25/cf6d8686-e239-4caf-92fa-12f2bd8217f5.jpeg\",\"dept\":{\"deptName\":\"2017级\",\"leader\":\"若依\",\"deptId\":103,\"orderNum\":\"1\",\"params\":{},\"parentId\":101,\"children\":[],\"status\":\"0\"},\"params\":{},\"userName\":\"admin\",\"userId\":1,\"createBy\":\"admin\",\"roleIds\":[1],\"createTime\":1615524965000,\"status\":\"0\"}', 'null', 1, '不允许操作超级管理员用户', '2021-03-26 08:06:03');
INSERT INTO `sys_oper_log` VALUES (55, '用户管理', 2, 'com.healthplatform.web.controller.system.SysUserController.edit()', 'PUT', 1, 'admin', NULL, '/system/user', '221.226.219.116', 'XX XX', '{\"roles\":[{\"flag\":false,\"roleId\":1,\"admin\":true,\"dataScope\":\"1\",\"params\":{},\"roleSort\":\"1\",\"deptCheckStrictly\":false,\"menuCheckStrictly\":false,\"roleKey\":\"admin\",\"roleName\":\"超级管理员\",\"status\":\"0\"}],\"phonenumber\":\"15252114322\",\"admin\":true,\"loginDate\":1615524965000,\"remark\":\"管理员\",\"delFlag\":\"0\",\"password\":\"\",\"postIds\":[1],\"loginIp\":\"127.0.0.1\",\"email\":\"15252114322@163.com\",\"nickName\":\"老魔\",\"sex\":\"0\",\"deptId\":100,\"avatar\":\"/profile/avatar/2021/03/25/cf6d8686-e239-4caf-92fa-12f2bd8217f5.jpeg\",\"dept\":{\"deptName\":\"2017级\",\"leader\":\"若依\",\"deptId\":103,\"orderNum\":\"1\",\"params\":{},\"parentId\":101,\"children\":[],\"status\":\"0\"},\"params\":{},\"userName\":\"admin\",\"userId\":1,\"createBy\":\"admin\",\"roleIds\":[1],\"createTime\":1615524965000,\"status\":\"0\"}', 'null', 1, '不允许操作超级管理员用户', '2021-03-26 08:06:03');
INSERT INTO `sys_oper_log` VALUES (56, '用户管理', 2, 'com.healthplatform.web.controller.system.SysUserController.edit()', 'PUT', 1, 'admin', NULL, '/system/user', '221.226.219.116', 'XX XX', '{\"roles\":[{\"flag\":false,\"roleId\":1,\"admin\":true,\"dataScope\":\"1\",\"params\":{},\"roleSort\":\"1\",\"deptCheckStrictly\":false,\"menuCheckStrictly\":false,\"roleKey\":\"admin\",\"roleName\":\"超级管理员\",\"status\":\"0\"}],\"phonenumber\":\"15252114322\",\"admin\":true,\"loginDate\":1615524965000,\"remark\":\"管理员\",\"delFlag\":\"0\",\"password\":\"\",\"postIds\":[1],\"loginIp\":\"127.0.0.1\",\"email\":\"15252114322@163.com\",\"nickName\":\"老魔\",\"sex\":\"0\",\"deptId\":100,\"avatar\":\"/profile/avatar/2021/03/25/cf6d8686-e239-4caf-92fa-12f2bd8217f5.jpeg\",\"dept\":{\"deptName\":\"2017级\",\"leader\":\"若依\",\"deptId\":103,\"orderNum\":\"1\",\"params\":{},\"parentId\":101,\"children\":[],\"status\":\"0\"},\"params\":{},\"userName\":\"admin\",\"userId\":1,\"createBy\":\"admin\",\"roleIds\":[1],\"createTime\":1615524965000,\"status\":\"0\"}', 'null', 1, '不允许操作超级管理员用户', '2021-03-26 08:06:03');
INSERT INTO `sys_oper_log` VALUES (57, '角色管理', 2, 'com.healthplatform.web.controller.system.SysRoleController.dataScope()', 'PUT', 1, 'admin', NULL, '/system/role/dataScope', '221.226.219.116', 'XX XX', '{\"flag\":false,\"roleId\":2,\"admin\":false,\"remark\":\"普通角色\",\"dataScope\":\"2\",\"delFlag\":\"0\",\"params\":{},\"roleSort\":\"2\",\"deptCheckStrictly\":true,\"createTime\":1615524966000,\"menuCheckStrictly\":true,\"roleKey\":\"common\",\"roleName\":\"普通角色\",\"deptIds\":[101,100],\"status\":\"0\"}', '{\"msg\":\"操作成功\",\"code\":200}', 0, NULL, '2021-03-26 08:07:10');
INSERT INTO `sys_oper_log` VALUES (58, '角色管理', 2, 'com.healthplatform.web.controller.system.SysRoleController.edit()', 'PUT', 1, 'admin', NULL, '/system/role', '221.226.219.116', 'XX XX', '{\"flag\":false,\"roleId\":1,\"admin\":true,\"remark\":\"超级管理员\",\"dataScope\":\"1\",\"delFlag\":\"0\",\"params\":{},\"roleSort\":\"1\",\"deptCheckStrictly\":true,\"createTime\":1615524966000,\"menuCheckStrictly\":true,\"roleKey\":\"admin\",\"roleName\":\"超级管理员\",\"menuIds\":[1,100,1001,1002,1003,1004,1005,1006,1007,101,1008,1009,1010,1011,1012,102,1013,1014,1015,1016,103,1017,1018,1019,1020,104,1021,1022,1023,1024,1025,105,1026,1027,1028,1029,1030,106,1031,1032,1033,1034,1035,107,1036,1037,1038,1039,108,500,1040,1041,1042,501,1043,1044,1045,2,109,1046,1047,1048,110,1049,1050,1051,1052,1053,1054,111,112,113,2000,2001],\"status\":\"0\"}', 'null', 1, '不允许操作超级管理员角色', '2021-03-26 08:07:38');
INSERT INTO `sys_oper_log` VALUES (59, '用户管理', 2, 'com.healthplatform.web.controller.system.SysUserController.edit()', 'PUT', 1, 'admin', NULL, '/system/user', '221.226.219.116', 'XX XX', '{\"roles\":[{\"flag\":false,\"roleId\":2,\"admin\":false,\"dataScope\":\"2\",\"params\":{},\"roleSort\":\"2\",\"deptCheckStrictly\":false,\"menuCheckStrictly\":false,\"roleKey\":\"common\",\"roleName\":\"普通角色\",\"status\":\"0\"}],\"phonenumber\":\"15666666667\",\"admin\":false,\"loginDate\":1615524965000,\"remark\":\"\",\"delFlag\":\"0\",\"password\":\"\",\"updateBy\":\"admin\",\"postIds\":[2],\"loginIp\":\"127.0.0.1\",\"email\":\"ry@qq.com\",\"nickName\":\"老魔\",\"sex\":\"1\",\"deptId\":207,\"avatar\":\"/profile/avatar/2021/03/24/eb99e5e6-ac0b-44d5-9fac-bbf5b408e49d.jpeg\",\"dept\":{\"deptName\":\"计算机系\",\"leader\":\"老魔\",\"deptId\":101,\"orderNum\":\"1\",\"params\":{},\"parentId\":100,\"children\":[],\"status\":\"0\"},\"params\":{},\"userName\":\"ry\",\"userId\":2,\"createBy\":\"admin\",\"roleIds\":[2],\"createTime\":1615524965000,\"status\":\"0\"}', '{\"msg\":\"操作成功\",\"code\":200}', 0, NULL, '2021-03-26 08:23:25');
INSERT INTO `sys_oper_log` VALUES (60, '角色管理', 2, 'com.healthplatform.web.controller.system.SysRoleController.dataScope()', 'PUT', 1, 'admin', NULL, '/system/role/dataScope', '221.226.219.116', 'XX XX', '{\"flag\":false,\"roleId\":2,\"admin\":false,\"remark\":\"普通角色\",\"dataScope\":\"4\",\"delFlag\":\"0\",\"params\":{},\"roleSort\":\"2\",\"deptCheckStrictly\":true,\"createTime\":1615524966000,\"menuCheckStrictly\":true,\"roleKey\":\"common\",\"roleName\":\"普通角色\",\"deptIds\":[101,100],\"status\":\"0\"}', '{\"msg\":\"操作成功\",\"code\":200}', 0, NULL, '2021-03-26 08:24:00');
INSERT INTO `sys_oper_log` VALUES (61, '角色管理', 2, 'com.healthplatform.web.controller.system.SysRoleController.edit()', 'PUT', 1, 'admin', NULL, '/system/role', '221.226.219.116', 'XX XX', '{\"flag\":false,\"roleId\":2,\"admin\":false,\"remark\":\"普通角色\",\"dataScope\":\"4\",\"delFlag\":\"0\",\"params\":{},\"roleSort\":\"2\",\"deptCheckStrictly\":true,\"createTime\":1615524966000,\"updateBy\":\"admin\",\"menuCheckStrictly\":true,\"roleKey\":\"common\",\"roleName\":\"普通角色\",\"menuIds\":[2001,2000,1,100,1001,1002,1003,1004,1005,1006,1007,101,1008,1009,1010,1011,1012,102,1013,1014,1015,1016,103,1017,1018,1019,1020,104,1021,1022,1023,1024,1025,105,1026,1027,1028,1029,1030,106,1031,1032,1033,1034,1035,107,1036,1037,1038,1039,108,500,1040,1041,1042,501,1043,1044,1045],\"status\":\"0\"}', '{\"msg\":\"操作成功\",\"code\":200}', 0, NULL, '2021-03-26 08:25:29');
INSERT INTO `sys_oper_log` VALUES (62, '角色管理', 2, 'com.healthplatform.web.controller.system.SysRoleController.dataScope()', 'PUT', 1, 'admin', NULL, '/system/role/dataScope', '221.226.219.116', 'XX XX', '{\"flag\":false,\"roleId\":2,\"admin\":false,\"remark\":\"普通角色\",\"dataScope\":\"2\",\"delFlag\":\"0\",\"params\":{},\"roleSort\":\"2\",\"deptCheckStrictly\":true,\"createTime\":1615524966000,\"menuCheckStrictly\":true,\"roleKey\":\"common\",\"roleName\":\"普通角色\",\"deptIds\":[101,103,207,208,209,210,211,212,104,105,106,109,100],\"status\":\"0\"}', '{\"msg\":\"操作成功\",\"code\":200}', 0, NULL, '2021-03-26 09:19:04');
INSERT INTO `sys_oper_log` VALUES (63, '角色管理', 2, 'com.healthplatform.web.controller.system.SysRoleController.dataScope()', 'PUT', 1, 'admin', NULL, '/system/role/dataScope', '221.226.219.116', 'XX XX', '{\"flag\":false,\"roleId\":2,\"admin\":false,\"remark\":\"普通角色\",\"dataScope\":\"2\",\"delFlag\":\"0\",\"params\":{},\"roleSort\":\"2\",\"deptCheckStrictly\":true,\"createTime\":1615524966000,\"menuCheckStrictly\":true,\"roleKey\":\"common\",\"roleName\":\"普通角色\",\"deptIds\":[104,103,207,208,209,210,211,212,105,100,101,103,102,108],\"status\":\"0\"}', 'null', 1, '\n### Error updating database.  Cause: java.sql.SQLIntegrityConstraintViolationException: Duplicate entry \'2-103\' for key \'sys_role_dept.PRIMARY\'\n### The error may exist in URL [jar:file:/app.jar!/BOOT-INF/lib/healthplatform-system-1.0.0.jar!/mapper/system/SysRoleDeptMapper.xml]\n### The error may involve defaultParameterMap\n### The error occurred while setting parameters\n### SQL: insert into sys_role_dept(role_id, dept_id) values                        (?,?)          ,              (?,?)          ,              (?,?)          ,              (?,?)          ,              (?,?)          ,              (?,?)          ,              (?,?)          ,              (?,?)          ,              (?,?)          ,              (?,?)          ,              (?,?)          ,              (?,?)          ,              (?,?)          ,              (?,?)\n### Cause: java.sql.SQLIntegrityConstraintViolationException: Duplicate entry \'2-103\' for key \'sys_role_dept.PRIMARY\'\n; Duplicate entry \'2-103\' for key \'sys_role_dept.PRIMARY\'; nested exception is java.sql.SQLIntegrityConstraintViolationException: Duplicate entry \'2-103\' for key \'sys_role_dept.PRIMARY\'', '2021-03-26 09:19:12');
INSERT INTO `sys_oper_log` VALUES (64, '角色管理', 2, 'com.healthplatform.web.controller.system.SysRoleController.dataScope()', 'PUT', 1, 'admin', NULL, '/system/role/dataScope', '221.226.219.116', 'XX XX', '{\"flag\":false,\"roleId\":2,\"admin\":false,\"remark\":\"普通角色\",\"dataScope\":\"2\",\"delFlag\":\"0\",\"params\":{},\"roleSort\":\"2\",\"deptCheckStrictly\":true,\"createTime\":1615524966000,\"menuCheckStrictly\":true,\"roleKey\":\"common\",\"roleName\":\"普通角色\",\"deptIds\":[104,105,109,207,103,208,209,210,211,212,100,101,103,102,108],\"status\":\"0\"}', 'null', 1, '\n### Error updating database.  Cause: java.sql.SQLIntegrityConstraintViolationException: Duplicate entry \'2-103\' for key \'sys_role_dept.PRIMARY\'\n### The error may exist in URL [jar:file:/app.jar!/BOOT-INF/lib/healthplatform-system-1.0.0.jar!/mapper/system/SysRoleDeptMapper.xml]\n### The error may involve defaultParameterMap\n### The error occurred while setting parameters\n### SQL: insert into sys_role_dept(role_id, dept_id) values                        (?,?)          ,              (?,?)          ,              (?,?)          ,              (?,?)          ,              (?,?)          ,              (?,?)          ,              (?,?)          ,              (?,?)          ,              (?,?)          ,              (?,?)          ,              (?,?)          ,              (?,?)          ,              (?,?)          ,              (?,?)          ,              (?,?)\n### Cause: java.sql.SQLIntegrityConstraintViolationException: Duplicate entry \'2-103\' for key \'sys_role_dept.PRIMARY\'\n; Duplicate entry \'2-103\' for key \'sys_role_dept.PRIMARY\'; nested exception is java.sql.SQLIntegrityConstraintViolationException: Duplicate entry \'2-103\' for key \'sys_role_dept.PRIMARY\'', '2021-03-26 09:20:11');
INSERT INTO `sys_oper_log` VALUES (65, '角色管理', 2, 'com.healthplatform.web.controller.system.SysRoleController.dataScope()', 'PUT', 1, 'admin', NULL, '/system/role/dataScope', '221.226.219.116', 'XX XX', '{\"flag\":false,\"roleId\":2,\"admin\":false,\"remark\":\"普通角色\",\"dataScope\":\"2\",\"delFlag\":\"0\",\"params\":{},\"roleSort\":\"2\",\"deptCheckStrictly\":true,\"createTime\":1615524966000,\"menuCheckStrictly\":true,\"roleKey\":\"common\",\"roleName\":\"普通角色\",\"deptIds\":[104,105,109,207,103,208,209,210,211,212,100,101,103,102,108],\"status\":\"0\"}', 'null', 1, '\n### Error updating database.  Cause: java.sql.SQLIntegrityConstraintViolationException: Duplicate entry \'2-103\' for key \'sys_role_dept.PRIMARY\'\n### The error may exist in URL [jar:file:/app.jar!/BOOT-INF/lib/healthplatform-system-1.0.0.jar!/mapper/system/SysRoleDeptMapper.xml]\n### The error may involve defaultParameterMap\n### The error occurred while setting parameters\n### SQL: insert into sys_role_dept(role_id, dept_id) values                        (?,?)          ,              (?,?)          ,              (?,?)          ,              (?,?)          ,              (?,?)          ,              (?,?)          ,              (?,?)          ,              (?,?)          ,              (?,?)          ,              (?,?)          ,              (?,?)          ,              (?,?)          ,              (?,?)          ,              (?,?)          ,              (?,?)\n### Cause: java.sql.SQLIntegrityConstraintViolationException: Duplicate entry \'2-103\' for key \'sys_role_dept.PRIMARY\'\n; Duplicate entry \'2-103\' for key \'sys_role_dept.PRIMARY\'; nested exception is java.sql.SQLIntegrityConstraintViolationException: Duplicate entry \'2-103\' for key \'sys_role_dept.PRIMARY\'', '2021-03-26 09:24:20');
INSERT INTO `sys_oper_log` VALUES (66, '角色管理', 2, 'com.healthplatform.web.controller.system.SysRoleController.dataScope()', 'PUT', 1, 'admin', NULL, '/system/role/dataScope', '221.226.219.116', 'XX XX', '{\"flag\":false,\"roleId\":2,\"admin\":false,\"remark\":\"普通角色\",\"dataScope\":\"2\",\"delFlag\":\"0\",\"params\":{},\"roleSort\":\"2\",\"deptCheckStrictly\":true,\"createTime\":1615524966000,\"menuCheckStrictly\":true,\"roleKey\":\"common\",\"roleName\":\"普通角色\",\"deptIds\":[104,105,109,207,103,208,209,210,211,212,100,101,103,102,108],\"status\":\"0\"}', 'null', 1, '\n### Error updating database.  Cause: java.sql.SQLIntegrityConstraintViolationException: Duplicate entry \'2-103\' for key \'sys_role_dept.PRIMARY\'\n### The error may exist in URL [jar:file:/app.jar!/BOOT-INF/lib/healthplatform-system-1.0.0.jar!/mapper/system/SysRoleDeptMapper.xml]\n### The error may involve defaultParameterMap\n### The error occurred while setting parameters\n### SQL: insert into sys_role_dept(role_id, dept_id) values                        (?,?)          ,              (?,?)          ,              (?,?)          ,              (?,?)          ,              (?,?)          ,              (?,?)          ,              (?,?)          ,              (?,?)          ,              (?,?)          ,              (?,?)          ,              (?,?)          ,              (?,?)          ,              (?,?)          ,              (?,?)          ,              (?,?)\n### Cause: java.sql.SQLIntegrityConstraintViolationException: Duplicate entry \'2-103\' for key \'sys_role_dept.PRIMARY\'\n; Duplicate entry \'2-103\' for key \'sys_role_dept.PRIMARY\'; nested exception is java.sql.SQLIntegrityConstraintViolationException: Duplicate entry \'2-103\' for key \'sys_role_dept.PRIMARY\'', '2021-03-26 09:26:04');
INSERT INTO `sys_oper_log` VALUES (67, '角色管理', 2, 'com.healthplatform.web.controller.system.SysRoleController.dataScope()', 'PUT', 1, 'admin', NULL, '/system/role/dataScope', '221.226.219.116', 'XX XX', '{\"flag\":false,\"roleId\":2,\"admin\":false,\"remark\":\"普通角色\",\"dataScope\":\"2\",\"delFlag\":\"0\",\"params\":{},\"roleSort\":\"2\",\"deptCheckStrictly\":true,\"createTime\":1615524966000,\"menuCheckStrictly\":true,\"roleKey\":\"common\",\"roleName\":\"普通角色\",\"deptIds\":[104,101,105,106,207,103,208,209,210,211,212,100,101,103,102,108],\"status\":\"0\"}', 'null', 1, '\n### Error updating database.  Cause: java.sql.SQLIntegrityConstraintViolationException: Duplicate entry \'2-101\' for key \'sys_role_dept.PRIMARY\'\n### The error may exist in URL [jar:file:/app.jar!/BOOT-INF/lib/healthplatform-system-1.0.0.jar!/mapper/system/SysRoleDeptMapper.xml]\n### The error may involve defaultParameterMap\n### The error occurred while setting parameters\n### SQL: insert into sys_role_dept(role_id, dept_id) values                        (?,?)          ,              (?,?)          ,              (?,?)          ,              (?,?)          ,              (?,?)          ,              (?,?)          ,              (?,?)          ,              (?,?)          ,              (?,?)          ,              (?,?)          ,              (?,?)          ,              (?,?)          ,              (?,?)          ,              (?,?)          ,              (?,?)          ,              (?,?)\n### Cause: java.sql.SQLIntegrityConstraintViolationException: Duplicate entry \'2-101\' for key \'sys_role_dept.PRIMARY\'\n; Duplicate entry \'2-101\' for key \'sys_role_dept.PRIMARY\'; nested exception is java.sql.SQLIntegrityConstraintViolationException: Duplicate entry \'2-101\' for key \'sys_role_dept.PRIMARY\'', '2021-03-26 09:34:11');
INSERT INTO `sys_oper_log` VALUES (68, '角色管理', 2, 'com.healthplatform.web.controller.system.SysRoleController.dataScope()', 'PUT', 1, 'admin', NULL, '/system/role/dataScope', '221.226.219.116', 'XX XX', '{\"flag\":false,\"roleId\":2,\"admin\":false,\"remark\":\"普通角色\",\"dataScope\":\"2\",\"delFlag\":\"0\",\"params\":{},\"roleSort\":\"2\",\"deptCheckStrictly\":true,\"createTime\":1615524966000,\"menuCheckStrictly\":true,\"roleKey\":\"common\",\"roleName\":\"普通角色\",\"deptIds\":[104,101,103,207,208,209,210,211,212,105,106,108,100,101,103,102,108],\"status\":\"0\"}', 'null', 1, '\n### Error updating database.  Cause: java.sql.SQLIntegrityConstraintViolationException: Duplicate entry \'2-101\' for key \'sys_role_dept.PRIMARY\'\n### The error may exist in URL [jar:file:/app.jar!/BOOT-INF/lib/healthplatform-system-1.0.0.jar!/mapper/system/SysRoleDeptMapper.xml]\n### The error may involve defaultParameterMap\n### The error occurred while setting parameters\n### SQL: insert into sys_role_dept(role_id, dept_id) values                        (?,?)          ,              (?,?)          ,              (?,?)          ,              (?,?)          ,              (?,?)          ,              (?,?)          ,              (?,?)          ,              (?,?)          ,              (?,?)          ,              (?,?)          ,              (?,?)          ,              (?,?)          ,              (?,?)          ,              (?,?)          ,              (?,?)          ,              (?,?)          ,              (?,?)\n### Cause: java.sql.SQLIntegrityConstraintViolationException: Duplicate entry \'2-101\' for key \'sys_role_dept.PRIMARY\'\n; Duplicate entry \'2-101\' for key \'sys_role_dept.PRIMARY\'; nested exception is java.sql.SQLIntegrityConstraintViolationException: Duplicate entry \'2-101\' for key \'sys_role_dept.PRIMARY\'', '2021-03-26 09:34:33');
INSERT INTO `sys_oper_log` VALUES (69, '角色管理', 2, 'com.healthplatform.web.controller.system.SysRoleController.dataScope()', 'PUT', 1, 'admin', NULL, '/system/role/dataScope', '221.226.219.116', 'XX XX', '{\"flag\":false,\"roleId\":2,\"admin\":false,\"remark\":\"普通角色\",\"dataScope\":\"2\",\"delFlag\":\"0\",\"params\":{},\"roleSort\":\"2\",\"deptCheckStrictly\":true,\"createTime\":1615524966000,\"menuCheckStrictly\":true,\"roleKey\":\"common\",\"roleName\":\"普通角色\",\"deptIds\":[104,105,106,109,207,208,209,210,211,212,100,101,103,102,108],\"status\":\"0\"}', '{\"msg\":\"操作成功\",\"code\":200}', 0, NULL, '2021-03-26 09:34:41');
INSERT INTO `sys_oper_log` VALUES (70, '角色管理', 2, 'com.healthplatform.web.controller.system.SysRoleController.dataScope()', 'PUT', 1, 'admin', NULL, '/system/role/dataScope', '221.226.219.116', 'XX XX', '{\"flag\":false,\"roleId\":2,\"admin\":false,\"remark\":\"普通角色\",\"dataScope\":\"2\",\"delFlag\":\"0\",\"params\":{},\"roleSort\":\"2\",\"deptCheckStrictly\":true,\"createTime\":1615524966000,\"menuCheckStrictly\":true,\"roleKey\":\"common\",\"roleName\":\"普通角色\",\"deptIds\":[104,101,105,106,108,207,103,208,209,210,211,212,100,101,103,102],\"status\":\"0\"}', 'null', 1, '\n### Error updating database.  Cause: java.sql.SQLIntegrityConstraintViolationException: Duplicate entry \'2-101\' for key \'sys_role_dept.PRIMARY\'\n### The error may exist in URL [jar:file:/app.jar!/BOOT-INF/lib/healthplatform-system-1.0.0.jar!/mapper/system/SysRoleDeptMapper.xml]\n### The error may involve defaultParameterMap\n### The error occurred while setting parameters\n### SQL: insert into sys_role_dept(role_id, dept_id) values                        (?,?)          ,              (?,?)          ,              (?,?)          ,              (?,?)          ,              (?,?)          ,              (?,?)          ,              (?,?)          ,              (?,?)          ,              (?,?)          ,              (?,?)          ,              (?,?)          ,              (?,?)          ,              (?,?)          ,              (?,?)          ,              (?,?)          ,              (?,?)\n### Cause: java.sql.SQLIntegrityConstraintViolationException: Duplicate entry \'2-101\' for key \'sys_role_dept.PRIMARY\'\n; Duplicate entry \'2-101\' for key \'sys_role_dept.PRIMARY\'; nested exception is java.sql.SQLIntegrityConstraintViolationException: Duplicate entry \'2-101\' for key \'sys_role_dept.PRIMARY\'', '2021-03-26 09:34:48');
INSERT INTO `sys_oper_log` VALUES (71, '角色管理', 2, 'com.healthplatform.web.controller.system.SysRoleController.dataScope()', 'PUT', 1, 'admin', NULL, '/system/role/dataScope', '221.226.219.116', 'XX XX', '{\"flag\":false,\"roleId\":2,\"admin\":false,\"remark\":\"普通角色\",\"dataScope\":\"2\",\"delFlag\":\"0\",\"params\":{},\"roleSort\":\"2\",\"deptCheckStrictly\":true,\"createTime\":1615524966000,\"menuCheckStrictly\":true,\"roleKey\":\"common\",\"roleName\":\"普通角色\",\"deptIds\":[104,103,207,208,209,210,211,212,105,108,100,101,103,102],\"status\":\"0\"}', 'null', 1, '\n### Error updating database.  Cause: java.sql.SQLIntegrityConstraintViolationException: Duplicate entry \'2-103\' for key \'sys_role_dept.PRIMARY\'\n### The error may exist in URL [jar:file:/app.jar!/BOOT-INF/lib/healthplatform-system-1.0.0.jar!/mapper/system/SysRoleDeptMapper.xml]\n### The error may involve defaultParameterMap\n### The error occurred while setting parameters\n### SQL: insert into sys_role_dept(role_id, dept_id) values                        (?,?)          ,              (?,?)          ,              (?,?)          ,              (?,?)          ,              (?,?)          ,              (?,?)          ,              (?,?)          ,              (?,?)          ,              (?,?)          ,              (?,?)          ,              (?,?)          ,              (?,?)          ,              (?,?)          ,              (?,?)\n### Cause: java.sql.SQLIntegrityConstraintViolationException: Duplicate entry \'2-103\' for key \'sys_role_dept.PRIMARY\'\n; Duplicate entry \'2-103\' for key \'sys_role_dept.PRIMARY\'; nested exception is java.sql.SQLIntegrityConstraintViolationException: Duplicate entry \'2-103\' for key \'sys_role_dept.PRIMARY\'', '2021-03-26 09:34:57');
INSERT INTO `sys_oper_log` VALUES (72, '角色管理', 2, 'com.healthplatform.web.controller.system.SysRoleController.dataScope()', 'PUT', 1, 'admin', NULL, '/system/role/dataScope', '221.226.219.116', 'XX XX', '{\"flag\":false,\"roleId\":2,\"admin\":false,\"remark\":\"普通角色\",\"dataScope\":\"2\",\"delFlag\":\"0\",\"params\":{},\"roleSort\":\"2\",\"deptCheckStrictly\":true,\"createTime\":1615524966000,\"menuCheckStrictly\":true,\"roleKey\":\"common\",\"roleName\":\"普通角色\",\"deptIds\":[104,101,105,106,207,103,208,209,210,211,212,100,101,103,102],\"status\":\"0\"}', 'null', 1, '\n### Error updating database.  Cause: java.sql.SQLIntegrityConstraintViolationException: Duplicate entry \'2-101\' for key \'sys_role_dept.PRIMARY\'\n### The error may exist in URL [jar:file:/app.jar!/BOOT-INF/lib/healthplatform-system-1.0.0.jar!/mapper/system/SysRoleDeptMapper.xml]\n### The error may involve defaultParameterMap\n### The error occurred while setting parameters\n### SQL: insert into sys_role_dept(role_id, dept_id) values                        (?,?)          ,              (?,?)          ,              (?,?)          ,              (?,?)          ,              (?,?)          ,              (?,?)          ,              (?,?)          ,              (?,?)          ,              (?,?)          ,              (?,?)          ,              (?,?)          ,              (?,?)          ,              (?,?)          ,              (?,?)          ,              (?,?)\n### Cause: java.sql.SQLIntegrityConstraintViolationException: Duplicate entry \'2-101\' for key \'sys_role_dept.PRIMARY\'\n; Duplicate entry \'2-101\' for key \'sys_role_dept.PRIMARY\'; nested exception is java.sql.SQLIntegrityConstraintViolationException: Duplicate entry \'2-101\' for key \'sys_role_dept.PRIMARY\'', '2021-03-26 09:35:10');
INSERT INTO `sys_oper_log` VALUES (73, '角色管理', 2, 'com.healthplatform.web.controller.system.SysRoleController.dataScope()', 'PUT', 1, 'admin', NULL, '/system/role/dataScope', '221.226.219.116', 'XX XX', '{\"flag\":false,\"roleId\":2,\"admin\":false,\"remark\":\"普通角色\",\"dataScope\":\"2\",\"delFlag\":\"0\",\"params\":{},\"roleSort\":\"2\",\"deptCheckStrictly\":true,\"createTime\":1615524966000,\"menuCheckStrictly\":true,\"roleKey\":\"common\",\"roleName\":\"普通角色\",\"deptIds\":[104,103,207,208,209,210,211,212,105,100,101,103,102],\"status\":\"0\"}', 'null', 1, '\n### Error updating database.  Cause: java.sql.SQLIntegrityConstraintViolationException: Duplicate entry \'2-103\' for key \'sys_role_dept.PRIMARY\'\n### The error may exist in URL [jar:file:/app.jar!/BOOT-INF/lib/healthplatform-system-1.0.0.jar!/mapper/system/SysRoleDeptMapper.xml]\n### The error may involve defaultParameterMap\n### The error occurred while setting parameters\n### SQL: insert into sys_role_dept(role_id, dept_id) values                        (?,?)          ,              (?,?)          ,              (?,?)          ,              (?,?)          ,              (?,?)          ,              (?,?)          ,              (?,?)          ,              (?,?)          ,              (?,?)          ,              (?,?)          ,              (?,?)          ,              (?,?)          ,              (?,?)\n### Cause: java.sql.SQLIntegrityConstraintViolationException: Duplicate entry \'2-103\' for key \'sys_role_dept.PRIMARY\'\n; Duplicate entry \'2-103\' for key \'sys_role_dept.PRIMARY\'; nested exception is java.sql.SQLIntegrityConstraintViolationException: Duplicate entry \'2-103\' for key \'sys_role_dept.PRIMARY\'', '2021-03-26 09:35:17');
INSERT INTO `sys_oper_log` VALUES (74, '角色管理', 2, 'com.healthplatform.web.controller.system.SysRoleController.dataScope()', 'PUT', 1, 'admin', NULL, '/system/role/dataScope', '192.168.101.5', '内网IP', '{\"flag\":false,\"roleId\":2,\"admin\":false,\"remark\":\"普通角色\",\"dataScope\":\"2\",\"delFlag\":\"0\",\"params\":{},\"roleSort\":\"2\",\"deptCheckStrictly\":true,\"createTime\":1615524966000,\"menuCheckStrictly\":true,\"roleKey\":\"common\",\"roleName\":\"普通角色\",\"deptIds\":[104,101,105,106,108,207,103,208,209,210,211,212,100,101,103,102],\"status\":\"0\"}', 'null', 1, '\r\n### Error updating database.  Cause: java.sql.SQLIntegrityConstraintViolationException: Duplicate entry \'2-101\' for key \'sys_role_dept.PRIMARY\'\r\n### The error may exist in file [C:\\Users\\LHH-SHENMO\\Desktop\\healthplatform\\healthplatform\\healthplatform-system\\target\\classes\\mapper\\system\\SysRoleDeptMapper.xml]\r\n### The error may involve defaultParameterMap\r\n### The error occurred while setting parameters\r\n### SQL: insert into sys_role_dept(role_id, dept_id) values                        (?,?)          ,              (?,?)          ,              (?,?)          ,              (?,?)          ,              (?,?)          ,              (?,?)          ,              (?,?)          ,              (?,?)          ,              (?,?)          ,              (?,?)          ,              (?,?)          ,              (?,?)          ,              (?,?)          ,              (?,?)          ,              (?,?)          ,              (?,?)\r\n### Cause: java.sql.SQLIntegrityConstraintViolationException: Duplicate entry \'2-101\' for key \'sys_role_dept.PRIMARY\'\n; Duplicate entry \'2-101\' for key \'sys_role_dept.PRIMARY\'; nested exception is java.sql.SQLIntegrityConstraintViolationException: Duplicate entry \'2-101\' for key \'sys_role_dept.PRIMARY\'', '2021-03-26 11:19:20');
INSERT INTO `sys_oper_log` VALUES (75, '角色管理', 2, 'com.healthplatform.web.controller.system.SysRoleController.dataScope()', 'PUT', 1, 'admin', NULL, '/system/role/dataScope', '192.168.101.5', '内网IP', '{\"flag\":false,\"roleId\":2,\"admin\":false,\"remark\":\"普通角色\",\"dataScope\":\"2\",\"delFlag\":\"0\",\"params\":{},\"roleSort\":\"2\",\"deptCheckStrictly\":true,\"createTime\":1615524966000,\"menuCheckStrictly\":true,\"roleKey\":\"common\",\"roleName\":\"普通角色\",\"deptIds\":[104,101,105,106,108,207,103,208,209,210,211,212,100,101,103,102],\"status\":\"0\"}', 'null', 1, '\r\n### Error updating database.  Cause: java.sql.SQLIntegrityConstraintViolationException: Duplicate entry \'2-101\' for key \'sys_role_dept.PRIMARY\'\r\n### The error may exist in file [C:\\Users\\LHH-SHENMO\\Desktop\\healthplatform\\healthplatform\\healthplatform-system\\target\\classes\\mapper\\system\\SysRoleDeptMapper.xml]\r\n### The error may involve defaultParameterMap\r\n### The error occurred while setting parameters\r\n### SQL: insert into sys_role_dept(role_id, dept_id) values                        (?,?)          ,              (?,?)          ,              (?,?)          ,              (?,?)          ,              (?,?)          ,              (?,?)          ,              (?,?)          ,              (?,?)          ,              (?,?)          ,              (?,?)          ,              (?,?)          ,              (?,?)          ,              (?,?)          ,              (?,?)          ,              (?,?)          ,              (?,?)\r\n### Cause: java.sql.SQLIntegrityConstraintViolationException: Duplicate entry \'2-101\' for key \'sys_role_dept.PRIMARY\'\n; Duplicate entry \'2-101\' for key \'sys_role_dept.PRIMARY\'; nested exception is java.sql.SQLIntegrityConstraintViolationException: Duplicate entry \'2-101\' for key \'sys_role_dept.PRIMARY\'', '2021-03-26 11:26:16');
INSERT INTO `sys_oper_log` VALUES (76, '角色管理', 2, 'com.healthplatform.web.controller.system.SysRoleController.dataScope()', 'PUT', 1, 'admin', NULL, '/system/role/dataScope', '192.168.101.5', '内网IP', '{\"flag\":false,\"roleId\":2,\"admin\":false,\"remark\":\"普通角色\",\"dataScope\":\"2\",\"delFlag\":\"0\",\"params\":{},\"roleSort\":\"2\",\"deptCheckStrictly\":true,\"createTime\":1615524966000,\"menuCheckStrictly\":true,\"roleKey\":\"common\",\"roleName\":\"普通角色\",\"deptIds\":[100,101,103,207,208,209,210,211,212,104,105,106,102,108,109],\"status\":\"0\"}', '{\"msg\":\"操作成功\",\"code\":200}', 0, NULL, '2021-03-26 11:29:30');
INSERT INTO `sys_oper_log` VALUES (77, '角色管理', 2, 'com.healthplatform.web.controller.system.SysRoleController.dataScope()', 'PUT', 1, 'admin', NULL, '/system/role/dataScope', '192.168.101.5', '内网IP', '{\"flag\":false,\"roleId\":2,\"admin\":false,\"remark\":\"普通角色\",\"dataScope\":\"2\",\"delFlag\":\"0\",\"params\":{},\"roleSort\":\"2\",\"deptCheckStrictly\":true,\"createTime\":1615524966000,\"menuCheckStrictly\":true,\"roleKey\":\"common\",\"roleName\":\"普通角色\",\"deptIds\":[104,101,105,106,108,207,103,208,209,210,211,212,100,101,103,102],\"status\":\"0\"}', 'null', 1, '\r\n### Error updating database.  Cause: java.sql.SQLIntegrityConstraintViolationException: Duplicate entry \'2-101\' for key \'sys_role_dept.PRIMARY\'\r\n### The error may exist in file [C:\\Users\\LHH-SHENMO\\Desktop\\healthplatform\\healthplatform\\healthplatform-system\\target\\classes\\mapper\\system\\SysRoleDeptMapper.xml]\r\n### The error may involve defaultParameterMap\r\n### The error occurred while setting parameters\r\n### SQL: insert into sys_role_dept(role_id, dept_id) values                        (?,?)          ,              (?,?)          ,              (?,?)          ,              (?,?)          ,              (?,?)          ,              (?,?)          ,              (?,?)          ,              (?,?)          ,              (?,?)          ,              (?,?)          ,              (?,?)          ,              (?,?)          ,              (?,?)          ,              (?,?)          ,              (?,?)          ,              (?,?)\r\n### Cause: java.sql.SQLIntegrityConstraintViolationException: Duplicate entry \'2-101\' for key \'sys_role_dept.PRIMARY\'\n; Duplicate entry \'2-101\' for key \'sys_role_dept.PRIMARY\'; nested exception is java.sql.SQLIntegrityConstraintViolationException: Duplicate entry \'2-101\' for key \'sys_role_dept.PRIMARY\'', '2021-03-26 11:29:37');
INSERT INTO `sys_oper_log` VALUES (78, '角色管理', 2, 'com.healthplatform.web.controller.system.SysRoleController.dataScope()', 'PUT', 1, 'admin', NULL, '/system/role/dataScope', '192.168.101.5', '内网IP', '{\"flag\":false,\"roleId\":2,\"admin\":false,\"remark\":\"普通角色\",\"dataScope\":\"2\",\"delFlag\":\"0\",\"params\":{},\"roleSort\":\"2\",\"deptCheckStrictly\":true,\"createTime\":1615524966000,\"menuCheckStrictly\":true,\"roleKey\":\"common\",\"roleName\":\"普通角色\",\"deptIds\":[100,101,103,207,208,209,210,211,212,104,105,106,102,108,109],\"status\":\"0\"}', '{\"msg\":\"操作成功\",\"code\":200}', 0, NULL, '2021-03-26 11:31:03');
INSERT INTO `sys_oper_log` VALUES (79, '角色管理', 2, 'com.healthplatform.web.controller.system.SysRoleController.dataScope()', 'PUT', 1, 'admin', NULL, '/system/role/dataScope', '192.168.101.5', '内网IP', '{\"flag\":false,\"roleId\":2,\"admin\":false,\"remark\":\"普通角色\",\"dataScope\":\"2\",\"delFlag\":\"0\",\"params\":{},\"roleSort\":\"2\",\"deptCheckStrictly\":true,\"createTime\":1615524966000,\"menuCheckStrictly\":true,\"roleKey\":\"common\",\"roleName\":\"普通角色\",\"deptIds\":[104,101,105,106,108,207,103,208,209,210,211,212,100,101,103,102],\"status\":\"0\"}', 'null', 1, '\r\n### Error updating database.  Cause: java.sql.SQLIntegrityConstraintViolationException: Duplicate entry \'2-101\' for key \'sys_role_dept.PRIMARY\'\r\n### The error may exist in file [C:\\Users\\LHH-SHENMO\\Desktop\\healthplatform\\healthplatform\\healthplatform-system\\target\\classes\\mapper\\system\\SysRoleDeptMapper.xml]\r\n### The error may involve defaultParameterMap\r\n### The error occurred while setting parameters\r\n### SQL: insert into sys_role_dept(role_id, dept_id) values                        (?,?)          ,              (?,?)          ,              (?,?)          ,              (?,?)          ,              (?,?)          ,              (?,?)          ,              (?,?)          ,              (?,?)          ,              (?,?)          ,              (?,?)          ,              (?,?)          ,              (?,?)          ,              (?,?)          ,              (?,?)          ,              (?,?)          ,              (?,?)\r\n### Cause: java.sql.SQLIntegrityConstraintViolationException: Duplicate entry \'2-101\' for key \'sys_role_dept.PRIMARY\'\n; Duplicate entry \'2-101\' for key \'sys_role_dept.PRIMARY\'; nested exception is java.sql.SQLIntegrityConstraintViolationException: Duplicate entry \'2-101\' for key \'sys_role_dept.PRIMARY\'', '2021-03-26 11:31:10');
INSERT INTO `sys_oper_log` VALUES (80, '角色管理', 2, 'com.healthplatform.web.controller.system.SysRoleController.dataScope()', 'PUT', 1, 'admin', NULL, '/system/role/dataScope', '192.168.101.5', '内网IP', '{\"flag\":false,\"roleId\":2,\"admin\":false,\"remark\":\"普通角色\",\"dataScope\":\"2\",\"delFlag\":\"0\",\"params\":{},\"roleSort\":\"2\",\"deptCheckStrictly\":true,\"createTime\":1615524966000,\"menuCheckStrictly\":true,\"roleKey\":\"common\",\"roleName\":\"普通角色\",\"deptIds\":[104,101,105,106,207,103,208,209,210,211,212,100,101,103,102],\"status\":\"0\"}', 'null', 1, '\r\n### Error updating database.  Cause: java.sql.SQLIntegrityConstraintViolationException: Duplicate entry \'2-101\' for key \'sys_role_dept.PRIMARY\'\r\n### The error may exist in file [C:\\Users\\LHH-SHENMO\\Desktop\\healthplatform\\healthplatform\\healthplatform-system\\target\\classes\\mapper\\system\\SysRoleDeptMapper.xml]\r\n### The error may involve defaultParameterMap\r\n### The error occurred while setting parameters\r\n### SQL: insert into sys_role_dept(role_id, dept_id) values                        (?,?)          ,              (?,?)          ,              (?,?)          ,              (?,?)          ,              (?,?)          ,              (?,?)          ,              (?,?)          ,              (?,?)          ,              (?,?)          ,              (?,?)          ,              (?,?)          ,              (?,?)          ,              (?,?)          ,              (?,?)          ,              (?,?)\r\n### Cause: java.sql.SQLIntegrityConstraintViolationException: Duplicate entry \'2-101\' for key \'sys_role_dept.PRIMARY\'\n; Duplicate entry \'2-101\' for key \'sys_role_dept.PRIMARY\'; nested exception is java.sql.SQLIntegrityConstraintViolationException: Duplicate entry \'2-101\' for key \'sys_role_dept.PRIMARY\'', '2021-03-26 11:32:56');
INSERT INTO `sys_oper_log` VALUES (81, '角色管理', 2, 'com.healthplatform.web.controller.system.SysRoleController.dataScope()', 'PUT', 1, 'admin', NULL, '/system/role/dataScope', '192.168.101.5', '内网IP', '{\"flag\":false,\"roleId\":2,\"admin\":false,\"remark\":\"普通角色\",\"dataScope\":\"2\",\"delFlag\":\"0\",\"params\":{},\"roleSort\":\"2\",\"deptCheckStrictly\":true,\"createTime\":1615524966000,\"menuCheckStrictly\":true,\"roleKey\":\"common\",\"roleName\":\"普通角色\",\"deptIds\":[104,101,105,106,207,103,208,209,210,211,212,100,101,103,102],\"status\":\"0\"}', 'null', 1, '\r\n### Error updating database.  Cause: java.sql.SQLIntegrityConstraintViolationException: Duplicate entry \'2-101\' for key \'sys_role_dept.PRIMARY\'\r\n### The error may exist in file [C:\\Users\\LHH-SHENMO\\Desktop\\healthplatform\\healthplatform\\healthplatform-system\\target\\classes\\mapper\\system\\SysRoleDeptMapper.xml]\r\n### The error may involve defaultParameterMap\r\n### The error occurred while setting parameters\r\n### SQL: insert into sys_role_dept(role_id, dept_id) values                        (?,?)          ,              (?,?)          ,              (?,?)          ,              (?,?)          ,              (?,?)          ,              (?,?)          ,              (?,?)          ,              (?,?)          ,              (?,?)          ,              (?,?)          ,              (?,?)          ,              (?,?)          ,              (?,?)          ,              (?,?)          ,              (?,?)\r\n### Cause: java.sql.SQLIntegrityConstraintViolationException: Duplicate entry \'2-101\' for key \'sys_role_dept.PRIMARY\'\n; Duplicate entry \'2-101\' for key \'sys_role_dept.PRIMARY\'; nested exception is java.sql.SQLIntegrityConstraintViolationException: Duplicate entry \'2-101\' for key \'sys_role_dept.PRIMARY\'', '2021-03-26 11:36:07');
INSERT INTO `sys_oper_log` VALUES (82, '角色管理', 2, 'com.healthplatform.web.controller.system.SysRoleController.dataScope()', 'PUT', 1, 'admin', NULL, '/system/role/dataScope', '192.168.101.5', '内网IP', '{\"flag\":false,\"roleId\":2,\"admin\":false,\"remark\":\"普通角色\",\"dataScope\":\"2\",\"delFlag\":\"0\",\"params\":{},\"roleSort\":\"2\",\"deptCheckStrictly\":true,\"createTime\":1615524966000,\"menuCheckStrictly\":true,\"roleKey\":\"common\",\"roleName\":\"普通角色\",\"deptIds\":[101,103,207,208,209,210,211,212,104,105,106,100,101,103,102],\"status\":\"0\"}', '{\"msg\":\"操作成功\",\"code\":200}', 0, NULL, '2021-03-26 11:38:05');
INSERT INTO `sys_oper_log` VALUES (83, '角色管理', 2, 'com.healthplatform.web.controller.system.SysRoleController.dataScope()', 'PUT', 1, 'admin', NULL, '/system/role/dataScope', '192.168.101.5', '内网IP', '{\"flag\":false,\"roleId\":2,\"admin\":false,\"remark\":\"普通角色\",\"dataScope\":\"2\",\"delFlag\":\"0\",\"params\":{},\"roleSort\":\"2\",\"deptCheckStrictly\":true,\"createTime\":1615524966000,\"menuCheckStrictly\":true,\"roleKey\":\"common\",\"roleName\":\"普通角色\",\"deptIds\":[100,101,103,207,208,209,210,211,212,104,105,106,102,108,109],\"status\":\"0\"}', '{\"msg\":\"操作成功\",\"code\":200}', 0, NULL, '2021-03-26 11:39:18');
INSERT INTO `sys_oper_log` VALUES (84, '角色管理', 2, 'com.healthplatform.web.controller.system.SysRoleController.dataScope()', 'PUT', 1, 'admin', NULL, '/system/role/dataScope', '192.168.101.5', '内网IP', '{\"flag\":false,\"roleId\":2,\"admin\":false,\"remark\":\"普通角色\",\"dataScope\":\"2\",\"delFlag\":\"0\",\"params\":{},\"roleSort\":\"2\",\"deptCheckStrictly\":true,\"createTime\":1615524966000,\"menuCheckStrictly\":true,\"roleKey\":\"common\",\"roleName\":\"普通角色\",\"deptIds\":[104,101,105,106,207,103,208,209,210,211,212,100,101,103,102],\"status\":\"0\"}', 'null', 1, '\r\n### Error updating database.  Cause: java.sql.SQLIntegrityConstraintViolationException: Duplicate entry \'2-101\' for key \'sys_role_dept.PRIMARY\'\r\n### The error may exist in file [C:\\Users\\LHH-SHENMO\\Desktop\\healthplatform\\healthplatform\\healthplatform-system\\target\\classes\\mapper\\system\\SysRoleDeptMapper.xml]\r\n### The error may involve defaultParameterMap\r\n### The error occurred while setting parameters\r\n### SQL: insert into sys_role_dept(role_id, dept_id) values                        (?,?)          ,              (?,?)          ,              (?,?)          ,              (?,?)          ,              (?,?)          ,              (?,?)          ,              (?,?)          ,              (?,?)          ,              (?,?)          ,              (?,?)          ,              (?,?)          ,              (?,?)          ,              (?,?)          ,              (?,?)          ,              (?,?)\r\n### Cause: java.sql.SQLIntegrityConstraintViolationException: Duplicate entry \'2-101\' for key \'sys_role_dept.PRIMARY\'\n; Duplicate entry \'2-101\' for key \'sys_role_dept.PRIMARY\'; nested exception is java.sql.SQLIntegrityConstraintViolationException: Duplicate entry \'2-101\' for key \'sys_role_dept.PRIMARY\'', '2021-03-26 11:39:23');
INSERT INTO `sys_oper_log` VALUES (85, '角色管理', 2, 'com.healthplatform.web.controller.system.SysRoleController.dataScope()', 'PUT', 1, 'admin', NULL, '/system/role/dataScope', '192.168.101.5', '内网IP', '{\"flag\":false,\"roleId\":2,\"admin\":false,\"remark\":\"普通角色\",\"dataScope\":\"2\",\"delFlag\":\"0\",\"params\":{},\"roleSort\":\"2\",\"deptCheckStrictly\":true,\"createTime\":1615524966000,\"menuCheckStrictly\":true,\"roleKey\":\"common\",\"roleName\":\"普通角色\",\"deptIds\":[104,101,105,106,207,103,208,209,210,211,212,100,101,103,102],\"status\":\"0\"}', 'null', 1, '\r\n### Error updating database.  Cause: java.sql.SQLIntegrityConstraintViolationException: Duplicate entry \'2-101\' for key \'sys_role_dept.PRIMARY\'\r\n### The error may exist in file [C:\\Users\\LHH-SHENMO\\Desktop\\healthplatform\\healthplatform\\healthplatform-system\\target\\classes\\mapper\\system\\SysRoleDeptMapper.xml]\r\n### The error may involve defaultParameterMap\r\n### The error occurred while setting parameters\r\n### SQL: insert into sys_role_dept(role_id, dept_id) values                        (?,?)          ,              (?,?)          ,              (?,?)          ,              (?,?)          ,              (?,?)          ,              (?,?)          ,              (?,?)          ,              (?,?)          ,              (?,?)          ,              (?,?)          ,              (?,?)          ,              (?,?)          ,              (?,?)          ,              (?,?)          ,              (?,?)\r\n### Cause: java.sql.SQLIntegrityConstraintViolationException: Duplicate entry \'2-101\' for key \'sys_role_dept.PRIMARY\'\n; Duplicate entry \'2-101\' for key \'sys_role_dept.PRIMARY\'; nested exception is java.sql.SQLIntegrityConstraintViolationException: Duplicate entry \'2-101\' for key \'sys_role_dept.PRIMARY\'', '2021-03-26 11:39:29');
INSERT INTO `sys_oper_log` VALUES (86, '角色管理', 2, 'com.healthplatform.web.controller.system.SysRoleController.dataScope()', 'PUT', 1, 'admin', NULL, '/system/role/dataScope', '192.168.101.5', '内网IP', '{\"flag\":false,\"roleId\":2,\"admin\":false,\"remark\":\"普通角色\",\"dataScope\":\"2\",\"delFlag\":\"0\",\"params\":{},\"roleSort\":\"2\",\"deptCheckStrictly\":true,\"createTime\":1615524966000,\"menuCheckStrictly\":true,\"roleKey\":\"common\",\"roleName\":\"普通角色\",\"deptIds\":[104,101,105,106,207,103,208,209,210,211,212,100,101,103,102],\"status\":\"0\"}', 'null', 1, '\r\n### Error updating database.  Cause: java.sql.SQLIntegrityConstraintViolationException: Duplicate entry \'2-101\' for key \'sys_role_dept.PRIMARY\'\r\n### The error may exist in file [C:\\Users\\LHH-SHENMO\\Desktop\\healthplatform\\healthplatform\\healthplatform-system\\target\\classes\\mapper\\system\\SysRoleDeptMapper.xml]\r\n### The error may involve defaultParameterMap\r\n### The error occurred while setting parameters\r\n### SQL: insert into sys_role_dept(role_id, dept_id) values                        (?,?)          ,              (?,?)          ,              (?,?)          ,              (?,?)          ,              (?,?)          ,              (?,?)          ,              (?,?)          ,              (?,?)          ,              (?,?)          ,              (?,?)          ,              (?,?)          ,              (?,?)          ,              (?,?)          ,              (?,?)          ,              (?,?)\r\n### Cause: java.sql.SQLIntegrityConstraintViolationException: Duplicate entry \'2-101\' for key \'sys_role_dept.PRIMARY\'\n; Duplicate entry \'2-101\' for key \'sys_role_dept.PRIMARY\'; nested exception is java.sql.SQLIntegrityConstraintViolationException: Duplicate entry \'2-101\' for key \'sys_role_dept.PRIMARY\'', '2021-03-26 11:39:31');
INSERT INTO `sys_oper_log` VALUES (87, '角色管理', 2, 'com.healthplatform.web.controller.system.SysRoleController.dataScope()', 'PUT', 1, 'admin', NULL, '/system/role/dataScope', '192.168.101.5', '内网IP', '{\"flag\":false,\"roleId\":2,\"admin\":false,\"remark\":\"普通角色\",\"dataScope\":\"2\",\"delFlag\":\"0\",\"params\":{},\"roleSort\":\"2\",\"deptCheckStrictly\":true,\"createTime\":1615524966000,\"menuCheckStrictly\":true,\"roleKey\":\"common\",\"roleName\":\"普通角色\",\"deptIds\":[100,101,103,207,208,209,210,211,212,104,105,106,102,108,109],\"status\":\"0\"}', '{\"msg\":\"操作成功\",\"code\":200}', 0, NULL, '2021-03-26 11:44:46');
INSERT INTO `sys_oper_log` VALUES (88, '角色管理', 2, 'com.healthplatform.web.controller.system.SysRoleController.dataScope()', 'PUT', 1, 'admin', NULL, '/system/role/dataScope', '192.168.101.5', '内网IP', '{\"flag\":false,\"roleId\":2,\"admin\":false,\"remark\":\"普通角色\",\"dataScope\":\"2\",\"delFlag\":\"0\",\"params\":{},\"roleSort\":\"2\",\"deptCheckStrictly\":true,\"createTime\":1615524966000,\"menuCheckStrictly\":true,\"roleKey\":\"common\",\"roleName\":\"普通角色\",\"deptIds\":[104,101,105,106,207,103,208,209,210,211,212,100,101,103,102],\"status\":\"0\"}', 'null', 1, '\r\n### Error updating database.  Cause: java.sql.SQLIntegrityConstraintViolationException: Duplicate entry \'2-101\' for key \'sys_role_dept.PRIMARY\'\r\n### The error may exist in file [C:\\Users\\LHH-SHENMO\\Desktop\\healthplatform\\healthplatform\\healthplatform-system\\target\\classes\\mapper\\system\\SysRoleDeptMapper.xml]\r\n### The error may involve defaultParameterMap\r\n### The error occurred while setting parameters\r\n### SQL: insert into sys_role_dept(role_id, dept_id) values                        (?,?)          ,              (?,?)          ,              (?,?)          ,              (?,?)          ,              (?,?)          ,              (?,?)          ,              (?,?)          ,              (?,?)          ,              (?,?)          ,              (?,?)          ,              (?,?)          ,              (?,?)          ,              (?,?)          ,              (?,?)          ,              (?,?)\r\n### Cause: java.sql.SQLIntegrityConstraintViolationException: Duplicate entry \'2-101\' for key \'sys_role_dept.PRIMARY\'\n; Duplicate entry \'2-101\' for key \'sys_role_dept.PRIMARY\'; nested exception is java.sql.SQLIntegrityConstraintViolationException: Duplicate entry \'2-101\' for key \'sys_role_dept.PRIMARY\'', '2021-03-26 11:44:56');
INSERT INTO `sys_oper_log` VALUES (89, '角色管理', 2, 'com.healthplatform.web.controller.system.SysRoleController.dataScope()', 'PUT', 1, 'admin', NULL, '/system/role/dataScope', '192.168.101.5', '内网IP', '{\"flag\":false,\"roleId\":2,\"admin\":false,\"remark\":\"普通角色\",\"dataScope\":\"2\",\"delFlag\":\"0\",\"params\":{},\"roleSort\":\"2\",\"deptCheckStrictly\":true,\"createTime\":1615524966000,\"menuCheckStrictly\":true,\"roleKey\":\"common\",\"roleName\":\"普通角色\",\"deptIds\":[104,101,105,106,207,103,208,209,210,211,212,100,101,103,102],\"status\":\"0\"}', 'null', 1, '\r\n### Error updating database.  Cause: java.sql.SQLIntegrityConstraintViolationException: Duplicate entry \'2-101\' for key \'sys_role_dept.PRIMARY\'\r\n### The error may exist in file [C:\\Users\\LHH-SHENMO\\Desktop\\healthplatform\\healthplatform\\healthplatform-system\\target\\classes\\mapper\\system\\SysRoleDeptMapper.xml]\r\n### The error may involve defaultParameterMap\r\n### The error occurred while setting parameters\r\n### SQL: insert into sys_role_dept(role_id, dept_id) values                        (?,?)          ,              (?,?)          ,              (?,?)          ,              (?,?)          ,              (?,?)          ,              (?,?)          ,              (?,?)          ,              (?,?)          ,              (?,?)          ,              (?,?)          ,              (?,?)          ,              (?,?)          ,              (?,?)          ,              (?,?)          ,              (?,?)\r\n### Cause: java.sql.SQLIntegrityConstraintViolationException: Duplicate entry \'2-101\' for key \'sys_role_dept.PRIMARY\'\n; Duplicate entry \'2-101\' for key \'sys_role_dept.PRIMARY\'; nested exception is java.sql.SQLIntegrityConstraintViolationException: Duplicate entry \'2-101\' for key \'sys_role_dept.PRIMARY\'', '2021-03-26 11:47:34');
INSERT INTO `sys_oper_log` VALUES (90, '角色管理', 2, 'com.healthplatform.web.controller.system.SysRoleController.dataScope()', 'PUT', 1, NULL, NULL, '/system/role/dataScope', '192.168.101.5', '内网IP', '{\"flag\":false,\"roleId\":2,\"admin\":false,\"remark\":\"普通角色\",\"dataScope\":\"2\",\"delFlag\":\"0\",\"params\":{},\"roleSort\":\"2\",\"deptCheckStrictly\":true,\"createTime\":1615524966000,\"menuCheckStrictly\":true,\"roleKey\":\"common\",\"roleName\":\"普通角色\",\"deptIds\":[104,101,105,106,207,103,208,209,210,211,212,100,101,103,102],\"status\":\"0\"}', 'null', 1, '\r\n### Error updating database.  Cause: java.sql.SQLIntegrityConstraintViolationException: Duplicate entry \'2-101\' for key \'sys_role_dept.PRIMARY\'\r\n### The error may exist in file [C:\\Users\\LHH-SHENMO\\Desktop\\healthplatform\\healthplatform\\healthplatform-system\\target\\classes\\mapper\\system\\SysRoleDeptMapper.xml]\r\n### The error may involve defaultParameterMap\r\n### The error occurred while setting parameters\r\n### SQL: insert into sys_role_dept(role_id, dept_id) values                        (?,?)          ,              (?,?)          ,              (?,?)          ,              (?,?)          ,              (?,?)          ,              (?,?)          ,              (?,?)          ,              (?,?)          ,              (?,?)          ,              (?,?)          ,              (?,?)          ,              (?,?)          ,              (?,?)          ,              (?,?)          ,              (?,?)\r\n### Cause: java.sql.SQLIntegrityConstraintViolationException: Duplicate entry \'2-101\' for key \'sys_role_dept.PRIMARY\'\n; Duplicate entry \'2-101\' for key \'sys_role_dept.PRIMARY\'; nested exception is java.sql.SQLIntegrityConstraintViolationException: Duplicate entry \'2-101\' for key \'sys_role_dept.PRIMARY\'', '2021-03-26 11:48:44');
INSERT INTO `sys_oper_log` VALUES (91, '角色管理', 2, 'com.healthplatform.web.controller.system.SysRoleController.dataScope()', 'PUT', 1, NULL, NULL, '/system/role/dataScope', '192.168.101.5', '内网IP', '{\"flag\":false,\"roleId\":2,\"admin\":false,\"remark\":\"普通角色\",\"dataScope\":\"2\",\"delFlag\":\"0\",\"params\":{},\"roleSort\":\"2\",\"deptCheckStrictly\":true,\"createTime\":1615524966000,\"menuCheckStrictly\":true,\"roleKey\":\"common\",\"roleName\":\"普通角色\",\"deptIds\":[104,101,105,106,207,103,208,209,210,211,212,100,101,103,102],\"status\":\"0\"}', 'null', 1, '\r\n### Error updating database.  Cause: java.sql.SQLIntegrityConstraintViolationException: Duplicate entry \'2-101\' for key \'sys_role_dept.PRIMARY\'\r\n### The error may exist in file [C:\\Users\\LHH-SHENMO\\Desktop\\healthplatform\\healthplatform\\healthplatform-system\\target\\classes\\mapper\\system\\SysRoleDeptMapper.xml]\r\n### The error may involve defaultParameterMap\r\n### The error occurred while setting parameters\r\n### SQL: insert into sys_role_dept(role_id, dept_id) values                        (?,?)          ,              (?,?)          ,              (?,?)          ,              (?,?)          ,              (?,?)          ,              (?,?)          ,              (?,?)          ,              (?,?)          ,              (?,?)          ,              (?,?)          ,              (?,?)          ,              (?,?)          ,              (?,?)          ,              (?,?)          ,              (?,?)\r\n### Cause: java.sql.SQLIntegrityConstraintViolationException: Duplicate entry \'2-101\' for key \'sys_role_dept.PRIMARY\'\n; Duplicate entry \'2-101\' for key \'sys_role_dept.PRIMARY\'; nested exception is java.sql.SQLIntegrityConstraintViolationException: Duplicate entry \'2-101\' for key \'sys_role_dept.PRIMARY\'', '2021-03-26 11:48:44');
INSERT INTO `sys_oper_log` VALUES (92, '角色管理', 2, 'com.healthplatform.web.controller.system.SysRoleController.dataScope()', 'PUT', 1, 'admin', NULL, '/system/role/dataScope', '192.168.101.5', '内网IP', '{\"flag\":false,\"roleId\":2,\"admin\":false,\"remark\":\"普通角色\",\"dataScope\":\"2\",\"delFlag\":\"0\",\"params\":{},\"roleSort\":\"2\",\"deptCheckStrictly\":true,\"createTime\":1615524966000,\"menuCheckStrictly\":true,\"roleKey\":\"common\",\"roleName\":\"普通角色\",\"deptIds\":[104,101,105,106,207,103,208,209,210,211,212,100,101,103,102],\"status\":\"0\"}', 'null', 1, '\r\n### Error updating database.  Cause: java.sql.SQLIntegrityConstraintViolationException: Duplicate entry \'2-101\' for key \'sys_role_dept.PRIMARY\'\r\n### The error may exist in file [C:\\Users\\LHH-SHENMO\\Desktop\\healthplatform\\healthplatform\\healthplatform-system\\target\\classes\\mapper\\system\\SysRoleDeptMapper.xml]\r\n### The error may involve defaultParameterMap\r\n### The error occurred while setting parameters\r\n### SQL: insert into sys_role_dept(role_id, dept_id) values                        (?,?)          ,              (?,?)          ,              (?,?)          ,              (?,?)          ,              (?,?)          ,              (?,?)          ,              (?,?)          ,              (?,?)          ,              (?,?)          ,              (?,?)          ,              (?,?)          ,              (?,?)          ,              (?,?)          ,              (?,?)          ,              (?,?)\r\n### Cause: java.sql.SQLIntegrityConstraintViolationException: Duplicate entry \'2-101\' for key \'sys_role_dept.PRIMARY\'\n; Duplicate entry \'2-101\' for key \'sys_role_dept.PRIMARY\'; nested exception is java.sql.SQLIntegrityConstraintViolationException: Duplicate entry \'2-101\' for key \'sys_role_dept.PRIMARY\'', '2021-03-26 11:49:17');
INSERT INTO `sys_oper_log` VALUES (93, '角色管理', 2, 'com.healthplatform.web.controller.system.SysRoleController.dataScope()', 'PUT', 1, 'admin', NULL, '/system/role/dataScope', '192.168.101.5', '内网IP', '{\"flag\":false,\"roleId\":2,\"admin\":false,\"remark\":\"普通角色\",\"dataScope\":\"2\",\"delFlag\":\"0\",\"params\":{},\"roleSort\":\"2\",\"deptCheckStrictly\":true,\"createTime\":1615524966000,\"menuCheckStrictly\":true,\"roleKey\":\"common\",\"roleName\":\"普通角色\",\"deptIds\":[104,101,105,106,207,103,208,209,210,211,212,100,101,103,102],\"status\":\"0\"}', 'null', 1, '\r\n### Error updating database.  Cause: java.sql.SQLIntegrityConstraintViolationException: Duplicate entry \'2-101\' for key \'sys_role_dept.PRIMARY\'\r\n### The error may exist in file [C:\\Users\\LHH-SHENMO\\Desktop\\healthplatform\\healthplatform\\healthplatform-system\\target\\classes\\mapper\\system\\SysRoleDeptMapper.xml]\r\n### The error may involve defaultParameterMap\r\n### The error occurred while setting parameters\r\n### SQL: insert into sys_role_dept(role_id, dept_id) values                        (?,?)          ,              (?,?)          ,              (?,?)          ,              (?,?)          ,              (?,?)          ,              (?,?)          ,              (?,?)          ,              (?,?)          ,              (?,?)          ,              (?,?)          ,              (?,?)          ,              (?,?)          ,              (?,?)          ,              (?,?)          ,              (?,?)\r\n### Cause: java.sql.SQLIntegrityConstraintViolationException: Duplicate entry \'2-101\' for key \'sys_role_dept.PRIMARY\'\n; Duplicate entry \'2-101\' for key \'sys_role_dept.PRIMARY\'; nested exception is java.sql.SQLIntegrityConstraintViolationException: Duplicate entry \'2-101\' for key \'sys_role_dept.PRIMARY\'', '2021-03-26 11:49:30');
INSERT INTO `sys_oper_log` VALUES (94, '角色管理', 2, 'com.healthplatform.web.controller.system.SysRoleController.dataScope()', 'PUT', 1, 'admin', NULL, '/system/role/dataScope', '192.168.101.5', '内网IP', '{\"flag\":false,\"roleId\":2,\"admin\":false,\"remark\":\"普通角色\",\"dataScope\":\"2\",\"delFlag\":\"0\",\"params\":{},\"roleSort\":\"2\",\"deptCheckStrictly\":true,\"createTime\":1615524966000,\"menuCheckStrictly\":true,\"roleKey\":\"common\",\"roleName\":\"普通角色\",\"deptIds\":[104,101,105,106,207,103,208,209,210,211,212,100,101,103,102],\"status\":\"0\"}', 'null', 1, '\r\n### Error updating database.  Cause: java.sql.SQLIntegrityConstraintViolationException: Duplicate entry \'2-101\' for key \'sys_role_dept.PRIMARY\'\r\n### The error may exist in file [C:\\Users\\LHH-SHENMO\\Desktop\\healthplatform\\healthplatform\\healthplatform-system\\target\\classes\\mapper\\system\\SysRoleDeptMapper.xml]\r\n### The error may involve defaultParameterMap\r\n### The error occurred while setting parameters\r\n### SQL: insert into sys_role_dept(role_id, dept_id) values                        (?,?)          ,              (?,?)          ,              (?,?)          ,              (?,?)          ,              (?,?)          ,              (?,?)          ,              (?,?)          ,              (?,?)          ,              (?,?)          ,              (?,?)          ,              (?,?)          ,              (?,?)          ,              (?,?)          ,              (?,?)          ,              (?,?)\r\n### Cause: java.sql.SQLIntegrityConstraintViolationException: Duplicate entry \'2-101\' for key \'sys_role_dept.PRIMARY\'\n; Duplicate entry \'2-101\' for key \'sys_role_dept.PRIMARY\'; nested exception is java.sql.SQLIntegrityConstraintViolationException: Duplicate entry \'2-101\' for key \'sys_role_dept.PRIMARY\'', '2021-03-26 11:52:02');
INSERT INTO `sys_oper_log` VALUES (95, '角色管理', 2, 'com.healthplatform.web.controller.system.SysRoleController.dataScope()', 'PUT', 1, 'admin', NULL, '/system/role/dataScope', '192.168.101.5', '内网IP', '{\"flag\":false,\"roleId\":2,\"admin\":false,\"remark\":\"普通角色\",\"dataScope\":\"2\",\"delFlag\":\"0\",\"params\":{},\"roleSort\":\"2\",\"deptCheckStrictly\":true,\"createTime\":1615524966000,\"menuCheckStrictly\":true,\"roleKey\":\"common\",\"roleName\":\"普通角色\",\"deptIds\":[104,101,105,106,207,103,208,209,210,211,212,100,101,103,102],\"status\":\"0\"}', 'null', 1, '\r\n### Error updating database.  Cause: java.sql.SQLIntegrityConstraintViolationException: Duplicate entry \'2-101\' for key \'sys_role_dept.PRIMARY\'\r\n### The error may exist in file [C:\\Users\\LHH-SHENMO\\Desktop\\healthplatform\\healthplatform\\healthplatform-system\\target\\classes\\mapper\\system\\SysRoleDeptMapper.xml]\r\n### The error may involve defaultParameterMap\r\n### The error occurred while setting parameters\r\n### SQL: insert into sys_role_dept(role_id, dept_id) values                        (?,?)          ,              (?,?)          ,              (?,?)          ,              (?,?)          ,              (?,?)          ,              (?,?)          ,              (?,?)          ,              (?,?)          ,              (?,?)          ,              (?,?)          ,              (?,?)          ,              (?,?)          ,              (?,?)          ,              (?,?)          ,              (?,?)\r\n### Cause: java.sql.SQLIntegrityConstraintViolationException: Duplicate entry \'2-101\' for key \'sys_role_dept.PRIMARY\'\n; Duplicate entry \'2-101\' for key \'sys_role_dept.PRIMARY\'; nested exception is java.sql.SQLIntegrityConstraintViolationException: Duplicate entry \'2-101\' for key \'sys_role_dept.PRIMARY\'', '2021-03-26 11:52:57');
INSERT INTO `sys_oper_log` VALUES (96, '角色管理', 2, 'com.healthplatform.web.controller.system.SysRoleController.edit()', 'PUT', 1, 'admin', NULL, '/system/role', '192.168.101.5', '内网IP', '{\"flag\":false,\"roleId\":2,\"admin\":false,\"remark\":\"普通角色\",\"dataScope\":\"2\",\"delFlag\":\"0\",\"params\":{},\"roleSort\":\"2\",\"deptCheckStrictly\":true,\"createTime\":1615524966000,\"updateBy\":\"admin\",\"menuCheckStrictly\":true,\"roleKey\":\"common\",\"roleName\":\"普通角色\",\"menuIds\":[1001,100,1,1002,1003,1004,1005,1006,1007,1008,101,1009,1010,1011,1012,1013,102,1014,1015,1016,1017,103,1018,1019,1020,1021,104,1022,1023,1024,1025,1026,105,1027,1028,1029,1030,1031,106,1032,1033,1034,1035,1036,107,1037,1038,1039,1040,500,108,1041,1042,1043,501,1044,1045],\"status\":\"0\"}', '{\"msg\":\"操作成功\",\"code\":200}', 0, NULL, '2021-03-26 12:11:09');
INSERT INTO `sys_oper_log` VALUES (97, '角色管理', 2, 'com.healthplatform.web.controller.system.SysRoleController.edit()', 'PUT', 1, 'admin', NULL, '/system/role', '192.168.101.5', '内网IP', '{\"flag\":false,\"roleId\":2,\"admin\":false,\"remark\":\"普通角色\",\"dataScope\":\"2\",\"delFlag\":\"0\",\"params\":{},\"roleSort\":\"2\",\"deptCheckStrictly\":true,\"createTime\":1615524966000,\"updateBy\":\"admin\",\"menuCheckStrictly\":true,\"roleKey\":\"common\",\"roleName\":\"普通角色\",\"menuIds\":[1001,100,1,1002,1003,1004,1005,1006,1007,101,1008,1009,1010,1011,1012,102,1013,1014,1015,1016,103,1017,1018,1019,1020,104,1021,1022,1023,1024,1025,105,1026,1027,1028,1029,1030,106,1031,1032,1033,1034,1035,107,1036,1037,1038,1039,108,500,1040,1041,1042,501,1043,1044,1045,2000,2001,2,109,1046,1047,1048,110,1049,1050,1051,1052,1053,1054,111,112,113],\"status\":\"0\"}', '{\"msg\":\"操作成功\",\"code\":200}', 0, NULL, '2021-03-26 12:11:23');
INSERT INTO `sys_oper_log` VALUES (98, '角色管理', 2, 'com.healthplatform.web.controller.system.SysRoleController.edit()', 'PUT', 1, 'admin', NULL, '/system/role', '192.168.101.5', '内网IP', '{\"flag\":false,\"roleId\":2,\"admin\":false,\"remark\":\"普通角色\",\"dataScope\":\"2\",\"delFlag\":\"0\",\"params\":{},\"roleSort\":\"2\",\"deptCheckStrictly\":true,\"createTime\":1615524966000,\"updateBy\":\"admin\",\"menuCheckStrictly\":true,\"roleKey\":\"common\",\"roleName\":\"普通角色\",\"menuIds\":[111,1001,100,1,1002,1003,1004,1005,1006,1007,101,1008,1009,1010,1011,1012,102,1013,1014,1015,1016,103,1017,1018,1019,1020,104,1021,1022,1023,1024,1025,105,1026,1027,1028,1029,1030,106,1031,1032,1033,1034,1035,107,1036,1037,1038,1039,108,500,1040,1041,1042,501,1043,1044,1045,1046,109,1047,1048,1049,110,1050,1051,1052,1053,1054,2001,2000,2],\"status\":\"0\"}', '{\"msg\":\"操作成功\",\"code\":200}', 0, NULL, '2021-03-26 12:11:29');
INSERT INTO `sys_oper_log` VALUES (99, '角色管理', 2, 'com.healthplatform.web.controller.system.SysRoleController.edit()', 'PUT', 1, 'admin', NULL, '/system/role', '192.168.101.5', '内网IP', '{\"flag\":false,\"roleId\":2,\"admin\":false,\"remark\":\"普通角色\",\"dataScope\":\"2\",\"delFlag\":\"0\",\"params\":{},\"roleSort\":\"2\",\"deptCheckStrictly\":true,\"createTime\":1615524966000,\"updateBy\":\"admin\",\"menuCheckStrictly\":true,\"roleKey\":\"common\",\"roleName\":\"普通角色\",\"menuIds\":[111,1001,100,1,1002,1003,1004,1005,1006,1007,1008,101,1009,1010,1011,1012,1013,102,1014,1015,1016,1017,103,1018,1019,1020,1021,104,1022,1023,1024,1025,1026,105,1027,1028,1029,1030,1031,106,1032,1033,1034,1035,1036,107,1037,1038,1039,1046,109,1047,1048,1049,110,1050,1051,1052,1053,1054,1040,500,108,1041,1042,1043,501,1044,1045,2001,2000,2,112,113],\"status\":\"0\"}', '{\"msg\":\"操作成功\",\"code\":200}', 0, NULL, '2021-03-26 12:11:35');
INSERT INTO `sys_oper_log` VALUES (100, '角色管理', 2, 'com.healthplatform.web.controller.system.SysRoleController.dataScope()', 'PUT', 1, 'admin', NULL, '/system/role/dataScope', '192.168.101.5', '内网IP', '{\"flag\":false,\"roleId\":2,\"admin\":false,\"remark\":\"普通角色\",\"dataScope\":\"2\",\"delFlag\":\"0\",\"params\":{},\"roleSort\":\"2\",\"deptCheckStrictly\":true,\"createTime\":1615524966000,\"menuCheckStrictly\":true,\"roleKey\":\"common\",\"roleName\":\"普通角色\",\"deptIds\":[104,101,105,106,207,103,208,209,210,211,212,100,101,103,102],\"status\":\"0\"}', 'null', 1, '\r\n### Error updating database.  Cause: java.sql.SQLIntegrityConstraintViolationException: Duplicate entry \'2-101\' for key \'sys_role_dept.PRIMARY\'\r\n### The error may exist in file [C:\\Users\\LHH-SHENMO\\Desktop\\healthplatform\\healthplatform\\healthplatform-system\\target\\classes\\mapper\\system\\SysRoleDeptMapper.xml]\r\n### The error may involve defaultParameterMap\r\n### The error occurred while setting parameters\r\n### SQL: insert into sys_role_dept(role_id, dept_id) values                        (?,?)          ,              (?,?)          ,              (?,?)          ,              (?,?)          ,              (?,?)          ,              (?,?)          ,              (?,?)          ,              (?,?)          ,              (?,?)          ,              (?,?)          ,              (?,?)          ,              (?,?)          ,              (?,?)          ,              (?,?)          ,              (?,?)\r\n### Cause: java.sql.SQLIntegrityConstraintViolationException: Duplicate entry \'2-101\' for key \'sys_role_dept.PRIMARY\'\n; Duplicate entry \'2-101\' for key \'sys_role_dept.PRIMARY\'; nested exception is java.sql.SQLIntegrityConstraintViolationException: Duplicate entry \'2-101\' for key \'sys_role_dept.PRIMARY\'', '2021-03-26 12:15:13');
INSERT INTO `sys_oper_log` VALUES (101, '角色管理', 2, 'com.healthplatform.web.controller.system.SysRoleController.dataScope()', 'PUT', 1, 'admin', NULL, '/system/role/dataScope', '192.168.101.5', '内网IP', '{\"flag\":false,\"roleId\":2,\"admin\":false,\"remark\":\"普通角色\",\"dataScope\":\"2\",\"delFlag\":\"0\",\"params\":{},\"roleSort\":\"2\",\"deptCheckStrictly\":true,\"createTime\":1615524966000,\"menuCheckStrictly\":true,\"roleKey\":\"common\",\"roleName\":\"普通角色\",\"deptIds\":[100,101,103,102],\"status\":\"0\"}', '{\"msg\":\"操作成功\",\"code\":200}', 0, NULL, '2021-03-26 12:15:25');
INSERT INTO `sys_oper_log` VALUES (102, '角色管理', 2, 'com.healthplatform.web.controller.system.SysRoleController.dataScope()', 'PUT', 1, 'admin', NULL, '/system/role/dataScope', '192.168.101.5', '内网IP', '{\"flag\":false,\"roleId\":2,\"admin\":false,\"remark\":\"普通角色\",\"dataScope\":\"2\",\"delFlag\":\"0\",\"params\":{},\"roleSort\":\"2\",\"deptCheckStrictly\":true,\"createTime\":1615524966000,\"menuCheckStrictly\":true,\"roleKey\":\"common\",\"roleName\":\"普通角色\",\"deptIds\":[103,207,208,209,210,211,212,100,101],\"status\":\"0\"}', '{\"msg\":\"操作成功\",\"code\":200}', 0, NULL, '2021-03-26 12:15:43');
INSERT INTO `sys_oper_log` VALUES (103, '角色管理', 2, 'com.healthplatform.web.controller.system.SysRoleController.dataScope()', 'PUT', 1, 'admin', NULL, '/system/role/dataScope', '192.168.101.5', '内网IP', '{\"flag\":false,\"roleId\":2,\"admin\":false,\"remark\":\"普通角色\",\"dataScope\":\"2\",\"delFlag\":\"0\",\"params\":{},\"roleSort\":\"2\",\"deptCheckStrictly\":true,\"createTime\":1615524966000,\"menuCheckStrictly\":true,\"roleKey\":\"common\",\"roleName\":\"普通角色\",\"deptIds\":[207,208,209,210,211,100,101,103],\"status\":\"0\"}', '{\"msg\":\"操作成功\",\"code\":200}', 0, NULL, '2021-03-26 12:16:01');
INSERT INTO `sys_oper_log` VALUES (104, '角色管理', 2, 'com.healthplatform.web.controller.system.SysRoleController.dataScope()', 'PUT', 1, 'admin', NULL, '/system/role/dataScope', '192.168.101.5', '内网IP', '{\"flag\":false,\"roleId\":2,\"admin\":false,\"remark\":\"普通角色\",\"dataScope\":\"2\",\"delFlag\":\"0\",\"params\":{},\"roleSort\":\"2\",\"deptCheckStrictly\":true,\"createTime\":1615524966000,\"menuCheckStrictly\":true,\"roleKey\":\"common\",\"roleName\":\"普通角色\",\"deptIds\":[207,208,209,210,211,100,101,103,207,208,209,210,211,212,104,105,106,102,108,109,100,101,103],\"status\":\"0\"}', 'null', 1, '\r\n### Error updating database.  Cause: java.sql.SQLIntegrityConstraintViolationException: Duplicate entry \'2-207\' for key \'sys_role_dept.PRIMARY\'\r\n### The error may exist in file [C:\\Users\\LHH-SHENMO\\Desktop\\healthplatform\\healthplatform\\healthplatform-system\\target\\classes\\mapper\\system\\SysRoleDeptMapper.xml]\r\n### The error may involve defaultParameterMap\r\n### The error occurred while setting parameters\r\n### SQL: insert into sys_role_dept(role_id, dept_id) values                        (?,?)          ,              (?,?)          ,              (?,?)          ,              (?,?)          ,              (?,?)          ,              (?,?)          ,              (?,?)          ,              (?,?)          ,              (?,?)          ,              (?,?)          ,              (?,?)          ,              (?,?)          ,              (?,?)          ,              (?,?)          ,              (?,?)          ,              (?,?)          ,              (?,?)          ,              (?,?)          ,              (?,?)          ,              (?,?)          ,              (?,?)          ,              (?,?)          ,              (?,?)\r\n### Cause: java.sql.SQLIntegrityConstraintViolationException: Duplicate entry \'2-207\' for key \'sys_role_dept.PRIMARY\'\n; Duplicate entry \'2-207\' for key \'sys_role_dept.PRIMARY\'; nested exception is java.sql.SQLIntegrityConstraintViolationException: Duplicate entry \'2-207\' for key \'sys_role_dept.PRIMARY\'', '2021-03-26 12:16:09');
INSERT INTO `sys_oper_log` VALUES (105, '角色管理', 2, 'com.healthplatform.web.controller.system.SysRoleController.dataScope()', 'PUT', 1, 'admin', NULL, '/system/role/dataScope', '192.168.101.5', '内网IP', '{\"flag\":false,\"roleId\":2,\"admin\":false,\"remark\":\"普通角色\",\"dataScope\":\"2\",\"delFlag\":\"0\",\"params\":{},\"roleSort\":\"2\",\"deptCheckStrictly\":true,\"createTime\":1615524966000,\"menuCheckStrictly\":true,\"roleKey\":\"common\",\"roleName\":\"普通角色\",\"deptIds\":[100,101,103],\"status\":\"0\"}', '{\"msg\":\"操作成功\",\"code\":200}', 0, NULL, '2021-03-26 12:16:29');
INSERT INTO `sys_oper_log` VALUES (106, '角色管理', 2, 'com.healthplatform.web.controller.system.SysRoleController.dataScope()', 'PUT', 1, 'admin', NULL, '/system/role/dataScope', '192.168.101.5', '内网IP', '{\"flag\":false,\"roleId\":2,\"admin\":false,\"remark\":\"普通角色\",\"dataScope\":\"2\",\"delFlag\":\"0\",\"params\":{},\"roleSort\":\"2\",\"deptCheckStrictly\":true,\"createTime\":1615524966000,\"menuCheckStrictly\":true,\"roleKey\":\"common\",\"roleName\":\"普通角色\",\"deptIds\":[103,207,208,209,210,211,212,100,101,104,105,106,102,108,109,100,101],\"status\":\"0\"}', 'null', 1, '\r\n### Error updating database.  Cause: java.sql.SQLIntegrityConstraintViolationException: Duplicate entry \'2-100\' for key \'sys_role_dept.PRIMARY\'\r\n### The error may exist in file [C:\\Users\\LHH-SHENMO\\Desktop\\healthplatform\\healthplatform\\healthplatform-system\\target\\classes\\mapper\\system\\SysRoleDeptMapper.xml]\r\n### The error may involve defaultParameterMap\r\n### The error occurred while setting parameters\r\n### SQL: insert into sys_role_dept(role_id, dept_id) values                        (?,?)          ,              (?,?)          ,              (?,?)          ,              (?,?)          ,              (?,?)          ,              (?,?)          ,              (?,?)          ,              (?,?)          ,              (?,?)          ,              (?,?)          ,              (?,?)          ,              (?,?)          ,              (?,?)          ,              (?,?)          ,              (?,?)          ,              (?,?)          ,              (?,?)\r\n### Cause: java.sql.SQLIntegrityConstraintViolationException: Duplicate entry \'2-100\' for key \'sys_role_dept.PRIMARY\'\n; Duplicate entry \'2-100\' for key \'sys_role_dept.PRIMARY\'; nested exception is java.sql.SQLIntegrityConstraintViolationException: Duplicate entry \'2-100\' for key \'sys_role_dept.PRIMARY\'', '2021-03-26 12:16:33');
INSERT INTO `sys_oper_log` VALUES (107, '角色管理', 2, 'com.healthplatform.web.controller.system.SysRoleController.dataScope()', 'PUT', 1, 'admin', NULL, '/system/role/dataScope', '192.168.101.5', '内网IP', '{\"flag\":false,\"roleId\":2,\"admin\":false,\"remark\":\"普通角色\",\"dataScope\":\"2\",\"delFlag\":\"0\",\"params\":{},\"roleSort\":\"2\",\"deptCheckStrictly\":true,\"createTime\":1615524966000,\"menuCheckStrictly\":true,\"roleKey\":\"common\",\"roleName\":\"普通角色\",\"deptIds\":[100,101,103,207,208,209,210,211,212,104,105,106,102,108,109,100,101],\"status\":\"0\"}', 'null', 1, '\r\n### Error updating database.  Cause: java.sql.SQLIntegrityConstraintViolationException: Duplicate entry \'2-100\' for key \'sys_role_dept.PRIMARY\'\r\n### The error may exist in file [C:\\Users\\LHH-SHENMO\\Desktop\\healthplatform\\healthplatform\\healthplatform-system\\target\\classes\\mapper\\system\\SysRoleDeptMapper.xml]\r\n### The error may involve defaultParameterMap\r\n### The error occurred while setting parameters\r\n### SQL: insert into sys_role_dept(role_id, dept_id) values                        (?,?)          ,              (?,?)          ,              (?,?)          ,              (?,?)          ,              (?,?)          ,              (?,?)          ,              (?,?)          ,              (?,?)          ,              (?,?)          ,              (?,?)          ,              (?,?)          ,              (?,?)          ,              (?,?)          ,              (?,?)          ,              (?,?)          ,              (?,?)          ,              (?,?)\r\n### Cause: java.sql.SQLIntegrityConstraintViolationException: Duplicate entry \'2-100\' for key \'sys_role_dept.PRIMARY\'\n; Duplicate entry \'2-100\' for key \'sys_role_dept.PRIMARY\'; nested exception is java.sql.SQLIntegrityConstraintViolationException: Duplicate entry \'2-100\' for key \'sys_role_dept.PRIMARY\'', '2021-03-26 12:16:40');
INSERT INTO `sys_oper_log` VALUES (108, '角色管理', 2, 'com.healthplatform.web.controller.system.SysRoleController.dataScope()', 'PUT', 1, 'admin', NULL, '/system/role/dataScope', '192.168.101.5', '内网IP', '{\"flag\":false,\"roleId\":2,\"admin\":false,\"remark\":\"普通角色\",\"dataScope\":\"2\",\"delFlag\":\"0\",\"params\":{},\"roleSort\":\"2\",\"deptCheckStrictly\":true,\"createTime\":1615524966000,\"menuCheckStrictly\":true,\"roleKey\":\"common\",\"roleName\":\"普通角色\",\"deptIds\":[100,101],\"status\":\"0\"}', '{\"msg\":\"操作成功\",\"code\":200}', 0, NULL, '2021-03-26 12:16:50');
INSERT INTO `sys_oper_log` VALUES (109, '角色管理', 2, 'com.healthplatform.web.controller.system.SysRoleController.dataScope()', 'PUT', 1, 'admin', NULL, '/system/role/dataScope', '192.168.101.5', '内网IP', '{\"flag\":false,\"roleId\":2,\"admin\":false,\"remark\":\"普通角色\",\"dataScope\":\"2\",\"delFlag\":\"0\",\"params\":{},\"roleSort\":\"2\",\"deptCheckStrictly\":true,\"createTime\":1615524966000,\"menuCheckStrictly\":true,\"roleKey\":\"common\",\"roleName\":\"普通角色\",\"deptIds\":[106],\"status\":\"0\"}', '{\"msg\":\"操作成功\",\"code\":200}', 0, NULL, '2021-03-26 12:18:12');
INSERT INTO `sys_oper_log` VALUES (110, '角色管理', 2, 'com.healthplatform.web.controller.system.SysRoleController.dataScope()', 'PUT', 1, 'admin', NULL, '/system/role/dataScope', '192.168.101.5', '内网IP', '{\"flag\":false,\"roleId\":2,\"admin\":false,\"remark\":\"普通角色\",\"dataScope\":\"2\",\"delFlag\":\"0\",\"params\":{},\"roleSort\":\"2\",\"deptCheckStrictly\":true,\"createTime\":1615524966000,\"menuCheckStrictly\":true,\"roleKey\":\"common\",\"roleName\":\"普通角色\",\"deptIds\":[106,105,100,101,103,207,208,209,210,211,212,104,105],\"status\":\"0\"}', 'null', 1, '\r\n### Error updating database.  Cause: java.sql.SQLIntegrityConstraintViolationException: Duplicate entry \'2-105\' for key \'sys_role_dept.PRIMARY\'\r\n### The error may exist in file [C:\\Users\\LHH-SHENMO\\Desktop\\healthplatform\\healthplatform\\healthplatform-system\\target\\classes\\mapper\\system\\SysRoleDeptMapper.xml]\r\n### The error may involve defaultParameterMap\r\n### The error occurred while setting parameters\r\n### SQL: insert into sys_role_dept(role_id, dept_id) values                        (?,?)          ,              (?,?)          ,              (?,?)          ,              (?,?)          ,              (?,?)          ,              (?,?)          ,              (?,?)          ,              (?,?)          ,              (?,?)          ,              (?,?)          ,              (?,?)          ,              (?,?)          ,              (?,?)\r\n### Cause: java.sql.SQLIntegrityConstraintViolationException: Duplicate entry \'2-105\' for key \'sys_role_dept.PRIMARY\'\n; Duplicate entry \'2-105\' for key \'sys_role_dept.PRIMARY\'; nested exception is java.sql.SQLIntegrityConstraintViolationException: Duplicate entry \'2-105\' for key \'sys_role_dept.PRIMARY\'', '2021-03-26 12:18:21');
INSERT INTO `sys_oper_log` VALUES (111, '角色管理', 2, 'com.healthplatform.web.controller.system.SysRoleController.dataScope()', 'PUT', 1, 'admin', NULL, '/system/role/dataScope', '192.168.101.5', '内网IP', '{\"flag\":false,\"roleId\":2,\"admin\":false,\"remark\":\"普通角色\",\"dataScope\":\"2\",\"delFlag\":\"0\",\"params\":{},\"roleSort\":\"2\",\"deptCheckStrictly\":true,\"createTime\":1615524966000,\"menuCheckStrictly\":true,\"roleKey\":\"common\",\"roleName\":\"普通角色\",\"deptIds\":[105,100,101,103,207,208,209,210,211,212,104,105],\"status\":\"0\"}', 'null', 1, '\r\n### Error updating database.  Cause: java.sql.SQLIntegrityConstraintViolationException: Duplicate entry \'2-105\' for key \'sys_role_dept.PRIMARY\'\r\n### The error may exist in file [C:\\Users\\LHH-SHENMO\\Desktop\\healthplatform\\healthplatform\\healthplatform-system\\target\\classes\\mapper\\system\\SysRoleDeptMapper.xml]\r\n### The error may involve defaultParameterMap\r\n### The error occurred while setting parameters\r\n### SQL: insert into sys_role_dept(role_id, dept_id) values                        (?,?)          ,              (?,?)          ,              (?,?)          ,              (?,?)          ,              (?,?)          ,              (?,?)          ,              (?,?)          ,              (?,?)          ,              (?,?)          ,              (?,?)          ,              (?,?)          ,              (?,?)\r\n### Cause: java.sql.SQLIntegrityConstraintViolationException: Duplicate entry \'2-105\' for key \'sys_role_dept.PRIMARY\'\n; Duplicate entry \'2-105\' for key \'sys_role_dept.PRIMARY\'; nested exception is java.sql.SQLIntegrityConstraintViolationException: Duplicate entry \'2-105\' for key \'sys_role_dept.PRIMARY\'', '2021-03-26 12:18:26');
INSERT INTO `sys_oper_log` VALUES (112, '角色管理', 2, 'com.healthplatform.web.controller.system.SysRoleController.dataScope()', 'PUT', 1, 'admin', NULL, '/system/role/dataScope', '192.168.101.5', '内网IP', '{\"flag\":false,\"roleId\":2,\"admin\":false,\"remark\":\"普通角色\",\"dataScope\":\"2\",\"delFlag\":\"0\",\"params\":{},\"roleSort\":\"2\",\"deptCheckStrictly\":true,\"createTime\":1615524966000,\"menuCheckStrictly\":true,\"roleKey\":\"common\",\"roleName\":\"普通角色\",\"deptIds\":[100,101,103,207,208,209,210,211,212,104,105],\"status\":\"0\"}', '{\"msg\":\"操作成功\",\"code\":200}', 0, NULL, '2021-03-26 12:18:38');
INSERT INTO `sys_oper_log` VALUES (113, '角色管理', 2, 'com.healthplatform.web.controller.system.SysRoleController.dataScope()', 'PUT', 1, 'admin', NULL, '/system/role/dataScope', '192.168.101.5', '内网IP', '{\"flag\":false,\"roleId\":2,\"admin\":false,\"remark\":\"普通角色\",\"dataScope\":\"2\",\"delFlag\":\"0\",\"params\":{},\"roleSort\":\"2\",\"deptCheckStrictly\":true,\"createTime\":1615524966000,\"menuCheckStrictly\":true,\"roleKey\":\"common\",\"roleName\":\"普通角色\",\"deptIds\":[104,101,105,207,103,208,209,210,211,212,106,102,108,109,100,100,101,103],\"status\":\"0\"}', 'null', 1, '\r\n### Error updating database.  Cause: java.sql.SQLIntegrityConstraintViolationException: Duplicate entry \'2-100\' for key \'sys_role_dept.PRIMARY\'\r\n### The error may exist in file [C:\\Users\\LHH-SHENMO\\Desktop\\healthplatform\\healthplatform\\healthplatform-system\\target\\classes\\mapper\\system\\SysRoleDeptMapper.xml]\r\n### The error may involve defaultParameterMap\r\n### The error occurred while setting parameters\r\n### SQL: insert into sys_role_dept(role_id, dept_id) values                        (?,?)          ,              (?,?)          ,              (?,?)          ,              (?,?)          ,              (?,?)          ,              (?,?)          ,              (?,?)          ,              (?,?)          ,              (?,?)          ,              (?,?)          ,              (?,?)          ,              (?,?)          ,              (?,?)          ,              (?,?)          ,              (?,?)          ,              (?,?)          ,              (?,?)          ,              (?,?)\r\n### Cause: java.sql.SQLIntegrityConstraintViolationException: Duplicate entry \'2-100\' for key \'sys_role_dept.PRIMARY\'\n; Duplicate entry \'2-100\' for key \'sys_role_dept.PRIMARY\'; nested exception is java.sql.SQLIntegrityConstraintViolationException: Duplicate entry \'2-100\' for key \'sys_role_dept.PRIMARY\'', '2021-03-26 12:18:58');
INSERT INTO `sys_oper_log` VALUES (114, '角色管理', 2, 'com.healthplatform.web.controller.system.SysRoleController.dataScope()', 'PUT', 1, 'admin', NULL, '/system/role/dataScope', '192.168.101.5', '内网IP', '{\"flag\":false,\"roleId\":2,\"admin\":false,\"remark\":\"普通角色\",\"dataScope\":\"2\",\"delFlag\":\"0\",\"params\":{},\"roleSort\":\"2\",\"deptCheckStrictly\":true,\"createTime\":1615524966000,\"menuCheckStrictly\":true,\"roleKey\":\"common\",\"roleName\":\"普通角色\",\"deptIds\":[100,101,103],\"status\":\"0\"}', '{\"msg\":\"操作成功\",\"code\":200}', 0, NULL, '2021-03-26 12:19:09');
INSERT INTO `sys_oper_log` VALUES (115, '角色管理', 2, 'com.healthplatform.web.controller.system.SysRoleController.dataScope()', 'PUT', 1, 'admin', NULL, '/system/role/dataScope', '192.168.101.5', '内网IP', '{\"flag\":false,\"roleId\":2,\"admin\":false,\"remark\":\"普通角色\",\"dataScope\":\"2\",\"delFlag\":\"0\",\"params\":{},\"roleSort\":\"2\",\"deptCheckStrictly\":true,\"createTime\":1615524966000,\"menuCheckStrictly\":true,\"roleKey\":\"common\",\"roleName\":\"普通角色\",\"deptIds\":[100,101],\"status\":\"0\"}', '{\"msg\":\"操作成功\",\"code\":200}', 0, NULL, '2021-03-27 05:03:39');
INSERT INTO `sys_oper_log` VALUES (116, '角色管理', 2, 'com.healthplatform.web.controller.system.SysRoleController.dataScope()', 'PUT', 1, 'admin', NULL, '/system/role/dataScope', '192.168.101.5', '内网IP', '{\"flag\":false,\"roleId\":2,\"admin\":false,\"remark\":\"普通角色\",\"dataScope\":\"2\",\"delFlag\":\"0\",\"params\":{},\"roleSort\":\"2\",\"deptCheckStrictly\":true,\"createTime\":1615524966000,\"menuCheckStrictly\":true,\"roleKey\":\"common\",\"roleName\":\"普通角色\",\"deptIds\":[103,207,208,209,210,211,212,104,100],\"status\":\"0\"}', '{\"msg\":\"操作成功\",\"code\":200}', 0, NULL, '2021-03-27 05:03:46');
INSERT INTO `sys_oper_log` VALUES (117, '角色管理', 2, 'com.healthplatform.web.controller.system.SysRoleController.dataScope()', 'PUT', 1, 'admin', NULL, '/system/role/dataScope', '192.168.101.5', '内网IP', '{\"flag\":false,\"roleId\":2,\"admin\":false,\"remark\":\"普通角色\",\"dataScope\":\"2\",\"delFlag\":\"0\",\"params\":{},\"roleSort\":\"2\",\"deptCheckStrictly\":true,\"createTime\":1615524966000,\"menuCheckStrictly\":true,\"roleKey\":\"common\",\"roleName\":\"普通角色\",\"deptIds\":[101,103,207,208,209,210,211,212,104,105,106,108,101,103],\"status\":\"0\"}', 'null', 1, '\n### Error updating database.  Cause: java.sql.SQLIntegrityConstraintViolationException: Duplicate entry \'2-101\' for key \'sys_role_dept.PRIMARY\'\n### The error may exist in URL [jar:file:/app.jar!/BOOT-INF/lib/healthplatform-system-1.0.0.jar!/mapper/system/SysRoleDeptMapper.xml]\n### The error may involve defaultParameterMap\n### The error occurred while setting parameters\n### SQL: insert into sys_role_dept(role_id, dept_id) values                        (?,?)          ,              (?,?)          ,              (?,?)          ,              (?,?)          ,              (?,?)          ,              (?,?)          ,              (?,?)          ,              (?,?)          ,              (?,?)          ,              (?,?)          ,              (?,?)          ,              (?,?)          ,              (?,?)          ,              (?,?)\n### Cause: java.sql.SQLIntegrityConstraintViolationException: Duplicate entry \'2-101\' for key \'sys_role_dept.PRIMARY\'\n; Duplicate entry \'2-101\' for key \'sys_role_dept.PRIMARY\'; nested exception is java.sql.SQLIntegrityConstraintViolationException: Duplicate entry \'2-101\' for key \'sys_role_dept.PRIMARY\'', '2021-03-27 05:03:55');
INSERT INTO `sys_oper_log` VALUES (118, '角色管理', 2, 'com.healthplatform.web.controller.system.SysRoleController.dataScope()', 'PUT', 1, 'admin', NULL, '/system/role/dataScope', '192.168.101.5', '内网IP', '{\"flag\":false,\"roleId\":2,\"admin\":false,\"remark\":\"普通角色\",\"dataScope\":\"2\",\"delFlag\":\"0\",\"params\":{},\"roleSort\":\"2\",\"deptCheckStrictly\":true,\"createTime\":1615524966000,\"menuCheckStrictly\":true,\"roleKey\":\"common\",\"roleName\":\"普通角色\",\"deptIds\":[100,101,103,207,208,209,210,211,212,104,105,106,102,108,109,101,103],\"status\":\"0\"}', 'null', 1, '\n### Error updating database.  Cause: java.sql.SQLIntegrityConstraintViolationException: Duplicate entry \'2-101\' for key \'sys_role_dept.PRIMARY\'\n### The error may exist in URL [jar:file:/app.jar!/BOOT-INF/lib/healthplatform-system-1.0.0.jar!/mapper/system/SysRoleDeptMapper.xml]\n### The error may involve defaultParameterMap\n### The error occurred while setting parameters\n### SQL: insert into sys_role_dept(role_id, dept_id) values                        (?,?)          ,              (?,?)          ,              (?,?)          ,              (?,?)          ,              (?,?)          ,              (?,?)          ,              (?,?)          ,              (?,?)          ,              (?,?)          ,              (?,?)          ,              (?,?)          ,              (?,?)          ,              (?,?)          ,              (?,?)          ,              (?,?)          ,              (?,?)          ,              (?,?)\n### Cause: java.sql.SQLIntegrityConstraintViolationException: Duplicate entry \'2-101\' for key \'sys_role_dept.PRIMARY\'\n; Duplicate entry \'2-101\' for key \'sys_role_dept.PRIMARY\'; nested exception is java.sql.SQLIntegrityConstraintViolationException: Duplicate entry \'2-101\' for key \'sys_role_dept.PRIMARY\'', '2021-03-27 05:19:06');
INSERT INTO `sys_oper_log` VALUES (119, '角色管理', 2, 'com.healthplatform.web.controller.system.SysRoleController.dataScope()', 'PUT', 1, 'admin', NULL, '/system/role/dataScope', '192.168.101.5', '内网IP', '{\"flag\":false,\"roleId\":2,\"admin\":false,\"remark\":\"普通角色\",\"dataScope\":\"2\",\"delFlag\":\"0\",\"params\":{},\"roleSort\":\"2\",\"deptCheckStrictly\":true,\"createTime\":1615524966000,\"menuCheckStrictly\":true,\"roleKey\":\"common\",\"roleName\":\"普通角色\",\"deptIds\":[101,103],\"status\":\"0\"}', '{\"msg\":\"操作成功\",\"code\":200}', 0, NULL, '2021-03-27 05:23:36');
INSERT INTO `sys_oper_log` VALUES (120, '角色管理', 2, 'com.healthplatform.web.controller.system.SysRoleController.dataScope()', 'PUT', 1, 'admin', NULL, '/system/role/dataScope', '192.168.101.5', '内网IP', '{\"flag\":false,\"roleId\":2,\"admin\":false,\"remark\":\"普通角色\",\"dataScope\":\"2\",\"delFlag\":\"0\",\"params\":{},\"roleSort\":\"2\",\"deptCheckStrictly\":true,\"createTime\":1615524966000,\"menuCheckStrictly\":true,\"roleKey\":\"common\",\"roleName\":\"普通角色\",\"deptIds\":[100,101],\"status\":\"0\"}', '{\"msg\":\"操作成功\",\"code\":200}', 0, NULL, '2021-03-27 05:57:06');
INSERT INTO `sys_oper_log` VALUES (121, '角色管理', 2, 'com.healthplatform.web.controller.system.SysRoleController.dataScope()', 'PUT', 1, 'admin', NULL, '/system/role/dataScope', '192.168.101.5', '内网IP', '{\"flag\":false,\"roleId\":2,\"admin\":false,\"remark\":\"普通角色\",\"dataScope\":\"2\",\"delFlag\":\"0\",\"params\":{},\"roleSort\":\"2\",\"deptCheckStrictly\":true,\"createTime\":1615524966000,\"menuCheckStrictly\":true,\"roleKey\":\"common\",\"roleName\":\"普通角色\",\"deptIds\":[101,103,207,208,209,210,211,212,104,105,106,100,102,108,109,100],\"status\":\"0\"}', 'null', 1, '\n### Error updating database.  Cause: java.sql.SQLIntegrityConstraintViolationException: Duplicate entry \'2-100\' for key \'sys_role_dept.PRIMARY\'\n### The error may exist in URL [jar:file:/app.jar!/BOOT-INF/lib/healthplatform-system-1.0.0.jar!/mapper/system/SysRoleDeptMapper.xml]\n### The error may involve defaultParameterMap\n### The error occurred while setting parameters\n### SQL: insert into sys_role_dept(role_id, dept_id) values                        (?,?)          ,              (?,?)          ,              (?,?)          ,              (?,?)          ,              (?,?)          ,              (?,?)          ,              (?,?)          ,              (?,?)          ,              (?,?)          ,              (?,?)          ,              (?,?)          ,              (?,?)          ,              (?,?)          ,              (?,?)          ,              (?,?)          ,              (?,?)\n### Cause: java.sql.SQLIntegrityConstraintViolationException: Duplicate entry \'2-100\' for key \'sys_role_dept.PRIMARY\'\n; Duplicate entry \'2-100\' for key \'sys_role_dept.PRIMARY\'; nested exception is java.sql.SQLIntegrityConstraintViolationException: Duplicate entry \'2-100\' for key \'sys_role_dept.PRIMARY\'', '2021-03-27 05:57:50');
INSERT INTO `sys_oper_log` VALUES (122, '角色管理', 2, 'com.healthplatform.web.controller.system.SysRoleController.dataScope()', 'PUT', 1, 'admin', NULL, '/system/role/dataScope', '192.168.101.5', '内网IP', '{\"flag\":false,\"roleId\":2,\"admin\":false,\"remark\":\"普通角色\",\"dataScope\":\"2\",\"delFlag\":\"0\",\"params\":{},\"roleSort\":\"2\",\"deptCheckStrictly\":true,\"createTime\":1615524966000,\"menuCheckStrictly\":true,\"roleKey\":\"common\",\"roleName\":\"普通角色\",\"deptIds\":[100,101,103,207,208,209,210,211,212,104,105,106,102,108,109],\"status\":\"0\"}', '{\"msg\":\"操作成功\",\"code\":200}', 0, NULL, '2021-03-27 06:11:07');
INSERT INTO `sys_oper_log` VALUES (123, '角色管理', 2, 'com.healthplatform.web.controller.system.SysRoleController.dataScope()', 'PUT', 1, 'admin', NULL, '/system/role/dataScope', '192.168.101.5', '内网IP', '{\"flag\":false,\"roleId\":2,\"admin\":false,\"remark\":\"普通角色\",\"dataScope\":\"2\",\"delFlag\":\"0\",\"params\":{},\"roleSort\":\"2\",\"deptCheckStrictly\":true,\"createTime\":1615524966000,\"menuCheckStrictly\":true,\"roleKey\":\"common\",\"roleName\":\"普通角色\",\"deptIds\":[104,101,105,106,207,103,208,209,210,211,212,100,101,103,102],\"status\":\"0\"}', 'null', 1, '\n### Error updating database.  Cause: java.sql.SQLIntegrityConstraintViolationException: Duplicate entry \'2-101\' for key \'sys_role_dept.PRIMARY\'\n### The error may exist in URL [jar:file:/app.jar!/BOOT-INF/lib/healthplatform-system-1.0.0.jar!/mapper/system/SysRoleDeptMapper.xml]\n### The error may involve defaultParameterMap\n### The error occurred while setting parameters\n### SQL: insert into sys_role_dept(role_id, dept_id) values                        (?,?)          ,              (?,?)          ,              (?,?)          ,              (?,?)          ,              (?,?)          ,              (?,?)          ,              (?,?)          ,              (?,?)          ,              (?,?)          ,              (?,?)          ,              (?,?)          ,              (?,?)          ,              (?,?)          ,              (?,?)          ,              (?,?)\n### Cause: java.sql.SQLIntegrityConstraintViolationException: Duplicate entry \'2-101\' for key \'sys_role_dept.PRIMARY\'\n; Duplicate entry \'2-101\' for key \'sys_role_dept.PRIMARY\'; nested exception is java.sql.SQLIntegrityConstraintViolationException: Duplicate entry \'2-101\' for key \'sys_role_dept.PRIMARY\'', '2021-03-27 06:13:15');
INSERT INTO `sys_oper_log` VALUES (124, '角色管理', 2, 'com.healthplatform.web.controller.system.SysRoleController.dataScope()', 'PUT', 1, 'admin', NULL, '/system/role/dataScope', '127.0.0.1', '内网IP', '{\"flag\":false,\"roleId\":2,\"admin\":false,\"remark\":\"普通角色\",\"dataScope\":\"2\",\"delFlag\":\"0\",\"params\":{},\"roleSort\":\"2\",\"deptCheckStrictly\":true,\"createTime\":1615524966000,\"menuCheckStrictly\":true,\"roleKey\":\"common\",\"roleName\":\"普通角色\",\"deptIds\":[104,101,105,106,207,103,208,209,210,211,212,100,101,103,102],\"status\":\"0\"}', 'null', 1, '\n### Error updating database.  Cause: java.sql.SQLIntegrityConstraintViolationException: Duplicate entry \'2-101\' for key \'sys_role_dept.PRIMARY\'\n### The error may exist in URL [jar:file:/app.jar!/BOOT-INF/lib/healthplatform-system-1.0.0.jar!/mapper/system/SysRoleDeptMapper.xml]\n### The error may involve defaultParameterMap\n### The error occurred while setting parameters\n### SQL: insert into sys_role_dept(role_id, dept_id) values                        (?,?)          ,              (?,?)          ,              (?,?)          ,              (?,?)          ,              (?,?)          ,              (?,?)          ,              (?,?)          ,              (?,?)          ,              (?,?)          ,              (?,?)          ,              (?,?)          ,              (?,?)          ,              (?,?)          ,              (?,?)          ,              (?,?)\n### Cause: java.sql.SQLIntegrityConstraintViolationException: Duplicate entry \'2-101\' for key \'sys_role_dept.PRIMARY\'\n; Duplicate entry \'2-101\' for key \'sys_role_dept.PRIMARY\'; nested exception is java.sql.SQLIntegrityConstraintViolationException: Duplicate entry \'2-101\' for key \'sys_role_dept.PRIMARY\'', '2021-03-27 06:18:12');
INSERT INTO `sys_oper_log` VALUES (125, '角色管理', 2, 'com.healthplatform.web.controller.system.SysRoleController.dataScope()', 'PUT', 1, 'admin', NULL, '/system/role/dataScope', '192.168.101.5', '内网IP', '{\"flag\":false,\"roleId\":2,\"admin\":false,\"remark\":\"普通角色\",\"dataScope\":\"2\",\"delFlag\":\"0\",\"params\":{},\"roleSort\":\"2\",\"deptCheckStrictly\":true,\"createTime\":1615524966000,\"menuCheckStrictly\":true,\"roleKey\":\"common\",\"roleName\":\"普通角色\",\"deptIds\":[104,101,105,106,207,103,208,209,210,211,212,100,101,103,102],\"status\":\"0\"}', 'null', 1, '\n### Error updating database.  Cause: java.sql.SQLIntegrityConstraintViolationException: Duplicate entry \'2-101\' for key \'sys_role_dept.PRIMARY\'\n### The error may exist in URL [jar:file:/app.jar!/BOOT-INF/lib/healthplatform-system-1.0.0.jar!/mapper/system/SysRoleDeptMapper.xml]\n### The error may involve defaultParameterMap\n### The error occurred while setting parameters\n### SQL: insert into sys_role_dept(role_id, dept_id) values                        (?,?)          ,              (?,?)          ,              (?,?)          ,              (?,?)          ,              (?,?)          ,              (?,?)          ,              (?,?)          ,              (?,?)          ,              (?,?)          ,              (?,?)          ,              (?,?)          ,              (?,?)          ,              (?,?)          ,              (?,?)          ,              (?,?)\n### Cause: java.sql.SQLIntegrityConstraintViolationException: Duplicate entry \'2-101\' for key \'sys_role_dept.PRIMARY\'\n; Duplicate entry \'2-101\' for key \'sys_role_dept.PRIMARY\'; nested exception is java.sql.SQLIntegrityConstraintViolationException: Duplicate entry \'2-101\' for key \'sys_role_dept.PRIMARY\'', '2021-03-27 06:19:39');
INSERT INTO `sys_oper_log` VALUES (126, '角色管理', 2, 'com.healthplatform.web.controller.system.SysRoleController.dataScope()', 'PUT', 1, 'admin', NULL, '/system/role/dataScope', '192.168.101.5', '内网IP', '{\"flag\":false,\"roleId\":2,\"admin\":false,\"remark\":\"普通角色\",\"dataScope\":\"2\",\"delFlag\":\"0\",\"params\":{},\"roleSort\":\"2\",\"deptCheckStrictly\":false,\"createTime\":1615524966000,\"menuCheckStrictly\":true,\"roleKey\":\"common\",\"roleName\":\"普通角色\",\"deptIds\":[104,101,105,106,207,103,208,209,210,211,212,100,101,103,102],\"status\":\"0\"}', 'null', 1, '\n### Error updating database.  Cause: java.sql.SQLIntegrityConstraintViolationException: Duplicate entry \'2-101\' for key \'sys_role_dept.PRIMARY\'\n### The error may exist in URL [jar:file:/app.jar!/BOOT-INF/lib/healthplatform-system-1.0.0.jar!/mapper/system/SysRoleDeptMapper.xml]\n### The error may involve defaultParameterMap\n### The error occurred while setting parameters\n### SQL: insert into sys_role_dept(role_id, dept_id) values                        (?,?)          ,              (?,?)          ,              (?,?)          ,              (?,?)          ,              (?,?)          ,              (?,?)          ,              (?,?)          ,              (?,?)          ,              (?,?)          ,              (?,?)          ,              (?,?)          ,              (?,?)          ,              (?,?)          ,              (?,?)          ,              (?,?)\n### Cause: java.sql.SQLIntegrityConstraintViolationException: Duplicate entry \'2-101\' for key \'sys_role_dept.PRIMARY\'\n; Duplicate entry \'2-101\' for key \'sys_role_dept.PRIMARY\'; nested exception is java.sql.SQLIntegrityConstraintViolationException: Duplicate entry \'2-101\' for key \'sys_role_dept.PRIMARY\'', '2021-03-27 06:19:54');
INSERT INTO `sys_oper_log` VALUES (127, '角色管理', 2, 'com.healthplatform.web.controller.system.SysRoleController.dataScope()', 'PUT', 1, 'admin', NULL, '/system/role/dataScope', '192.168.101.5', '内网IP', '{\"flag\":false,\"roleId\":2,\"admin\":false,\"remark\":\"普通角色\",\"dataScope\":\"2\",\"delFlag\":\"0\",\"params\":{},\"roleSort\":\"2\",\"deptCheckStrictly\":true,\"createTime\":1615524966000,\"menuCheckStrictly\":true,\"roleKey\":\"common\",\"roleName\":\"普通角色\",\"deptIds\":[101,103,207,208,209,210,211,212,104,105,106,100,101,103,102],\"status\":\"0\"}', 'null', 1, '\n### Error updating database.  Cause: java.sql.SQLIntegrityConstraintViolationException: Duplicate entry \'2-101\' for key \'sys_role_dept.PRIMARY\'\n### The error may exist in URL [jar:file:/app.jar!/BOOT-INF/lib/healthplatform-system-1.0.0.jar!/mapper/system/SysRoleDeptMapper.xml]\n### The error may involve defaultParameterMap\n### The error occurred while setting parameters\n### SQL: insert into sys_role_dept(role_id, dept_id) values                        (?,?)          ,              (?,?)          ,              (?,?)          ,              (?,?)          ,              (?,?)          ,              (?,?)          ,              (?,?)          ,              (?,?)          ,              (?,?)          ,              (?,?)          ,              (?,?)          ,              (?,?)          ,              (?,?)          ,              (?,?)          ,              (?,?)\n### Cause: java.sql.SQLIntegrityConstraintViolationException: Duplicate entry \'2-101\' for key \'sys_role_dept.PRIMARY\'\n; Duplicate entry \'2-101\' for key \'sys_role_dept.PRIMARY\'; nested exception is java.sql.SQLIntegrityConstraintViolationException: Duplicate entry \'2-101\' for key \'sys_role_dept.PRIMARY\'', '2021-03-27 06:20:28');
INSERT INTO `sys_oper_log` VALUES (128, '角色管理', 2, 'com.healthplatform.web.controller.system.SysRoleController.dataScope()', 'PUT', 1, 'admin', NULL, '/system/role/dataScope', '192.168.101.5', '内网IP', '{\"flag\":false,\"roleId\":2,\"admin\":false,\"remark\":\"普通角色\",\"dataScope\":\"2\",\"delFlag\":\"0\",\"params\":{},\"roleSort\":\"2\",\"deptCheckStrictly\":true,\"createTime\":1615524966000,\"menuCheckStrictly\":true,\"roleKey\":\"common\",\"roleName\":\"普通角色\",\"deptIds\":[106,100,101,103,102],\"status\":\"0\"}', '{\"msg\":\"操作成功\",\"code\":200}', 0, NULL, '2021-03-27 06:20:38');
INSERT INTO `sys_oper_log` VALUES (129, '角色管理', 2, 'com.healthplatform.web.controller.system.SysRoleController.dataScope()', 'PUT', 1, 'admin', NULL, '/system/role/dataScope', '192.168.101.5', '内网IP', '{\"flag\":false,\"roleId\":2,\"admin\":false,\"remark\":\"普通角色\",\"dataScope\":\"2\",\"delFlag\":\"0\",\"params\":{},\"roleSort\":\"2\",\"deptCheckStrictly\":true,\"createTime\":1615524966000,\"menuCheckStrictly\":true,\"roleKey\":\"common\",\"roleName\":\"普通角色\",\"deptIds\":[106,100,101,207,208,209,210,211,212,104,105],\"status\":\"0\"}', '{\"msg\":\"操作成功\",\"code\":200}', 0, NULL, '2021-03-27 06:21:13');
INSERT INTO `sys_oper_log` VALUES (130, '角色管理', 2, 'com.healthplatform.web.controller.system.SysRoleController.dataScope()', 'PUT', 1, 'admin', NULL, '/system/role/dataScope', '192.168.101.5', '内网IP', '{\"flag\":false,\"roleId\":2,\"admin\":false,\"remark\":\"普通角色\",\"dataScope\":\"2\",\"delFlag\":\"0\",\"params\":{},\"roleSort\":\"2\",\"deptCheckStrictly\":true,\"createTime\":1615524966000,\"menuCheckStrictly\":true,\"roleKey\":\"common\",\"roleName\":\"普通角色\",\"deptIds\":[102,108,109,100,101,103],\"status\":\"0\"}', '{\"msg\":\"操作成功\",\"code\":200}', 0, NULL, '2021-03-27 06:22:03');
INSERT INTO `sys_oper_log` VALUES (131, '部门管理', 2, 'com.healthplatform.web.controller.system.SysDeptController.edit()', 'PUT', 1, 'admin', NULL, '/system/dept', '192.168.101.5', '内网IP', '{\"deptName\":\"2019级\",\"leader\":\"老魔\",\"deptId\":206,\"orderNum\":\"3\",\"delFlag\":\"0\",\"params\":{},\"parentId\":102,\"createBy\":\"admin\",\"children\":[],\"createTime\":1616297729000,\"phone\":\"15252114322\",\"updateBy\":\"admin\",\"ancestors\":\"0,100,102\",\"email\":\"15252114322@163.com\",\"status\":\"0\"}', '{\"msg\":\"操作成功\",\"code\":200}', 0, NULL, '2021-03-27 06:30:07');
INSERT INTO `sys_oper_log` VALUES (132, '角色管理', 2, 'com.healthplatform.web.controller.system.SysRoleController.dataScope()', 'PUT', 1, 'admin', NULL, '/system/role/dataScope', '192.168.101.5', '内网IP', '{\"flag\":false,\"roleId\":2,\"admin\":false,\"remark\":\"普通角色\",\"dataScope\":\"2\",\"delFlag\":\"0\",\"params\":{},\"roleSort\":\"2\",\"deptCheckStrictly\":true,\"createTime\":1615524966000,\"menuCheckStrictly\":true,\"roleKey\":\"common\",\"roleName\":\"普通角色\",\"deptIds\":[100,101,102],\"status\":\"0\"}', '{\"msg\":\"操作成功\",\"code\":200}', 0, NULL, '2021-03-27 06:31:19');
INSERT INTO `sys_oper_log` VALUES (133, '角色管理', 2, 'com.healthplatform.web.controller.system.SysRoleController.dataScope()', 'PUT', 1, 'admin', NULL, '/system/role/dataScope', '192.168.101.5', '内网IP', '{\"flag\":false,\"roleId\":2,\"admin\":false,\"remark\":\"普通角色\",\"dataScope\":\"2\",\"delFlag\":\"0\",\"params\":{},\"roleSort\":\"2\",\"deptCheckStrictly\":true,\"createTime\":1615524966000,\"menuCheckStrictly\":true,\"roleKey\":\"common\",\"roleName\":\"普通角色\",\"deptIds\":[100,103,207,208,209,210,211,212,104,105,106,107],\"status\":\"0\"}', '{\"msg\":\"操作成功\",\"code\":200}', 0, NULL, '2021-03-27 06:31:48');
INSERT INTO `sys_oper_log` VALUES (134, '角色管理', 2, 'com.healthplatform.web.controller.system.SysRoleController.dataScope()', 'PUT', 1, 'admin', NULL, '/system/role/dataScope', '192.168.101.5', '内网IP', '{\"flag\":false,\"roleId\":2,\"admin\":false,\"remark\":\"普通角色\",\"dataScope\":\"2\",\"delFlag\":\"0\",\"params\":{},\"roleSort\":\"2\",\"deptCheckStrictly\":true,\"createTime\":1615524966000,\"menuCheckStrictly\":true,\"roleKey\":\"common\",\"roleName\":\"普通角色\",\"deptIds\":[],\"status\":\"0\"}', '{\"msg\":\"操作成功\",\"code\":200}', 0, NULL, '2021-03-27 06:42:22');
INSERT INTO `sys_oper_log` VALUES (135, '角色管理', 2, 'com.healthplatform.web.controller.system.SysRoleController.dataScope()', 'PUT', 1, 'admin', NULL, '/system/role/dataScope', '192.168.101.5', '内网IP', '{\"flag\":false,\"roleId\":2,\"admin\":false,\"remark\":\"普通角色\",\"dataScope\":\"2\",\"delFlag\":\"0\",\"params\":{},\"roleSort\":\"2\",\"deptCheckStrictly\":true,\"createTime\":1615524966000,\"menuCheckStrictly\":true,\"roleKey\":\"common\",\"roleName\":\"普通角色\",\"deptIds\":[102,108,109,206],\"status\":\"0\"}', '{\"msg\":\"操作成功\",\"code\":200}', 0, NULL, '2021-03-27 06:43:54');
INSERT INTO `sys_oper_log` VALUES (136, '角色管理', 2, 'com.healthplatform.web.controller.system.SysRoleController.dataScope()', 'PUT', 1, 'admin', NULL, '/system/role/dataScope', '192.168.101.5', '内网IP', '{\"flag\":false,\"roleId\":2,\"admin\":false,\"remark\":\"普通角色\",\"dataScope\":\"2\",\"delFlag\":\"0\",\"params\":{},\"roleSort\":\"2\",\"deptCheckStrictly\":true,\"createTime\":1615524966000,\"menuCheckStrictly\":true,\"roleKey\":\"common\",\"roleName\":\"普通角色\",\"deptIds\":[108,109,206,100,101,103,207,208,209,210,211,212,104,105,106,107,102,108,109,206,100,101,103,207,208,209,210,211,212,104,105,106,107,102],\"status\":\"0\"}', 'null', 1, '\n### Error updating database.  Cause: java.sql.SQLIntegrityConstraintViolationException: Duplicate entry \'2-108\' for key \'sys_role_dept.PRIMARY\'\n### The error may exist in URL [jar:file:/app.jar!/BOOT-INF/lib/healthplatform-system-1.0.0.jar!/mapper/system/SysRoleDeptMapper.xml]\n### The error may involve defaultParameterMap\n### The error occurred while setting parameters\n### SQL: insert into sys_role_dept(role_id, dept_id) values                        (?,?)          ,              (?,?)          ,              (?,?)          ,              (?,?)          ,              (?,?)          ,              (?,?)          ,              (?,?)          ,              (?,?)          ,              (?,?)          ,              (?,?)          ,              (?,?)          ,              (?,?)          ,              (?,?)          ,              (?,?)          ,              (?,?)          ,              (?,?)          ,              (?,?)          ,              (?,?)          ,              (?,?)          ,              (?,?)          ,              (?,?)          ,              (?,?)          ,              (?,?)          ,              (?,?)          ,              (?,?)          ,              (?,?)          ,              (?,?)          ,              (?,?)          ,              (?,?)          ,              (?,?)          ,              (?,?)          ,              (?,?)          ,              (?,?)          ,              (?,?)\n### Cause: java.sql.SQLIntegrityConstraintViolationException: Duplicate entry \'2-108\' for key \'sys_role_dept.PRIMARY\'\n; Duplicate entry \'2-108\' for key \'sys_role_dept.PRIMARY\'; nested exception is java.sql.SQLIntegrityConstraintViolationException: Duplicate entry \'2-108\' for key \'sys_role_dept.PRIMARY\'', '2021-03-27 06:48:38');
INSERT INTO `sys_oper_log` VALUES (137, '角色管理', 2, 'com.healthplatform.web.controller.system.SysRoleController.dataScope()', 'PUT', 1, 'admin', NULL, '/system/role/dataScope', '192.168.101.5', '内网IP', '{\"flag\":false,\"roleId\":2,\"admin\":false,\"remark\":\"普通角色\",\"dataScope\":\"2\",\"delFlag\":\"0\",\"params\":{},\"roleSort\":\"2\",\"deptCheckStrictly\":true,\"createTime\":1615524966000,\"menuCheckStrictly\":true,\"roleKey\":\"common\",\"roleName\":\"普通角色\",\"deptIds\":[],\"status\":\"0\"}', '{\"msg\":\"操作成功\",\"code\":200}', 0, NULL, '2021-03-27 06:48:44');
INSERT INTO `sys_oper_log` VALUES (138, '角色管理', 2, 'com.healthplatform.web.controller.system.SysRoleController.dataScope()', 'PUT', 1, 'admin', NULL, '/system/role/dataScope', '192.168.101.5', '内网IP', '{\"flag\":false,\"roleId\":2,\"admin\":false,\"remark\":\"普通角色\",\"dataScope\":\"2\",\"delFlag\":\"0\",\"params\":{},\"roleSort\":\"2\",\"deptCheckStrictly\":true,\"createTime\":1615524966000,\"menuCheckStrictly\":true,\"roleKey\":\"common\",\"roleName\":\"普通角色\",\"deptIds\":[100,101,103,207,208,209,210,211,212,104,105,106,107,102,108,109,206],\"status\":\"0\"}', '{\"msg\":\"操作成功\",\"code\":200}', 0, NULL, '2021-03-27 06:49:38');
INSERT INTO `sys_oper_log` VALUES (139, '角色管理', 2, 'com.healthplatform.web.controller.system.SysRoleController.dataScope()', 'PUT', 1, 'admin', NULL, '/system/role/dataScope', '192.168.101.5', '内网IP', '{\"flag\":false,\"roleId\":2,\"admin\":false,\"remark\":\"普通角色\",\"dataScope\":\"2\",\"delFlag\":\"0\",\"params\":{},\"roleSort\":\"2\",\"deptCheckStrictly\":true,\"createTime\":1615524966000,\"menuCheckStrictly\":true,\"roleKey\":\"common\",\"roleName\":\"普通角色\",\"deptIds\":[108,102,109,206,100,102],\"status\":\"0\"}', 'null', 1, '\n### Error updating database.  Cause: java.sql.SQLIntegrityConstraintViolationException: Duplicate entry \'2-102\' for key \'sys_role_dept.PRIMARY\'\n### The error may exist in URL [jar:file:/app.jar!/BOOT-INF/lib/healthplatform-system-1.0.0.jar!/mapper/system/SysRoleDeptMapper.xml]\n### The error may involve defaultParameterMap\n### The error occurred while setting parameters\n### SQL: insert into sys_role_dept(role_id, dept_id) values                        (?,?)          ,              (?,?)          ,              (?,?)          ,              (?,?)          ,              (?,?)          ,              (?,?)\n### Cause: java.sql.SQLIntegrityConstraintViolationException: Duplicate entry \'2-102\' for key \'sys_role_dept.PRIMARY\'\n; Duplicate entry \'2-102\' for key \'sys_role_dept.PRIMARY\'; nested exception is java.sql.SQLIntegrityConstraintViolationException: Duplicate entry \'2-102\' for key \'sys_role_dept.PRIMARY\'', '2021-03-27 06:52:27');
INSERT INTO `sys_oper_log` VALUES (140, '角色管理', 2, 'com.healthplatform.web.controller.system.SysRoleController.dataScope()', 'PUT', 1, 'admin', NULL, '/system/role/dataScope', '192.168.101.5', '内网IP', '{\"flag\":false,\"roleId\":2,\"admin\":false,\"remark\":\"普通角色\",\"dataScope\":\"2\",\"delFlag\":\"0\",\"params\":{},\"roleSort\":\"2\",\"deptCheckStrictly\":true,\"createTime\":1615524966000,\"menuCheckStrictly\":true,\"roleKey\":\"common\",\"roleName\":\"普通角色\",\"deptIds\":[100,102],\"status\":\"0\"}', '{\"msg\":\"操作成功\",\"code\":200}', 0, NULL, '2021-03-27 06:52:48');
INSERT INTO `sys_oper_log` VALUES (141, '角色管理', 2, 'com.healthplatform.web.controller.system.SysRoleController.dataScope()', 'PUT', 1, 'admin', NULL, '/system/role/dataScope', '192.168.101.5', '内网IP', '{\"flag\":false,\"roleId\":2,\"admin\":false,\"remark\":\"普通角色\",\"dataScope\":\"2\",\"delFlag\":\"0\",\"params\":{},\"roleSort\":\"2\",\"deptCheckStrictly\":true,\"createTime\":1615524966000,\"menuCheckStrictly\":true,\"roleKey\":\"common\",\"roleName\":\"普通角色\",\"deptIds\":[102,108,109,206],\"status\":\"0\"}', '{\"msg\":\"操作成功\",\"code\":200}', 0, NULL, '2021-03-27 06:57:07');
INSERT INTO `sys_oper_log` VALUES (142, '角色管理', 2, 'com.healthplatform.web.controller.system.SysRoleController.dataScope()', 'PUT', 1, 'admin', NULL, '/system/role/dataScope', '192.168.101.5', '内网IP', '{\"flag\":false,\"roleId\":2,\"admin\":false,\"remark\":\"普通角色\",\"dataScope\":\"2\",\"delFlag\":\"0\",\"params\":{},\"roleSort\":\"2\",\"deptCheckStrictly\":true,\"createTime\":1615524966000,\"menuCheckStrictly\":true,\"roleKey\":\"common\",\"roleName\":\"普通角色\",\"deptIds\":[108,102,109,206,101,103,207,208,209,210,211,212,104,105,106,107,100],\"status\":\"0\"}', '{\"msg\":\"操作成功\",\"code\":200}', 0, NULL, '2021-03-27 06:57:16');
INSERT INTO `sys_oper_log` VALUES (143, '角色管理', 2, 'com.healthplatform.web.controller.system.SysRoleController.dataScope()', 'PUT', 1, 'admin', NULL, '/system/role/dataScope', '192.168.101.5', '内网IP', '{\"flag\":false,\"roleId\":2,\"admin\":false,\"remark\":\"普通角色\",\"dataScope\":\"2\",\"delFlag\":\"0\",\"params\":{},\"roleSort\":\"2\",\"deptCheckStrictly\":true,\"createTime\":1615524966000,\"menuCheckStrictly\":true,\"roleKey\":\"common\",\"roleName\":\"普通角色\",\"deptIds\":[104,101,105,106,107,207,103,208,209,210,211,212],\"status\":\"0\"}', '{\"msg\":\"操作成功\",\"code\":200}', 0, NULL, '2021-03-27 06:57:21');
INSERT INTO `sys_oper_log` VALUES (144, '角色管理', 2, 'com.healthplatform.web.controller.system.SysRoleController.dataScope()', 'PUT', 1, 'admin', NULL, '/system/role/dataScope', '192.168.101.5', '内网IP', '{\"flag\":false,\"roleId\":2,\"admin\":false,\"remark\":\"普通角色\",\"dataScope\":\"2\",\"delFlag\":\"0\",\"params\":{},\"roleSort\":\"2\",\"deptCheckStrictly\":true,\"createTime\":1615524966000,\"menuCheckStrictly\":true,\"roleKey\":\"common\",\"roleName\":\"普通角色\",\"deptIds\":[104,101,105,106,107,207,103,208,209,210,211,212,102,108,109,206,100],\"status\":\"0\"}', '{\"msg\":\"操作成功\",\"code\":200}', 0, NULL, '2021-03-27 06:57:36');
INSERT INTO `sys_oper_log` VALUES (145, '角色管理', 2, 'com.healthplatform.web.controller.system.SysRoleController.dataScope()', 'PUT', 1, 'admin', NULL, '/system/role/dataScope', '192.168.101.5', '内网IP', '{\"flag\":false,\"roleId\":2,\"admin\":false,\"remark\":\"普通角色\",\"dataScope\":\"2\",\"delFlag\":\"0\",\"params\":{},\"roleSort\":\"2\",\"deptCheckStrictly\":true,\"createTime\":1615524966000,\"menuCheckStrictly\":true,\"roleKey\":\"common\",\"roleName\":\"普通角色\",\"deptIds\":[104,105,106,107,108,102,109,206],\"status\":\"0\"}', '{\"msg\":\"操作成功\",\"code\":200}', 0, NULL, '2021-03-27 07:00:33');
INSERT INTO `sys_oper_log` VALUES (146, '角色管理', 2, 'com.healthplatform.web.controller.system.SysRoleController.dataScope()', 'PUT', 1, 'admin', NULL, '/system/role/dataScope', '192.168.101.5', '内网IP', '{\"flag\":false,\"roleId\":2,\"admin\":false,\"remark\":\"普通角色\",\"dataScope\":\"2\",\"delFlag\":\"0\",\"params\":{},\"roleSort\":\"2\",\"deptCheckStrictly\":true,\"createTime\":1615524966000,\"menuCheckStrictly\":true,\"roleKey\":\"common\",\"roleName\":\"普通角色\",\"deptIds\":[104,105,106,107],\"status\":\"0\"}', '{\"msg\":\"操作成功\",\"code\":200}', 0, NULL, '2021-03-27 07:00:40');
INSERT INTO `sys_oper_log` VALUES (147, '角色管理', 2, 'com.healthplatform.web.controller.system.SysRoleController.edit()', 'PUT', 1, 'admin', NULL, '/system/role', '192.168.101.5', '内网IP', '{\"flag\":false,\"roleId\":2,\"admin\":false,\"remark\":\"普通角色\",\"dataScope\":\"2\",\"delFlag\":\"0\",\"params\":{},\"roleSort\":\"2\",\"deptCheckStrictly\":true,\"createTime\":1615524966000,\"updateBy\":\"admin\",\"menuCheckStrictly\":true,\"roleKey\":\"common\",\"roleName\":\"普通角色\",\"menuIds\":[111,2,112,113,1008,101,1009,1010,1011,1012,1013,102,1014,1015,1016,1017,103,1018,1019,1020,1021,104,1022,1023,1024,1025,1026,105,1027,1028,1029,1030,1031,106,1032,1033,1034,1035,1036,107,1037,1038,1039,1046,109,1047,1048,1049,110,1050,1051,1052,1053,1054,1040,500,108,1041,1042,1043,501,1044,1045,2001,2000,1],\"status\":\"0\"}', '{\"msg\":\"操作成功\",\"code\":200}', 0, NULL, '2021-03-27 07:00:50');
INSERT INTO `sys_oper_log` VALUES (148, '角色管理', 2, 'com.healthplatform.web.controller.system.SysRoleController.edit()', 'PUT', 1, 'admin', NULL, '/system/role', '192.168.101.5', '内网IP', '{\"flag\":false,\"roleId\":2,\"admin\":false,\"remark\":\"普通角色\",\"dataScope\":\"2\",\"delFlag\":\"0\",\"params\":{},\"roleSort\":\"2\",\"deptCheckStrictly\":true,\"createTime\":1615524966000,\"updateBy\":\"admin\",\"menuCheckStrictly\":true,\"roleKey\":\"common\",\"roleName\":\"普通角色\",\"menuIds\":[111,2,112,113,1009,1010,1011,1012,1013,102,1014,1015,1016,1017,103,1018,1019,1020,1021,104,1022,1023,1024,1025,1026,105,1027,1028,1029,1030,1031,106,1032,1033,1034,1035,1036,107,1037,1038,1039,1046,109,1047,1048,1049,110,1050,1051,1052,1053,1054,1040,500,108,1041,1042,1043,501,1044,1045,2001,2000,1,101],\"status\":\"0\"}', '{\"msg\":\"操作成功\",\"code\":200}', 0, NULL, '2021-03-27 07:00:58');
INSERT INTO `sys_oper_log` VALUES (149, '角色管理', 2, 'com.healthplatform.web.controller.system.SysRoleController.edit()', 'PUT', 1, 'admin', NULL, '/system/role', '192.168.101.5', '内网IP', '{\"flag\":false,\"roleId\":2,\"admin\":false,\"remark\":\"普通角色\",\"dataScope\":\"2\",\"delFlag\":\"0\",\"params\":{},\"roleSort\":\"2\",\"deptCheckStrictly\":true,\"createTime\":1615524966000,\"updateBy\":\"admin\",\"menuCheckStrictly\":true,\"roleKey\":\"common\",\"roleName\":\"普通角色\",\"menuIds\":[111,112,113,1009,1010,1011,1012,1013,1014,1015,1016,1017,1018,1019,1020,1021,1022,1023,1024,1025,1026,1027,1028,1029,1030,1031,1032,1033,1034,1035,1036,1037,1038,1039,1046,1047,1048,1049,1050,1051,1052,1053,1054,1040,1041,1042,1043,1044,1045,2001,1,100,1001,1002,1003,1004,1005,1006,1007,101,1008,1009,1010,1011,1012,102,1013,1014,1015,1016,103,1017,1018,1019,1020,104,1021,1022,1023,1024,1025,105,1026,1027,1028,1029,1030,106,1031,1032,1033,1034,1035,107,1036,1037,1038,1039,108,500,1040,1041,1042,501,1043,1044,1045,2,109,1046,1047,1048,110,1049,1050,1051,1052,1053,1054,111,112,113,2000,2001,1,100,1001,1002,1003,1004,1005,1006,1007,101,1008,102,103,104,105,106,107,108,500,501,2,109,110,2000],\"status\":\"0\"}', 'null', 1, '\n### Error updating database.  Cause: java.sql.SQLIntegrityConstraintViolationException: Duplicate entry \'2-1009\' for key \'sys_role_menu.PRIMARY\'\n### The error may exist in URL [jar:file:/app.jar!/BOOT-INF/lib/healthplatform-system-1.0.0.jar!/mapper/system/SysRoleMenuMapper.xml]\n### The error may involve defaultParameterMap\n### The error occurred while setting parameters\n### SQL: insert into sys_role_menu(role_id, menu_id) values                        (?,?)          ,              (?,?)          ,              (?,?)          ,              (?,?)          ,              (?,?)          ,              (?,?)          ,              (?,?)          ,              (?,?)          ,              (?,?)          ,              (?,?)          ,              (?,?)          ,              (?,?)          ,              (?,?)          ,              (?,?)          ,              (?,?)          ,              (?,?)          ,              (?,?)          ,              (?,?)          ,              (?,?)          ,              (?,?)          ,              (?,?)          ,              (?,?)          ,              (?,?)          ,              (?,?)          ,              (?,?)          ,              (?,?)          ,              (?,?)          ,              (?,?)          ,              (?,?)          ,              (?,?)          ,              (?,?)          ,              (?,?)          ,              (?,?)          ,              (?,?)          ,              (?,?)          ,              (?,?)          ,              (?,?)          ,              (?,?)          ,              (?,?)          ,              (?,?)          ,              (?,?)          ,              (?,?)          ,              (?,?)          ,              (?,?)          ,              (?,?)          ,              (?,?)          ,              (?,?)          ,              (?,?)          ,              (?,?)          ,              (?,?)          ,              (?,?)          ,              (?,?)        ', '2021-03-27 07:01:04');
INSERT INTO `sys_oper_log` VALUES (150, '角色管理', 2, 'com.healthplatform.web.controller.system.SysRoleController.edit()', 'PUT', 1, 'admin', NULL, '/system/role', '192.168.101.5', '内网IP', '{\"flag\":false,\"roleId\":2,\"admin\":false,\"remark\":\"普通角色\",\"dataScope\":\"2\",\"delFlag\":\"0\",\"params\":{},\"roleSort\":\"2\",\"deptCheckStrictly\":true,\"createTime\":1615524966000,\"updateBy\":\"admin\",\"menuCheckStrictly\":true,\"roleKey\":\"common\",\"roleName\":\"普通角色\",\"menuIds\":[111,112,113,1009,1010,1011,1012,1013,1014,1015,1016,1017,1018,1019,1020,1021,1022,1023,1024,1025,1026,1027,1028,1029,1030,1031,1032,1033,1034,1035,1036,1037,1038,1039,1046,1047,1048,1049,1050,1051,1052,1053,1054,1040,1041,1042,1043,1044,1045,2001,1,100,1001,1002,1003,1004,1005,1006,1007,101,1008,1009,1010,1011,1012,102,1013,1014,1015,1016,103,1017,1018,1019,1020,104,1021,1022,1023,1024,1025,105,1026,1027,1028,1029,1030,106,1031,1032,1033,1034,1035,107,1036,1037,1038,1039,108,500,1040,1041,1042,501,1043,1044,1045,2,109,1046,1047,1048,110,1049,1050,1051,1052,1053,1054,111,112,113,2000,2001],\"status\":\"0\"}', 'null', 1, '\n### Error updating database.  Cause: java.sql.SQLIntegrityConstraintViolationException: Duplicate entry \'2-1009\' for key \'sys_role_menu.PRIMARY\'\n### The error may exist in URL [jar:file:/app.jar!/BOOT-INF/lib/healthplatform-system-1.0.0.jar!/mapper/system/SysRoleMenuMapper.xml]\n### The error may involve defaultParameterMap\n### The error occurred while setting parameters\n### SQL: insert into sys_role_menu(role_id, menu_id) values                        (?,?)          ,              (?,?)          ,              (?,?)          ,              (?,?)          ,              (?,?)          ,              (?,?)          ,              (?,?)          ,              (?,?)          ,              (?,?)          ,              (?,?)          ,              (?,?)          ,              (?,?)          ,              (?,?)          ,              (?,?)          ,              (?,?)          ,              (?,?)          ,              (?,?)          ,              (?,?)          ,              (?,?)          ,              (?,?)          ,              (?,?)          ,              (?,?)          ,              (?,?)          ,              (?,?)          ,              (?,?)          ,              (?,?)          ,              (?,?)          ,              (?,?)          ,              (?,?)          ,              (?,?)          ,              (?,?)          ,              (?,?)          ,              (?,?)          ,              (?,?)          ,              (?,?)          ,              (?,?)          ,              (?,?)          ,              (?,?)          ,              (?,?)          ,              (?,?)          ,              (?,?)          ,              (?,?)          ,              (?,?)          ,              (?,?)          ,              (?,?)          ,              (?,?)          ,              (?,?)          ,              (?,?)          ,              (?,?)          ,              (?,?)          ,              (?,?)          ,              (?,?)        ', '2021-03-27 07:01:26');
INSERT INTO `sys_oper_log` VALUES (151, '角色管理', 2, 'com.healthplatform.web.controller.system.SysRoleController.edit()', 'PUT', 1, 'admin', NULL, '/system/role', '192.168.101.5', '内网IP', '{\"flag\":false,\"roleId\":2,\"admin\":false,\"remark\":\"普通角色\",\"dataScope\":\"2\",\"delFlag\":\"0\",\"params\":{},\"roleSort\":\"2\",\"deptCheckStrictly\":true,\"createTime\":1615524966000,\"updateBy\":\"admin\",\"menuCheckStrictly\":true,\"roleKey\":\"common\",\"roleName\":\"普通角色\",\"menuIds\":[111,112,113,1009,1010,1011,1012,1013,1014,1015,1016,1017,1018,1019,1020,1021,1022,1023,1024,1025,1026,1027,1028,1029,1030,1031,1032,1033,1034,1035,1036,1037,1038,1039,1046,1047,1048,1049,1050,1051,1052,1053,1054,1040,1041,1042,1043,1044,1045,2001,1,100,1001,1002,1003,1004,1005,1006,1007,101,1008,1009,1010,1011,1012,102,1013,1014,1015,1016,103,1017,1018,1019,1020,104,1021,1022,1023,1024,1025,105,1026,1027,1028,1029,1030,106,1031,1032,1033,1034,1035,107,1036,1037,1038,1039,108,500,1040,1041,1042,501,1043,1044,1045,2,109,1046,1047,1048,110,1049,1050,1051,1052,1053,1054,111,112,113,2000,2001],\"status\":\"0\"}', 'null', 1, '\n### Error updating database.  Cause: java.sql.SQLIntegrityConstraintViolationException: Duplicate entry \'2-1009\' for key \'sys_role_menu.PRIMARY\'\n### The error may exist in URL [jar:file:/app.jar!/BOOT-INF/lib/healthplatform-system-1.0.0.jar!/mapper/system/SysRoleMenuMapper.xml]\n### The error may involve defaultParameterMap\n### The error occurred while setting parameters\n### SQL: insert into sys_role_menu(role_id, menu_id) values                        (?,?)          ,              (?,?)          ,              (?,?)          ,              (?,?)          ,              (?,?)          ,              (?,?)          ,              (?,?)          ,              (?,?)          ,              (?,?)          ,              (?,?)          ,              (?,?)          ,              (?,?)          ,              (?,?)          ,              (?,?)          ,              (?,?)          ,              (?,?)          ,              (?,?)          ,              (?,?)          ,              (?,?)          ,              (?,?)          ,              (?,?)          ,              (?,?)          ,              (?,?)          ,              (?,?)          ,              (?,?)          ,              (?,?)          ,              (?,?)          ,              (?,?)          ,              (?,?)          ,              (?,?)          ,              (?,?)          ,              (?,?)          ,              (?,?)          ,              (?,?)          ,              (?,?)          ,              (?,?)          ,              (?,?)          ,              (?,?)          ,              (?,?)          ,              (?,?)          ,              (?,?)          ,              (?,?)          ,              (?,?)          ,              (?,?)          ,              (?,?)          ,              (?,?)          ,              (?,?)          ,              (?,?)          ,              (?,?)          ,              (?,?)          ,              (?,?)          ,              (?,?)        ', '2021-03-27 07:01:36');
INSERT INTO `sys_oper_log` VALUES (152, '角色管理', 2, 'com.healthplatform.web.controller.system.SysRoleController.edit()', 'PUT', 1, 'admin', NULL, '/system/role', '192.168.101.5', '内网IP', '{\"flag\":false,\"roleId\":2,\"admin\":false,\"remark\":\"普通角色\",\"dataScope\":\"2\",\"delFlag\":\"0\",\"params\":{},\"roleSort\":\"2\",\"deptCheckStrictly\":true,\"createTime\":1615524966000,\"updateBy\":\"admin\",\"menuCheckStrictly\":true,\"roleKey\":\"common\",\"roleName\":\"普通角色\",\"menuIds\":[111,2,109,1046,1047,1048,110,1049,1050,1051,1052,1053,1054,112,113,1013,102,1014,1015,1016,1017,103,1018,1019,1020,1021,104,1022,1023,1024,1025,1026,105,1027,1028,1029,1030,1031,106,1032,1033,1034,1035,1036,107,1037,1038,1039,1040,500,108,1041,1042,501,1043,1044,1045,2001,2000],\"status\":\"0\"}', '{\"msg\":\"操作成功\",\"code\":200}', 0, NULL, '2021-03-27 07:01:45');
INSERT INTO `sys_oper_log` VALUES (153, '角色管理', 2, 'com.healthplatform.web.controller.system.SysRoleController.edit()', 'PUT', 1, 'admin', NULL, '/system/role', '192.168.101.5', '内网IP', '{\"flag\":false,\"roleId\":2,\"admin\":false,\"remark\":\"普通角色\",\"dataScope\":\"2\",\"delFlag\":\"0\",\"params\":{},\"roleSort\":\"2\",\"deptCheckStrictly\":true,\"createTime\":1615524966000,\"updateBy\":\"admin\",\"menuCheckStrictly\":true,\"roleKey\":\"common\",\"roleName\":\"普通角色\",\"menuIds\":[111,2,109,1046,1047,1048,110,1049,1050,1051,1052,1053,1054,112,113,1013,102,1014,1015,1016,1017,103,1018,1019,1020,1021,104,1022,1023,1024,1025,1026,105,1027,1028,1029,1030,1031,106,1032,1033,1034,1035,1036,107,1037,1038,1039,1040,500,108,1041,1042,501,1043,1044,1045,2001,2000,100,1001,1002,1003,1004,1005,1006,1007,101,1008,1009,1010,1011,1012,1],\"status\":\"0\"}', '{\"msg\":\"操作成功\",\"code\":200}', 0, NULL, '2021-03-27 07:01:55');
INSERT INTO `sys_oper_log` VALUES (154, '角色管理', 2, 'com.healthplatform.web.controller.system.SysRoleController.edit()', 'PUT', 1, 'admin', NULL, '/system/role', '192.168.101.5', '内网IP', '{\"flag\":false,\"roleId\":2,\"admin\":false,\"remark\":\"普通角色\",\"dataScope\":\"2\",\"delFlag\":\"0\",\"params\":{},\"roleSort\":\"2\",\"deptCheckStrictly\":true,\"createTime\":1615524966000,\"updateBy\":\"admin\",\"menuCheckStrictly\":true,\"roleKey\":\"common\",\"roleName\":\"普通角色\",\"menuIds\":[111,2,112,113,1046,109,1047,1048,1049,110,1050,1051,1052,1053,1054,2001,2000],\"status\":\"0\"}', '{\"msg\":\"操作成功\",\"code\":200}', 0, NULL, '2021-03-27 07:02:00');
INSERT INTO `sys_oper_log` VALUES (155, '角色管理', 2, 'com.healthplatform.web.controller.system.SysRoleController.edit()', 'PUT', 1, 'admin', NULL, '/system/role', '192.168.101.5', '内网IP', '{\"flag\":false,\"roleId\":2,\"admin\":false,\"remark\":\"普通角色\",\"dataScope\":\"2\",\"delFlag\":\"0\",\"params\":{},\"roleSort\":\"2\",\"deptCheckStrictly\":true,\"createTime\":1615524966000,\"updateBy\":\"admin\",\"menuCheckStrictly\":true,\"roleKey\":\"common\",\"roleName\":\"普通角色\",\"menuIds\":[1,100,1001,1002,1003,1004,1005,1006,1007,101,1008,1009,1010,1011,1012,102,1013,1014,1015,1016,103,1017,1018,1019,1020,104,1021,1022,1023,1024,1025,105,1026,1027,1028,1029,1030,106,1031,1032,1033,1034,1035,107,1036,1037,1038,1039,108,500,1040,1041,1042,501,1043,1044,1045,2,109,1046,1047,1048,110,1049,1050,1051,1052,1053,1054,111,112,113,2000,2001],\"status\":\"0\"}', '{\"msg\":\"操作成功\",\"code\":200}', 0, NULL, '2021-03-27 07:02:07');
INSERT INTO `sys_oper_log` VALUES (156, '角色管理', 2, 'com.healthplatform.web.controller.system.SysRoleController.edit()', 'PUT', 1, 'admin', NULL, '/system/role', '192.168.101.5', '内网IP', '{\"flag\":false,\"roleId\":2,\"admin\":false,\"remark\":\"普通角色\",\"dataScope\":\"2\",\"delFlag\":\"0\",\"params\":{},\"roleSort\":\"2\",\"deptCheckStrictly\":true,\"createTime\":1615524966000,\"updateBy\":\"admin\",\"menuCheckStrictly\":true,\"roleKey\":\"common\",\"roleName\":\"普通角色\",\"menuIds\":[111,2,112,113,1046,109,1047,1048,1049,110,1050,1051,1052,1053,1054,2001,2000],\"status\":\"0\"}', '{\"msg\":\"操作成功\",\"code\":200}', 0, NULL, '2021-03-27 07:02:12');
INSERT INTO `sys_oper_log` VALUES (157, '角色管理', 2, 'com.healthplatform.web.controller.system.SysRoleController.edit()', 'PUT', 1, 'admin', NULL, '/system/role', '192.168.101.5', '内网IP', '{\"flag\":false,\"roleId\":2,\"admin\":false,\"remark\":\"普通角色\",\"dataScope\":\"2\",\"delFlag\":\"0\",\"params\":{},\"roleSort\":\"2\",\"deptCheckStrictly\":true,\"createTime\":1615524966000,\"updateBy\":\"admin\",\"menuCheckStrictly\":true,\"roleKey\":\"common\",\"roleName\":\"普通角色\",\"menuIds\":[],\"status\":\"0\"}', '{\"msg\":\"操作成功\",\"code\":200}', 0, NULL, '2021-03-27 07:02:16');
INSERT INTO `sys_oper_log` VALUES (158, '角色管理', 2, 'com.healthplatform.web.controller.system.SysRoleController.edit()', 'PUT', 1, 'admin', NULL, '/system/role', '192.168.101.5', '内网IP', '{\"flag\":false,\"roleId\":2,\"admin\":false,\"remark\":\"普通角色\",\"dataScope\":\"2\",\"delFlag\":\"0\",\"params\":{},\"roleSort\":\"2\",\"deptCheckStrictly\":true,\"createTime\":1615524966000,\"updateBy\":\"admin\",\"menuCheckStrictly\":true,\"roleKey\":\"common\",\"roleName\":\"普通角色\",\"menuIds\":[1,100,1001,1002,1003,1004,1005,1006,1007,101,1008,1009,1010,1011,1012,102,1013,1014,1015,1016,103,1017,1018,1019,1020,104,1021,1022,1023,1024,1025,105,1026,1027,1028,1029,1030,106,1031,1032,1033,1034,1035,107,1036,1037,1038,1039,108,500,1040,1041,1042,501,1043,1044,1045,2,109,1046,1047,1048,110,1049,1050,1051,1052,1053,1054,111,112,113,2000,2001],\"status\":\"0\"}', '{\"msg\":\"操作成功\",\"code\":200}', 0, NULL, '2021-03-27 07:02:20');
INSERT INTO `sys_oper_log` VALUES (159, '用户头像', 2, 'com.healthplatform.web.controller.system.SysProfileController.avatar()', 'POST', 1, 'ry', NULL, '/system/user/profile/avatar', '183.213.84.226', 'XX XX', '', '{\"msg\":\"操作成功\",\"imgUrl\":\"/profile/avatar/2021/03/27/0814aae5-326e-4f31-8852-e928b94e9646.jpeg\",\"code\":200}', 0, NULL, '2021-03-27 10:32:00');
INSERT INTO `sys_oper_log` VALUES (160, '用户头像', 2, 'com.healthplatform.web.controller.system.SysProfileController.avatar()', 'POST', 1, 'admin', NULL, '/system/user/profile/avatar', '183.213.84.226', 'XX XX', '', '{\"msg\":\"操作成功\",\"imgUrl\":\"/profile/avatar/2021/03/27/e4f92d4f-dc0a-4f61-bfe1-d42cca0d01f5.jpeg\",\"code\":200}', 0, NULL, '2021-03-27 11:23:37');
INSERT INTO `sys_oper_log` VALUES (161, '角色管理', 2, 'com.healthplatform.web.controller.system.SysRoleController.dataScope()', 'PUT', 1, 'admin', NULL, '/system/role/dataScope', '183.213.84.226', 'XX XX', '{\"flag\":false,\"roleId\":2,\"admin\":false,\"remark\":\"普通角色\",\"dataScope\":\"4\",\"delFlag\":\"0\",\"params\":{},\"roleSort\":\"2\",\"deptCheckStrictly\":true,\"createTime\":1615524966000,\"menuCheckStrictly\":true,\"roleKey\":\"common\",\"roleName\":\"普通角色\",\"deptIds\":[104,105,106,107,100,101,103,207,208,209,210,211,212],\"status\":\"0\"}', '{\"msg\":\"操作成功\",\"code\":200}', 0, NULL, '2021-03-27 11:24:02');
INSERT INTO `sys_oper_log` VALUES (162, '用户管理', 2, 'com.healthplatform.web.controller.system.SysUserController.edit()', 'PUT', 1, 'admin', NULL, '/system/user', '183.213.84.226', 'XX XX', '{\"roles\":[{\"flag\":false,\"roleId\":2,\"admin\":false,\"dataScope\":\"4\",\"params\":{},\"roleSort\":\"2\",\"deptCheckStrictly\":false,\"menuCheckStrictly\":false,\"roleKey\":\"common\",\"roleName\":\"普通角色\",\"status\":\"0\"}],\"phonenumber\":\"15666666667\",\"admin\":false,\"loginDate\":1615524965000,\"remark\":\"\",\"delFlag\":\"0\",\"password\":\"\",\"updateBy\":\"admin\",\"postIds\":[2],\"loginIp\":\"127.0.0.1\",\"email\":\"ry@qq.com\",\"nickName\":\"老魔\",\"sex\":\"1\",\"deptId\":103,\"avatar\":\"/profile/avatar/2021/03/27/0814aae5-326e-4f31-8852-e928b94e9646.jpeg\",\"dept\":{\"deptName\":\"1班\",\"leader\":\"老魔\",\"deptId\":207,\"orderNum\":\"1\",\"params\":{},\"parentId\":103,\"children\":[],\"status\":\"0\"},\"params\":{},\"userName\":\"ry\",\"userId\":2,\"createBy\":\"admin\",\"roleIds\":[2],\"createTime\":1615524965000,\"status\":\"0\"}', '{\"msg\":\"操作成功\",\"code\":200}', 0, NULL, '2021-03-27 11:24:23');
INSERT INTO `sys_oper_log` VALUES (163, '部门管理', 3, 'com.healthplatform.web.controller.system.SysDeptController.remove()', 'DELETE', 1, 'admin', NULL, '/system/dept/107', '183.213.84.226', 'XX XX', '{deptId=107}', '{\"msg\":\"操作成功\",\"code\":200}', 0, NULL, '2021-03-27 11:24:52');
INSERT INTO `sys_oper_log` VALUES (164, '部门管理', 3, 'com.healthplatform.web.controller.system.SysDeptController.remove()', 'DELETE', 1, 'admin', NULL, '/system/dept/107', '183.213.84.226', 'XX XX', '{deptId=107}', '{\"msg\":\"操作失败\",\"code\":500}', 0, NULL, '2021-03-27 11:24:53');
INSERT INTO `sys_oper_log` VALUES (165, '菜单管理', 1, 'com.healthplatform.web.controller.system.SysMenuController.add()', 'POST', 1, 'admin', NULL, '/system/menu', '127.0.0.1', '内网IP', '{\"visible\":\"0\",\"icon\":\"button\",\"orderNum\":\"2\",\"menuName\":\"dxcv\",\"params\":{},\"parentId\":2001,\"isCache\":\"0\",\"path\":\"fdg\",\"createBy\":\"admin\",\"children\":[],\"isFrame\":\"1\",\"menuType\":\"M\",\"status\":\"0\"}', '{\"msg\":\"操作成功\",\"code\":200}', 0, NULL, '2021-03-27 11:28:14');
INSERT INTO `sys_oper_log` VALUES (166, '菜单管理', 3, 'com.healthplatform.web.controller.system.SysMenuController.remove()', 'DELETE', 1, 'admin', NULL, '/system/menu/2002', '127.0.0.1', '内网IP', '{menuId=2002}', '{\"msg\":\"操作成功\",\"code\":200}', 0, NULL, '2021-03-27 11:28:20');
INSERT INTO `sys_oper_log` VALUES (167, '部门管理', 1, 'com.healthplatform.web.controller.system.SysDeptController.add()', 'POST', 1, 'admin', NULL, '/system/dept', '127.0.0.1', '内网IP', '{\"deptName\":\"2022\",\"orderNum\":\"0\",\"params\":{},\"parentId\":101,\"createBy\":\"admin\",\"children\":[],\"ancestors\":\"0,100,101\",\"status\":\"0\"}', '{\"msg\":\"操作成功\",\"code\":200}', 0, NULL, '2021-03-27 11:28:38');
INSERT INTO `sys_oper_log` VALUES (168, '部门管理', 3, 'com.healthplatform.web.controller.system.SysDeptController.remove()', 'DELETE', 1, 'admin', NULL, '/system/dept/213', '127.0.0.1', '内网IP', '{deptId=213}', '{\"msg\":\"操作成功\",\"code\":200}', 0, NULL, '2021-03-27 11:28:44');
INSERT INTO `sys_oper_log` VALUES (169, '字典类型', 1, 'com.healthplatform.web.controller.system.SysDictTypeController.add()', 'POST', 1, 'admin', NULL, '/system/dict/type', '127.0.0.1', '内网IP', '{\"createBy\":\"admin\",\"dictName\":\"ad\",\"params\":{},\"dictType\":\"sd\",\"status\":\"0\"}', '{\"msg\":\"操作成功\",\"code\":200}', 0, NULL, '2021-03-27 11:32:36');
INSERT INTO `sys_oper_log` VALUES (170, '字典类型', 3, 'com.healthplatform.web.controller.system.SysDictTypeController.remove()', 'DELETE', 1, 'admin', NULL, '/system/dict/type/100', '127.0.0.1', '内网IP', '{dictIds=100}', '{\"msg\":\"操作成功\",\"code\":200}', 0, NULL, '2021-03-27 11:32:43');
INSERT INTO `sys_oper_log` VALUES (171, '参数管理', 1, 'com.healthplatform.web.controller.system.SysConfigController.add()', 'POST', 1, 'admin', NULL, '/system/config', '127.0.0.1', '内网IP', '{\"configName\":\"sda\",\"configKey\":\"asd\",\"createBy\":\"admin\",\"configType\":\"Y\",\"configValue\":\"sada\",\"params\":{}}', '{\"msg\":\"操作成功\",\"code\":200}', 0, NULL, '2021-03-27 11:32:59');
INSERT INTO `sys_oper_log` VALUES (172, '参数管理', 3, 'com.healthplatform.web.controller.system.SysConfigController.remove()', 'DELETE', 1, 'admin', NULL, '/system/config/100', '127.0.0.1', '内网IP', '{configIds=100}', 'null', 1, '内置参数【asd】不能删除 ', '2021-03-27 11:33:03');
INSERT INTO `sys_oper_log` VALUES (173, '参数管理', 3, 'com.healthplatform.web.controller.system.SysConfigController.remove()', 'DELETE', 1, 'admin', NULL, '/system/config/100', '127.0.0.1', '内网IP', '{configIds=100}', 'null', 1, '内置参数【asd】不能删除 ', '2021-03-27 11:33:06');
INSERT INTO `sys_oper_log` VALUES (174, '参数管理', 3, 'com.healthplatform.web.controller.system.SysConfigController.remove()', 'DELETE', 1, 'admin', NULL, '/system/config/100', '127.0.0.1', '内网IP', '{configIds=100}', 'null', 1, '内置参数【asd】不能删除 ', '2021-03-27 11:33:13');
INSERT INTO `sys_oper_log` VALUES (175, '参数管理', 3, 'com.healthplatform.web.controller.system.SysConfigController.remove()', 'DELETE', 1, 'admin', NULL, '/system/config/3', '127.0.0.1', '内网IP', '{configIds=3}', 'null', 1, '内置参数【sys.index.sideTheme】不能删除 ', '2021-03-27 11:33:17');
INSERT INTO `sys_oper_log` VALUES (176, '通知公告', 3, 'com.healthplatform.web.controller.system.SysNoticeController.remove()', 'DELETE', 1, 'admin', NULL, '/system/notice/10', '183.213.84.226', 'XX XX', '{noticeIds=10}', '{\"msg\":\"操作成功\",\"code\":200}', 0, NULL, '2021-03-27 12:18:10');
INSERT INTO `sys_oper_log` VALUES (177, '角色管理', 5, 'com.healthplatform.web.controller.system.SysRoleController.export()', 'GET', 1, 'admin', NULL, '/system/role/export', '127.0.0.1', '内网IP', '{}', '{\"msg\":\"54fb029a-d9cd-4db1-9c63-639c95036672_角色数据.xlsx\",\"code\":200}', 0, NULL, '2021-03-27 15:01:38');
INSERT INTO `sys_oper_log` VALUES (178, '角色管理', 1, 'com.healthplatform.web.controller.system.SysRoleController.add()', 'POST', 1, 'admin', NULL, '/system/role', '127.0.0.1', '内网IP', '{\"flag\":false,\"roleId\":100,\"admin\":false,\"params\":{},\"roleSort\":\"0\",\"deptCheckStrictly\":false,\"createBy\":\"admin\",\"menuCheckStrictly\":true,\"roleKey\":\"ss\",\"roleName\":\"所所所所所所所所所所所所\",\"menuIds\":[],\"status\":\"0\"}', '{\"msg\":\"操作成功\",\"code\":200}', 0, NULL, '2021-03-27 15:14:19');
INSERT INTO `sys_oper_log` VALUES (179, '角色管理', 3, 'com.healthplatform.web.controller.system.SysRoleController.remove()', 'DELETE', 1, 'admin', NULL, '/system/role/100', '127.0.0.1', '内网IP', '{roleIds=100}', '{\"msg\":\"操作成功\",\"code\":200}', 0, NULL, '2021-03-27 15:14:24');
INSERT INTO `sys_oper_log` VALUES (180, '用户头像', 2, 'com.healthplatform.web.controller.system.SysProfileController.avatar()', 'POST', 1, 'admin', NULL, '/system/user/profile/avatar', '183.213.84.226', 'XX XX', '', '{\"msg\":\"操作成功\",\"imgUrl\":\"/profile/avatar/2021/03/27/c600da15-13e4-49f2-9bc6-169c72b9c39c.jpeg\",\"code\":200}', 0, NULL, '2021-03-27 15:22:32');
INSERT INTO `sys_oper_log` VALUES (181, '用户头像', 2, 'com.healthplatform.web.controller.system.SysProfileController.avatar()', 'POST', 1, 'admin', NULL, '/system/user/profile/avatar', '183.213.84.226', 'XX XX', '', '{\"msg\":\"操作成功\",\"imgUrl\":\"/profile/avatar/2021/03/27/129196bf-1da3-4e74-8ebe-473125261b96.jpeg\",\"code\":200}', 0, NULL, '2021-03-27 15:30:05');
INSERT INTO `sys_oper_log` VALUES (182, '在线用户', 7, 'com.healthplatform.web.controller.monitor.SysUserOnlineController.forceLogout()', 'DELETE', 1, 'admin', NULL, '/monitor/online/f317e16f-6831-4795-b904-237ebc249330', '183.213.84.226', 'XX XX', '{tokenId=f317e16f-6831-4795-b904-237ebc249330}', '{\"msg\":\"操作成功\",\"code\":200}', 0, NULL, '2021-03-27 15:30:15');
INSERT INTO `sys_oper_log` VALUES (183, '在线用户', 7, 'com.healthplatform.web.controller.monitor.SysUserOnlineController.forceLogout()', 'DELETE', 1, NULL, NULL, '/monitor/online/c4a681bc-c4d2-43ab-b5f6-eec3fc42189d', '183.213.84.226', 'XX XX', '{tokenId=c4a681bc-c4d2-43ab-b5f6-eec3fc42189d}', '{\"msg\":\"操作成功\",\"code\":200}', 0, NULL, '2021-03-27 15:30:17');
INSERT INTO `sys_oper_log` VALUES (184, '用户管理', 2, 'com.healthplatform.web.controller.system.SysUserController.resetPwd()', 'PUT', 1, 'admin', NULL, '/system/user/resetPwd', '183.213.84.226', 'XX XX', '{\"admin\":true,\"params\":{},\"userId\":1}', 'null', 1, '不允许操作超级管理员用户', '2021-03-27 15:30:45');
INSERT INTO `sys_oper_log` VALUES (185, '用户管理', 2, 'com.healthplatform.web.controller.system.SysUserController.resetPwd()', 'PUT', 1, 'admin', NULL, '/system/user/resetPwd', '183.213.84.226', 'XX XX', '{\"admin\":true,\"params\":{},\"userId\":1}', 'null', 1, '不允许操作超级管理员用户', '2021-03-27 15:30:49');
INSERT INTO `sys_oper_log` VALUES (186, '个人信息', 2, 'com.healthplatform.web.controller.system.SysProfileController.updatePwd()', 'PUT', 1, 'admin', NULL, '/system/user/profile/updatePwd', '183.213.84.226', 'XX XX', 'admin123 wcnm741741..', '{\"msg\":\"操作成功\",\"code\":200}', 0, NULL, '2021-03-27 15:31:18');
INSERT INTO `sys_oper_log` VALUES (187, '用户管理', 2, 'com.healthplatform.web.controller.system.SysUserController.resetPwd()', 'PUT', 1, 'admin', NULL, '/system/user/resetPwd', '183.213.84.226', 'XX XX', '{\"admin\":false,\"params\":{},\"userId\":2}', 'null', 1, 'rawPassword cannot be null', '2021-03-27 15:34:10');
INSERT INTO `sys_oper_log` VALUES (188, '用户管理', 2, 'com.healthplatform.web.controller.system.SysUserController.resetPwd()', 'PUT', 1, 'admin', NULL, '/system/user/resetPwd', '183.213.84.226', 'XX XX', '{\"admin\":false,\"params\":{},\"userId\":2}', 'null', 1, 'rawPassword cannot be null', '2021-03-27 15:34:16');
INSERT INTO `sys_oper_log` VALUES (189, '用户管理', 2, 'com.healthplatform.web.controller.system.SysUserController.resetPwd()', 'PUT', 1, 'admin', NULL, '/system/user/resetPwd', '183.213.84.226', 'XX XX', '{\"admin\":false,\"params\":{},\"userId\":2}', 'null', 1, 'rawPassword cannot be null', '2021-03-27 15:34:20');
INSERT INTO `sys_oper_log` VALUES (190, '用户管理', 2, 'com.healthplatform.web.controller.system.SysUserController.resetPwd()', 'PUT', 1, 'admin', NULL, '/system/user/resetPwd', '183.213.84.226', 'XX XX', '{\"admin\":false,\"params\":{},\"userId\":2}', 'null', 1, 'rawPassword cannot be null', '2021-03-27 15:34:22');
INSERT INTO `sys_oper_log` VALUES (191, '用户管理', 2, 'com.healthplatform.web.controller.system.SysUserController.resetPwd()', 'PUT', 1, 'admin', NULL, '/system/user/resetPwd', '183.213.84.226', 'XX XX', '{\"admin\":false,\"params\":{},\"userId\":2}', 'null', 1, 'rawPassword cannot be null', '2021-03-27 15:34:23');
INSERT INTO `sys_oper_log` VALUES (192, '用户管理', 2, 'com.healthplatform.web.controller.system.SysUserController.resetPwd()', 'PUT', 1, 'admin', NULL, '/system/user/resetPwd', '183.213.84.226', 'XX XX', '{\"admin\":false,\"params\":{},\"userId\":2}', 'null', 1, 'rawPassword cannot be null', '2021-03-27 15:34:24');
INSERT INTO `sys_oper_log` VALUES (193, '用户管理', 2, 'com.healthplatform.web.controller.system.SysUserController.resetPwd()', 'PUT', 1, 'admin', NULL, '/system/user/resetPwd', '183.213.84.226', 'XX XX', '{\"admin\":false,\"params\":{},\"userId\":2}', 'null', 1, 'rawPassword cannot be null', '2021-03-27 15:34:24');
INSERT INTO `sys_oper_log` VALUES (194, '用户管理', 2, 'com.healthplatform.web.controller.system.SysUserController.resetPwd()', 'PUT', 1, 'admin', NULL, '/system/user/resetPwd', '183.213.84.226', 'XX XX', '{\"admin\":false,\"params\":{},\"userId\":2}', 'null', 1, 'rawPassword cannot be null', '2021-03-27 15:34:25');
INSERT INTO `sys_oper_log` VALUES (195, '用户管理', 2, 'com.healthplatform.web.controller.system.SysUserController.resetPwd()', 'PUT', 1, 'admin', NULL, '/system/user/resetPwd', '183.213.84.226', 'XX XX', '{\"admin\":false,\"params\":{},\"userId\":2}', 'null', 1, 'rawPassword cannot be null', '2021-03-27 15:34:45');
INSERT INTO `sys_oper_log` VALUES (196, '用户管理', 2, 'com.healthplatform.web.controller.system.SysUserController.resetPwd()', 'PUT', 1, 'admin', NULL, '/system/user/resetPwd', '183.213.84.226', 'XX XX', '{\"admin\":false,\"params\":{},\"userId\":2}', 'null', 1, 'rawPassword cannot be null', '2021-03-27 15:36:03');
INSERT INTO `sys_oper_log` VALUES (197, '用户管理', 2, 'com.healthplatform.web.controller.system.SysUserController.resetPwd()', 'PUT', 1, 'admin', NULL, '/system/user/resetPwd', '183.213.84.226', 'XX XX', '{\"admin\":false,\"params\":{},\"userId\":2}', 'null', 1, 'rawPassword cannot be null', '2021-03-27 15:41:55');
INSERT INTO `sys_oper_log` VALUES (198, '用户管理', 2, 'com.healthplatform.web.controller.system.SysUserController.resetPwd()', 'PUT', 1, 'admin', NULL, '/system/user/resetPwd', '127.0.0.1', '内网IP', '{\"admin\":false,\"params\":{},\"userId\":2}', 'null', 1, 'rawPassword cannot be null', '2021-03-27 15:44:39');
INSERT INTO `sys_oper_log` VALUES (199, '用户管理', 2, 'com.healthplatform.web.controller.system.SysUserController.resetPwd()', 'PUT', 1, 'admin', NULL, '/system/user/resetPwd', '127.0.0.1', '内网IP', '{\"admin\":false,\"params\":{},\"userId\":2}', 'null', 1, 'rawPassword cannot be null', '2021-03-27 15:44:43');
INSERT INTO `sys_oper_log` VALUES (200, '用户管理', 2, 'com.healthplatform.web.controller.system.SysUserController.resetPwd()', 'PUT', 1, 'admin', NULL, '/system/user/resetPwd', '127.0.0.1', '内网IP', '{\"admin\":false,\"params\":{},\"userId\":2}', 'null', 1, 'rawPassword cannot be null', '2021-03-27 15:45:35');
INSERT INTO `sys_oper_log` VALUES (201, '用户管理', 2, 'com.healthplatform.web.controller.system.SysUserController.resetPwd()', 'PUT', 1, 'admin', NULL, '/system/user/resetPwd', '127.0.0.1', '内网IP', '{\"admin\":false,\"params\":{},\"userId\":2}', 'null', 1, 'rawPassword cannot be null', '2021-03-27 15:46:12');
INSERT INTO `sys_oper_log` VALUES (202, '用户管理', 2, 'com.healthplatform.web.controller.system.SysUserController.resetPwd()', 'PUT', 1, 'admin', NULL, '/system/user/resetPwd', '127.0.0.1', '内网IP', '{\"admin\":false,\"params\":{},\"userId\":2}', 'null', 1, 'rawPassword cannot be null', '2021-03-27 15:53:20');
INSERT INTO `sys_oper_log` VALUES (203, '用户管理', 2, 'com.healthplatform.web.controller.system.SysUserController.resetPwd()', 'PUT', 1, 'admin', NULL, '/system/user/resetPwd', '127.0.0.1', '内网IP', '{\"admin\":false,\"password\":\"$2a$10$ijJT3ZwuIRpnQKXaQ8vcFegxlnoQ6hM1VK2cWSIkTEjSENaQQ4PjO\",\"updateBy\":\"admin\",\"params\":{},\"userId\":2}', '{\"msg\":\"操作成功\",\"code\":200}', 0, NULL, '2021-03-27 15:58:12');
INSERT INTO `sys_oper_log` VALUES (204, '用户管理', 2, 'com.healthplatform.web.controller.system.SysUserController.resetPwd()', 'PUT', 1, 'admin', NULL, '/system/user/resetPwd', '183.213.84.226', 'XX XX', '{\"admin\":false,\"password\":\"$2a$10$Il8C6gxn1BnfZrcWjbQBb.Mfid0qxaCRx3nPaqnVEo4Un3GOsCWli\",\"updateBy\":\"admin\",\"params\":{},\"userId\":2}', '{\"msg\":\"操作成功\",\"code\":200}', 0, NULL, '2021-03-27 16:02:37');
INSERT INTO `sys_oper_log` VALUES (205, '用户头像', 2, 'com.healthplatform.web.controller.system.SysProfileController.avatar()', 'POST', 1, 'admin', NULL, '/system/user/profile/avatar', '183.213.84.226', 'XX XX', '', '{\"msg\":\"操作成功\",\"imgUrl\":\"/profile/avatar/2021/03/27/c8a5cd4c-4c86-4863-969a-897b96171fd6.jpeg\",\"code\":200}', 0, NULL, '2021-03-27 16:02:49');
INSERT INTO `sys_oper_log` VALUES (206, '在线用户', 7, 'com.healthplatform.web.controller.monitor.SysUserOnlineController.forceLogout()', 'DELETE', 1, NULL, NULL, '/monitor/online/dd46ab0c-0b6a-4871-ab63-d993b92ca869', '221.226.219.116', 'XX XX', '{tokenId=dd46ab0c-0b6a-4871-ab63-d993b92ca869}', '{\"msg\":\"操作成功\",\"code\":200}', 0, NULL, '2021-03-29 07:17:40');
INSERT INTO `sys_oper_log` VALUES (207, '在线用户', 7, 'com.healthplatform.web.controller.monitor.SysUserOnlineController.forceLogout()', 'DELETE', 1, NULL, NULL, '/monitor/online/617eb35c-d67c-485c-b4bb-a3a967e680d6', '221.226.219.116', 'XX XX', '{tokenId=617eb35c-d67c-485c-b4bb-a3a967e680d6}', '{\"msg\":\"操作成功\",\"code\":200}', 0, NULL, '2021-03-31 05:38:26');
INSERT INTO `sys_oper_log` VALUES (208, '在线用户', 7, 'com.healthplatform.web.controller.monitor.SysUserOnlineController.forceLogout()', 'DELETE', 1, NULL, NULL, '/monitor/online/46dd38a3-1ac0-4092-ad29-6b84d0795848', '221.226.219.116', 'XX XX', '{tokenId=46dd38a3-1ac0-4092-ad29-6b84d0795848}', '{\"msg\":\"操作成功\",\"code\":200}', 0, NULL, '2021-04-01 01:16:39');
INSERT INTO `sys_oper_log` VALUES (209, '用户头像', 2, 'com.healthplatform.web.controller.system.SysProfileController.avatar()', 'POST', 1, 'admin', NULL, '/system/user/profile/avatar', '183.213.84.226', '江苏省 南京市', '', '{\"msg\":\"操作成功\",\"imgUrl\":\"/profile/avatar/2021/04/01/1a8381c3-69a6-43ca-880e-bdfb38f0f728.jpeg\",\"code\":200}', 0, NULL, '2021-04-01 14:03:13');
INSERT INTO `sys_oper_log` VALUES (210, '用户管理', 2, 'com.healthplatform.web.controller.system.SysUserController.edit()', 'PUT', 1, 'admin', NULL, '/system/user', '221.226.219.116', '江苏省 南京市', '{\"roles\":[{\"flag\":false,\"roleId\":2,\"admin\":false,\"dataScope\":\"4\",\"params\":{},\"roleSort\":\"2\",\"deptCheckStrictly\":false,\"menuCheckStrictly\":false,\"roleKey\":\"common\",\"roleName\":\"普通角色\",\"status\":\"0\"}],\"phonenumber\":\"15666666667\",\"admin\":false,\"loginDate\":1615524965000,\"remark\":\"\",\"delFlag\":\"0\",\"password\":\"\",\"updateBy\":\"admin\",\"postIds\":[5],\"loginIp\":\"127.0.0.1\",\"email\":\"ry@qq.com\",\"nickName\":\"老魔\",\"sex\":\"1\",\"deptId\":103,\"avatar\":\"/profile/avatar/2021/03/27/0814aae5-326e-4f31-8852-e928b94e9646.jpeg\",\"dept\":{\"deptName\":\"2017级\",\"leader\":\"老魔\",\"deptId\":103,\"orderNum\":\"1\",\"params\":{},\"parentId\":101,\"children\":[],\"status\":\"0\"},\"params\":{},\"userName\":\"ry\",\"userId\":2,\"createBy\":\"admin\",\"roleIds\":[2],\"createTime\":1615524965000,\"status\":\"0\"}', '{\"msg\":\"操作成功\",\"code\":200}', 0, NULL, '2021-04-08 09:09:58');
INSERT INTO `sys_oper_log` VALUES (211, '部门管理', 1, 'com.healthplatform.web.controller.system.SysDeptController.add()', 'POST', 1, 'admin', NULL, '/system/dept', '183.213.84.226', '江苏省 南京市', '{\"deptName\":\"1班\",\"orderNum\":\"0\",\"params\":{},\"parentId\":104,\"createBy\":\"admin\",\"children\":[],\"ancestors\":\"0,100,101,104\",\"status\":\"0\"}', '{\"msg\":\"操作成功\",\"code\":200}', 0, NULL, '2021-04-11 10:19:53');
INSERT INTO `sys_oper_log` VALUES (212, '部门管理', 2, 'com.healthplatform.web.controller.system.SysDeptController.edit()', 'PUT', 1, 'admin', NULL, '/system/dept', '183.213.84.226', '江苏省 南京市', '{\"deptName\":\"1班\",\"deptId\":214,\"orderNum\":\"1\",\"delFlag\":\"0\",\"params\":{},\"parentId\":104,\"createBy\":\"admin\",\"children\":[],\"createTime\":1618107592000,\"updateBy\":\"admin\",\"ancestors\":\"0,100,101,104\",\"status\":\"0\"}', '{\"msg\":\"操作成功\",\"code\":200}', 0, NULL, '2021-04-11 10:20:06');
INSERT INTO `sys_oper_log` VALUES (213, '部门管理', 1, 'com.healthplatform.web.controller.system.SysDeptController.add()', 'POST', 1, 'admin', NULL, '/system/dept', '183.213.84.226', '江苏省 南京市', '{\"deptName\":\"2班\",\"orderNum\":\"2\",\"params\":{},\"parentId\":104,\"createBy\":\"admin\",\"children\":[],\"ancestors\":\"0,100,101,104\",\"status\":\"0\"}', '{\"msg\":\"操作成功\",\"code\":200}', 0, NULL, '2021-04-11 10:20:36');
INSERT INTO `sys_oper_log` VALUES (214, '部门管理', 1, 'com.healthplatform.web.controller.system.SysDeptController.add()', 'POST', 1, 'admin', NULL, '/system/dept', '183.213.84.226', '江苏省 南京市', '{\"deptName\":\"3班\",\"orderNum\":\"3\",\"params\":{},\"parentId\":104,\"createBy\":\"admin\",\"children\":[],\"ancestors\":\"0,100,101,104\",\"status\":\"0\"}', '{\"msg\":\"操作成功\",\"code\":200}', 0, NULL, '2021-04-11 10:20:50');
INSERT INTO `sys_oper_log` VALUES (215, '部门管理', 1, 'com.healthplatform.web.controller.system.SysDeptController.add()', 'POST', 1, 'admin', NULL, '/system/dept', '183.213.84.226', '江苏省 南京市', '{\"deptName\":\"4班\",\"orderNum\":\"4\",\"params\":{},\"parentId\":104,\"createBy\":\"admin\",\"children\":[],\"ancestors\":\"0,100,101,104\",\"status\":\"0\"}', '{\"msg\":\"操作成功\",\"code\":200}', 0, NULL, '2021-04-11 10:20:58');
INSERT INTO `sys_oper_log` VALUES (216, '部门管理', 1, 'com.healthplatform.web.controller.system.SysDeptController.add()', 'POST', 1, 'admin', NULL, '/system/dept', '183.213.84.226', '江苏省 南京市', '{\"deptName\":\"1班\",\"orderNum\":\"1\",\"params\":{},\"parentId\":105,\"createBy\":\"admin\",\"children\":[],\"ancestors\":\"0,100,101,105\",\"status\":\"0\"}', '{\"msg\":\"操作成功\",\"code\":200}', 0, NULL, '2021-04-11 10:21:11');
INSERT INTO `sys_oper_log` VALUES (217, '部门管理', 1, 'com.healthplatform.web.controller.system.SysDeptController.add()', 'POST', 1, 'admin', NULL, '/system/dept', '183.213.84.226', '江苏省 南京市', '{\"deptName\":\"2班\",\"orderNum\":\"2\",\"params\":{},\"parentId\":105,\"createBy\":\"admin\",\"children\":[],\"ancestors\":\"0,100,101,105\",\"status\":\"0\"}', '{\"msg\":\"操作成功\",\"code\":200}', 0, NULL, '2021-04-11 10:21:21');
INSERT INTO `sys_oper_log` VALUES (218, '部门管理', 1, 'com.healthplatform.web.controller.system.SysDeptController.add()', 'POST', 1, 'admin', NULL, '/system/dept', '183.213.84.226', '江苏省 南京市', '{\"deptName\":\"3班\",\"orderNum\":\"3\",\"params\":{},\"parentId\":105,\"createBy\":\"admin\",\"children\":[],\"ancestors\":\"0,100,101,105\",\"status\":\"0\"}', '{\"msg\":\"操作成功\",\"code\":200}', 0, NULL, '2021-04-11 10:21:34');
INSERT INTO `sys_oper_log` VALUES (219, '部门管理', 1, 'com.healthplatform.web.controller.system.SysDeptController.add()', 'POST', 1, 'admin', NULL, '/system/dept', '183.213.84.226', '江苏省 南京市', '{\"deptName\":\"4班\",\"orderNum\":\"4\",\"params\":{},\"parentId\":105,\"createBy\":\"admin\",\"children\":[],\"ancestors\":\"0,100,101,105\",\"status\":\"0\"}', '{\"msg\":\"操作成功\",\"code\":200}', 0, NULL, '2021-04-11 10:21:42');
INSERT INTO `sys_oper_log` VALUES (220, '部门管理', 1, 'com.healthplatform.web.controller.system.SysDeptController.add()', 'POST', 1, 'admin', NULL, '/system/dept', '183.213.84.226', '江苏省 南京市', '{\"deptName\":\"1班\",\"orderNum\":\"1\",\"params\":{},\"parentId\":106,\"createBy\":\"admin\",\"children\":[],\"ancestors\":\"0,100,101,106\",\"status\":\"0\"}', '{\"msg\":\"操作成功\",\"code\":200}', 0, NULL, '2021-04-11 10:21:52');
INSERT INTO `sys_oper_log` VALUES (221, '部门管理', 1, 'com.healthplatform.web.controller.system.SysDeptController.add()', 'POST', 1, 'admin', NULL, '/system/dept', '183.213.84.226', '江苏省 南京市', '{\"deptName\":\"2班\",\"orderNum\":\"2\",\"params\":{},\"parentId\":106,\"createBy\":\"admin\",\"children\":[],\"ancestors\":\"0,100,101,106\",\"status\":\"0\"}', '{\"msg\":\"操作成功\",\"code\":200}', 0, NULL, '2021-04-11 10:22:02');
INSERT INTO `sys_oper_log` VALUES (222, '部门管理', 1, 'com.healthplatform.web.controller.system.SysDeptController.add()', 'POST', 1, 'admin', NULL, '/system/dept', '183.213.84.226', '江苏省 南京市', '{\"deptName\":\"建工系\",\"orderNum\":\"3\",\"params\":{},\"parentId\":100,\"createBy\":\"admin\",\"children\":[],\"ancestors\":\"0,100\",\"status\":\"0\"}', '{\"msg\":\"操作成功\",\"code\":200}', 0, NULL, '2021-04-11 10:22:19');
INSERT INTO `sys_oper_log` VALUES (223, '部门管理', 1, 'com.healthplatform.web.controller.system.SysDeptController.add()', 'POST', 1, 'admin', NULL, '/system/dept', '183.213.84.226', '江苏省 南京市', '{\"deptName\":\"外语系\",\"orderNum\":\"4\",\"params\":{},\"parentId\":100,\"createBy\":\"admin\",\"children\":[],\"ancestors\":\"0,100\",\"status\":\"0\"}', '{\"msg\":\"操作成功\",\"code\":200}', 0, NULL, '2021-04-11 10:23:26');
INSERT INTO `sys_oper_log` VALUES (224, '部门管理', 1, 'com.healthplatform.web.controller.system.SysDeptController.add()', 'POST', 1, 'admin', NULL, '/system/dept', '183.213.84.226', '江苏省 南京市', '{\"deptName\":\"信电系\",\"orderNum\":\"0\",\"params\":{},\"parentId\":100,\"createBy\":\"admin\",\"children\":[],\"ancestors\":\"0,100\",\"status\":\"0\"}', '{\"msg\":\"操作成功\",\"code\":200}', 0, NULL, '2021-04-11 10:23:45');
INSERT INTO `sys_oper_log` VALUES (225, '部门管理', 1, 'com.healthplatform.web.controller.system.SysDeptController.add()', 'POST', 1, 'admin', NULL, '/system/dept', '183.213.84.226', '江苏省 南京市', '{\"deptName\":\"2020级\",\"orderNum\":\"4\",\"params\":{},\"parentId\":102,\"createBy\":\"admin\",\"children\":[],\"ancestors\":\"0,100,102\",\"status\":\"0\"}', '{\"msg\":\"操作成功\",\"code\":200}', 0, NULL, '2021-04-11 10:24:01');
INSERT INTO `sys_oper_log` VALUES (226, '部门管理', 1, 'com.healthplatform.web.controller.system.SysDeptController.add()', 'POST', 1, 'admin', NULL, '/system/dept', '183.213.84.226', '江苏省 南京市', '{\"deptName\":\"1班\",\"orderNum\":\"1\",\"params\":{},\"parentId\":108,\"createBy\":\"admin\",\"children\":[],\"ancestors\":\"0,100,102,108\",\"status\":\"0\"}', '{\"msg\":\"操作成功\",\"code\":200}', 0, NULL, '2021-04-11 10:24:13');
INSERT INTO `sys_oper_log` VALUES (227, '部门管理', 1, 'com.healthplatform.web.controller.system.SysDeptController.add()', 'POST', 1, 'admin', NULL, '/system/dept', '183.213.84.226', '江苏省 南京市', '{\"deptName\":\"2班\",\"orderNum\":\"2\",\"params\":{},\"parentId\":108,\"createBy\":\"admin\",\"children\":[],\"ancestors\":\"0,100,102,108\",\"status\":\"0\"}', '{\"msg\":\"操作成功\",\"code\":200}', 0, NULL, '2021-04-11 10:24:21');
INSERT INTO `sys_oper_log` VALUES (228, '部门管理', 1, 'com.healthplatform.web.controller.system.SysDeptController.add()', 'POST', 1, 'admin', NULL, '/system/dept', '183.213.84.226', '江苏省 南京市', '{\"deptName\":\"3班\",\"orderNum\":\"3\",\"params\":{},\"parentId\":108,\"createBy\":\"admin\",\"children\":[],\"ancestors\":\"0,100,102,108\",\"status\":\"0\"}', '{\"msg\":\"操作成功\",\"code\":200}', 0, NULL, '2021-04-11 10:24:32');
INSERT INTO `sys_oper_log` VALUES (229, '部门管理', 1, 'com.healthplatform.web.controller.system.SysDeptController.add()', 'POST', 1, 'admin', NULL, '/system/dept', '183.213.84.226', '江苏省 南京市', '{\"deptName\":\"4班\",\"orderNum\":\"4\",\"params\":{},\"parentId\":108,\"createBy\":\"admin\",\"children\":[],\"ancestors\":\"0,100,102,108\",\"status\":\"0\"}', '{\"msg\":\"操作成功\",\"code\":200}', 0, NULL, '2021-04-11 10:24:41');
INSERT INTO `sys_oper_log` VALUES (230, '部门管理', 1, 'com.healthplatform.web.controller.system.SysDeptController.add()', 'POST', 1, 'admin', NULL, '/system/dept', '183.213.84.226', '江苏省 南京市', '{\"deptName\":\"5班\",\"orderNum\":\"5\",\"params\":{},\"parentId\":108,\"createBy\":\"admin\",\"children\":[],\"ancestors\":\"0,100,102,108\",\"status\":\"0\"}', '{\"msg\":\"操作成功\",\"code\":200}', 0, NULL, '2021-04-11 10:24:50');
INSERT INTO `sys_oper_log` VALUES (231, '部门管理', 1, 'com.healthplatform.web.controller.system.SysDeptController.add()', 'POST', 1, 'admin', NULL, '/system/dept', '183.213.84.226', '江苏省 南京市', '{\"deptName\":\"1班\",\"orderNum\":\"1\",\"params\":{},\"parentId\":109,\"createBy\":\"admin\",\"children\":[],\"ancestors\":\"0,100,102,109\",\"status\":\"0\"}', '{\"msg\":\"操作成功\",\"code\":200}', 0, NULL, '2021-04-11 10:25:01');
INSERT INTO `sys_oper_log` VALUES (232, '部门管理', 1, 'com.healthplatform.web.controller.system.SysDeptController.add()', 'POST', 1, 'admin', NULL, '/system/dept', '183.213.84.226', '江苏省 南京市', '{\"deptName\":\"test\",\"orderNum\":\"2\",\"params\":{},\"parentId\":109,\"createBy\":\"admin\",\"children\":[],\"ancestors\":\"0,100,102,109\",\"status\":\"0\"}', '{\"msg\":\"操作成功\",\"code\":200}', 0, NULL, '2021-04-11 10:25:12');
INSERT INTO `sys_oper_log` VALUES (233, '部门管理', 1, 'com.healthplatform.web.controller.system.SysDeptController.add()', 'POST', 1, 'admin', NULL, '/system/dept', '183.213.84.226', '江苏省 南京市', '{\"deptName\":\"1班\",\"orderNum\":\"1\",\"params\":{},\"parentId\":206,\"createBy\":\"admin\",\"children\":[],\"ancestors\":\"0,100,102,206\",\"status\":\"0\"}', '{\"msg\":\"操作成功\",\"code\":200}', 0, NULL, '2021-04-11 10:25:20');
INSERT INTO `sys_oper_log` VALUES (234, '部门管理', 1, 'com.healthplatform.web.controller.system.SysDeptController.add()', 'POST', 1, 'admin', NULL, '/system/dept', '183.213.84.226', '江苏省 南京市', '{\"deptName\":\"1班\",\"orderNum\":\"1\",\"params\":{},\"parentId\":227,\"createBy\":\"admin\",\"children\":[],\"ancestors\":\"0,100,102,227\",\"status\":\"0\"}', '{\"msg\":\"操作成功\",\"code\":200}', 0, NULL, '2021-04-11 10:25:31');
INSERT INTO `sys_oper_log` VALUES (235, '部门管理', 1, 'com.healthplatform.web.controller.system.SysDeptController.add()', 'POST', 1, 'admin', NULL, '/system/dept', '183.213.84.226', '江苏省 南京市', '{\"deptName\":\"5班\",\"orderNum\":\"5\",\"params\":{},\"parentId\":227,\"createBy\":\"admin\",\"children\":[],\"ancestors\":\"0,100,102,227\",\"status\":\"0\"}', '{\"msg\":\"操作成功\",\"code\":200}', 0, NULL, '2021-04-11 10:25:42');
INSERT INTO `sys_oper_log` VALUES (236, '部门管理', 1, 'com.healthplatform.web.controller.system.SysDeptController.add()', 'POST', 1, 'admin', NULL, '/system/dept', '183.213.84.226', '江苏省 南京市', '{\"deptName\":\"2018级\",\"orderNum\":\"2\",\"params\":{},\"parentId\":224,\"createBy\":\"admin\",\"children\":[],\"ancestors\":\"0,100,224\",\"status\":\"0\"}', '{\"msg\":\"操作成功\",\"code\":200}', 0, NULL, '2021-04-11 10:25:57');
INSERT INTO `sys_oper_log` VALUES (237, '部门管理', 1, 'com.healthplatform.web.controller.system.SysDeptController.add()', 'POST', 1, 'admin', NULL, '/system/dept', '183.213.84.226', '江苏省 南京市', '{\"deptName\":\"2017级\",\"orderNum\":\"1\",\"params\":{},\"parentId\":224,\"createBy\":\"admin\",\"children\":[],\"ancestors\":\"0,100,224\",\"status\":\"0\"}', '{\"msg\":\"操作成功\",\"code\":200}', 0, NULL, '2021-04-11 10:26:09');
INSERT INTO `sys_oper_log` VALUES (238, '部门管理', 1, 'com.healthplatform.web.controller.system.SysDeptController.add()', 'POST', 1, 'admin', NULL, '/system/dept', '183.213.84.226', '江苏省 南京市', '{\"deptName\":\"2019级\",\"orderNum\":\"3\",\"params\":{},\"parentId\":224,\"createBy\":\"admin\",\"children\":[],\"ancestors\":\"0,100,224\",\"status\":\"0\"}', '{\"msg\":\"操作成功\",\"code\":200}', 0, NULL, '2021-04-11 10:26:19');
INSERT INTO `sys_oper_log` VALUES (239, '部门管理', 1, 'com.healthplatform.web.controller.system.SysDeptController.add()', 'POST', 1, 'admin', NULL, '/system/dept', '183.213.84.226', '江苏省 南京市', '{\"deptName\":\"2020级\",\"orderNum\":\"4\",\"params\":{},\"parentId\":224,\"createBy\":\"admin\",\"children\":[],\"ancestors\":\"0,100,224\",\"status\":\"0\"}', '{\"msg\":\"操作成功\",\"code\":200}', 0, NULL, '2021-04-11 10:26:30');
INSERT INTO `sys_oper_log` VALUES (240, '部门管理', 1, 'com.healthplatform.web.controller.system.SysDeptController.add()', 'POST', 1, 'admin', NULL, '/system/dept', '183.213.84.226', '江苏省 南京市', '{\"deptName\":\"1班\",\"orderNum\":\"1\",\"params\":{},\"parentId\":239,\"createBy\":\"admin\",\"children\":[],\"ancestors\":\"0,100,224,239\",\"status\":\"0\"}', '{\"msg\":\"操作成功\",\"code\":200}', 0, NULL, '2021-04-11 10:26:42');
INSERT INTO `sys_oper_log` VALUES (241, '部门管理', 1, 'com.healthplatform.web.controller.system.SysDeptController.add()', 'POST', 1, 'admin', NULL, '/system/dept', '183.213.84.226', '江苏省 南京市', '{\"deptName\":\"2班\",\"orderNum\":\"2\",\"params\":{},\"parentId\":238,\"createBy\":\"admin\",\"children\":[],\"ancestors\":\"0,100,224,238\",\"status\":\"0\"}', '{\"msg\":\"操作成功\",\"code\":200}', 0, NULL, '2021-04-11 10:26:51');
INSERT INTO `sys_oper_log` VALUES (242, '部门管理', 1, 'com.healthplatform.web.controller.system.SysDeptController.add()', 'POST', 1, 'admin', NULL, '/system/dept', '183.213.84.226', '江苏省 南京市', '{\"deptName\":\"3班\",\"orderNum\":\"3\",\"params\":{},\"parentId\":238,\"createBy\":\"admin\",\"children\":[],\"ancestors\":\"0,100,224,238\",\"status\":\"0\"}', '{\"msg\":\"操作成功\",\"code\":200}', 0, NULL, '2021-04-11 10:27:04');
INSERT INTO `sys_oper_log` VALUES (243, '部门管理', 1, 'com.healthplatform.web.controller.system.SysDeptController.add()', 'POST', 1, 'admin', NULL, '/system/dept', '183.213.84.226', '江苏省 南京市', '{\"deptName\":\"4班\",\"orderNum\":\"4\",\"params\":{},\"parentId\":240,\"createBy\":\"admin\",\"children\":[],\"ancestors\":\"0,100,224,240\",\"status\":\"0\"}', '{\"msg\":\"操作成功\",\"code\":200}', 0, NULL, '2021-04-11 10:27:15');
INSERT INTO `sys_oper_log` VALUES (244, '部门管理', 1, 'com.healthplatform.web.controller.system.SysDeptController.add()', 'POST', 1, 'admin', NULL, '/system/dept', '183.213.84.226', '江苏省 南京市', '{\"deptName\":\"5班\",\"orderNum\":\"5\",\"params\":{},\"parentId\":241,\"createBy\":\"admin\",\"children\":[],\"ancestors\":\"0,100,224,241\",\"status\":\"0\"}', '{\"msg\":\"操作成功\",\"code\":200}', 0, NULL, '2021-04-11 10:27:25');
INSERT INTO `sys_oper_log` VALUES (245, '部门管理', 1, 'com.healthplatform.web.controller.system.SysDeptController.add()', 'POST', 1, 'admin', NULL, '/system/dept', '183.213.84.226', '江苏省 南京市', '{\"deptName\":\"2021级\",\"orderNum\":\"5\",\"params\":{},\"parentId\":225,\"createBy\":\"admin\",\"children\":[],\"ancestors\":\"0,100,225\",\"status\":\"0\"}', '{\"msg\":\"操作成功\",\"code\":200}', 0, NULL, '2021-04-11 10:27:44');
INSERT INTO `sys_oper_log` VALUES (246, '部门管理', 1, 'com.healthplatform.web.controller.system.SysDeptController.add()', 'POST', 1, 'admin', NULL, '/system/dept', '183.213.84.226', '江苏省 南京市', '{\"deptName\":\"1班\",\"orderNum\":\"1\",\"params\":{},\"parentId\":247,\"createBy\":\"admin\",\"children\":[],\"ancestors\":\"0,100,225,247\",\"status\":\"0\"}', '{\"msg\":\"操作成功\",\"code\":200}', 0, NULL, '2021-04-11 10:27:56');
INSERT INTO `sys_oper_log` VALUES (247, '部门管理', 1, 'com.healthplatform.web.controller.system.SysDeptController.add()', 'POST', 1, 'admin', NULL, '/system/dept', '183.213.84.226', '江苏省 南京市', '{\"deptName\":\"2019级\",\"orderNum\":\"1\",\"params\":{},\"parentId\":226,\"createBy\":\"admin\",\"children\":[],\"ancestors\":\"0,100,226\",\"status\":\"0\"}', '{\"msg\":\"操作成功\",\"code\":200}', 0, NULL, '2021-04-11 10:28:09');
INSERT INTO `sys_oper_log` VALUES (248, '部门管理', 1, 'com.healthplatform.web.controller.system.SysDeptController.add()', 'POST', 1, 'admin', NULL, '/system/dept', '183.213.84.226', '江苏省 南京市', '{\"deptName\":\"2班\",\"orderNum\":\"2\",\"params\":{},\"parentId\":249,\"createBy\":\"admin\",\"children\":[],\"ancestors\":\"0,100,226,249\",\"status\":\"0\"}', '{\"msg\":\"操作成功\",\"code\":200}', 0, NULL, '2021-04-11 10:28:20');
INSERT INTO `sys_oper_log` VALUES (249, '用户头像', 2, 'com.healthplatform.web.controller.system.SysProfileController.avatar()', 'POST', 1, 'admin', NULL, '/system/user/profile/avatar', '221.226.219.116', '江苏省 南京市', '', '{\"msg\":\"操作成功\",\"imgUrl\":\"/profile/avatar/2021/04/13/eb2d2b78-e42e-47b2-9fd9-d25eb8138d44.jpeg\",\"code\":200}', 0, NULL, '2021-04-13 01:59:29');
INSERT INTO `sys_oper_log` VALUES (250, '菜单管理', 2, 'com.healthplatform.web.controller.system.SysMenuController.edit()', 'PUT', 1, 'admin', NULL, '/system/menu', '221.226.219.116', '江苏省 南京市', '{\"visible\":\"0\",\"icon\":\"wechat\",\"orderNum\":\"3\",\"menuName\":\"微信管理\",\"params\":{},\"parentId\":0,\"isCache\":\"0\",\"path\":\"wechat\",\"children\":[],\"createTime\":1616217047000,\"updateBy\":\"admin\",\"isFrame\":\"1\",\"menuId\":2000,\"menuType\":\"M\",\"perms\":\"\",\"status\":\"0\"}', '{\"msg\":\"操作成功\",\"code\":200}', 0, NULL, '2021-04-13 03:11:14');
INSERT INTO `sys_oper_log` VALUES (251, '菜单管理', 2, 'com.healthplatform.web.controller.system.SysMenuController.edit()', 'PUT', 1, 'admin', NULL, '/system/menu', '221.226.219.116', '江苏省 南京市', '{\"visible\":\"0\",\"icon\":\"user\",\"orderNum\":\"1\",\"menuName\":\"用户管理\",\"params\":{},\"parentId\":2000,\"isCache\":\"0\",\"path\":\"user\",\"component\":\"wechat/user\",\"children\":[],\"createTime\":1616221488000,\"updateBy\":\"admin\",\"isFrame\":\"1\",\"menuId\":2001,\"menuType\":\"C\",\"perms\":\"wechat:user\",\"status\":\"0\"}', '{\"msg\":\"操作成功\",\"code\":200}', 0, NULL, '2021-04-13 03:12:15');
INSERT INTO `sys_oper_log` VALUES (252, '菜单管理', 2, 'com.healthplatform.web.controller.system.SysMenuController.edit()', 'PUT', 1, 'admin', NULL, '/system/menu', '221.226.219.116', '江苏省 南京市', '{\"visible\":\"0\",\"icon\":\"user\",\"orderNum\":\"1\",\"menuName\":\"用户管理\",\"params\":{},\"parentId\":2000,\"isCache\":\"0\",\"path\":\"user\",\"component\":\"wechat/user\",\"children\":[],\"createTime\":1616221488000,\"updateBy\":\"admin\",\"isFrame\":\"1\",\"menuId\":2001,\"menuType\":\"C\",\"perms\":\"wechat:user:list\",\"status\":\"0\"}', '{\"msg\":\"操作成功\",\"code\":200}', 0, NULL, '2021-04-13 03:12:40');
INSERT INTO `sys_oper_log` VALUES (253, '菜单管理', 2, 'com.healthplatform.web.controller.system.SysMenuController.edit()', 'PUT', 1, 'admin', NULL, '/system/menu', '221.226.219.116', '江苏省 南京市', '{\"visible\":\"0\",\"icon\":\"user\",\"orderNum\":\"1\",\"menuName\":\"用户管理\",\"params\":{},\"parentId\":2000,\"isCache\":\"0\",\"path\":\"user\",\"component\":\"wechat/user/index\",\"children\":[],\"createTime\":1616221488000,\"updateBy\":\"admin\",\"isFrame\":\"1\",\"menuId\":2001,\"menuType\":\"C\",\"perms\":\"wechat:user:list\",\"status\":\"0\"}', '{\"msg\":\"操作成功\",\"code\":200}', 0, NULL, '2021-04-13 03:13:03');
INSERT INTO `sys_oper_log` VALUES (254, '通知公告', 1, 'com.healthplatform.web.controller.system.SysNoticeController.add()', 'POST', 1, 'admin', NULL, '/system/notice', '221.226.219.116', '江苏省 南京市', '{\"noticeContent\":\"手动阀手动阀\\n\",\"createBy\":\"admin\",\"noticeType\":\"2\",\"params\":{},\"noticeTitle\":\"第三方\",\"status\":\"0\"}', '{\"msg\":\"操作成功\",\"code\":200}', 0, NULL, '2021-04-13 03:16:30');
INSERT INTO `sys_oper_log` VALUES (255, '用户管理', 2, 'com.healthplatform.web.controller.system.SysUserController.resetPwd()', 'PUT', 1, 'admin', NULL, '/system/user/resetPwd', '221.226.219.116', '江苏省 南京市', '{\"admin\":false,\"password\":\"$2a$10$WGQlagZsZl.VK82MZhXJPuXZ82cnAINRCE7HqrpE4WJhVODEijxGW\",\"updateBy\":\"admin\",\"params\":{},\"userId\":2}', '{\"msg\":\"操作成功\",\"code\":200}', 0, NULL, '2021-04-13 03:18:20');
INSERT INTO `sys_oper_log` VALUES (256, '在线用户', 7, 'com.healthplatform.web.controller.monitor.SysUserOnlineController.forceLogout()', 'DELETE', 1, 'admin', NULL, '/monitor/online/0e194548-f49f-4bd8-bf47-f69e19fcc574', '127.0.0.1', '内网IP', '{tokenId=0e194548-f49f-4bd8-bf47-f69e19fcc574}', '{\"msg\":\"操作成功\",\"code\":200}', 0, NULL, '2021-04-20 15:55:13');
INSERT INTO `sys_oper_log` VALUES (257, '在线用户', 7, 'com.healthplatform.web.controller.monitor.SysUserOnlineController.forceLogout()', 'DELETE', 1, 'admin', NULL, '/monitor/online/bd3ae270-ac1c-452f-b159-95f930f5652e', '127.0.0.1', '内网IP', '{tokenId=bd3ae270-ac1c-452f-b159-95f930f5652e}', '{\"msg\":\"操作成功\",\"code\":200}', 0, NULL, '2021-04-20 15:55:17');
INSERT INTO `sys_oper_log` VALUES (258, '在线用户', 7, 'com.healthplatform.web.controller.monitor.SysUserOnlineController.forceLogout()', 'DELETE', 1, 'admin', NULL, '/monitor/online/8bae59ca-50fe-4607-b7e7-b9f8a433b569', '127.0.0.1', '内网IP', '{tokenId=8bae59ca-50fe-4607-b7e7-b9f8a433b569}', '{\"msg\":\"操作成功\",\"code\":200}', 0, NULL, '2021-04-20 15:55:20');
INSERT INTO `sys_oper_log` VALUES (259, '在线用户', 7, 'com.healthplatform.web.controller.monitor.SysUserOnlineController.forceLogout()', 'DELETE', 1, 'admin', NULL, '/monitor/online/16da03b6-6236-49b2-9740-852c90e0dfab', '127.0.0.1', '内网IP', '{tokenId=16da03b6-6236-49b2-9740-852c90e0dfab}', '{\"msg\":\"操作成功\",\"code\":200}', 0, NULL, '2021-04-20 15:55:22');
INSERT INTO `sys_oper_log` VALUES (260, '在线用户', 7, 'com.healthplatform.web.controller.monitor.SysUserOnlineController.forceLogout()', 'DELETE', 1, 'admin', NULL, '/monitor/online/559bd1c5-b093-4ea2-a5d4-960dfd71ec4f', '127.0.0.1', '内网IP', '{tokenId=559bd1c5-b093-4ea2-a5d4-960dfd71ec4f}', '{\"msg\":\"操作成功\",\"code\":200}', 0, NULL, '2021-04-20 15:55:25');
INSERT INTO `sys_oper_log` VALUES (261, '在线用户', 7, 'com.healthplatform.web.controller.monitor.SysUserOnlineController.forceLogout()', 'DELETE', 1, 'admin', NULL, '/monitor/online/fd6aaf2b-88f7-4054-9ff1-2850cc37f3fe', '127.0.0.1', '内网IP', '{tokenId=fd6aaf2b-88f7-4054-9ff1-2850cc37f3fe}', '{\"msg\":\"操作成功\",\"code\":200}', 0, NULL, '2021-04-20 15:55:28');
INSERT INTO `sys_oper_log` VALUES (262, '在线用户', 7, 'com.healthplatform.web.controller.monitor.SysUserOnlineController.forceLogout()', 'DELETE', 1, NULL, NULL, '/monitor/online/f3865a3c-c1ac-4246-aa4c-cb0469492c7f', '127.0.0.1', '内网IP', '{tokenId=f3865a3c-c1ac-4246-aa4c-cb0469492c7f}', '{\"msg\":\"操作成功\",\"code\":200}', 0, NULL, '2021-04-20 15:55:30');
INSERT INTO `sys_oper_log` VALUES (263, '在线用户', 7, 'com.healthplatform.web.controller.monitor.SysUserOnlineController.forceLogout()', 'DELETE', 1, 'admin', NULL, '/monitor/online/2a0e33f3-c3eb-466c-aebc-c0430673fcdf', '127.0.0.1', '内网IP', '{tokenId=2a0e33f3-c3eb-466c-aebc-c0430673fcdf}', '{\"msg\":\"操作成功\",\"code\":200}', 0, NULL, '2021-04-20 15:56:09');
INSERT INTO `sys_oper_log` VALUES (264, '在线用户', 7, 'com.healthplatform.web.controller.monitor.SysUserOnlineController.forceLogout()', 'DELETE', 1, 'admin', NULL, '/monitor/online/0c417474-d762-4245-bf90-afd3e9092714', '127.0.0.1', '内网IP', '{tokenId=0c417474-d762-4245-bf90-afd3e9092714}', '{\"msg\":\"操作成功\",\"code\":200}', 0, NULL, '2021-04-20 15:56:12');
INSERT INTO `sys_oper_log` VALUES (265, '用户头像', 2, 'com.healthplatform.web.controller.system.SysProfileController.avatar()', 'POST', 1, 'admin', NULL, '/system/user/profile/avatar', '127.0.0.1', '内网IP', '', '{\"msg\":\"操作成功\",\"imgUrl\":\"/profile/avatar/2021/04/20/265c9b4d-15a8-4967-a97f-5811049d8143.jpeg\",\"code\":200}', 0, NULL, '2021-04-20 16:08:54');
INSERT INTO `sys_oper_log` VALUES (266, '菜单管理', 2, 'com.healthplatform.web.controller.system.SysMenuController.edit()', 'PUT', 1, 'admin', NULL, '/system/menu', '127.0.0.1', '内网IP', '{\"visible\":\"0\",\"icon\":\"user\",\"orderNum\":\"1\",\"menuName\":\"用户管理\",\"params\":{},\"parentId\":2000,\"isCache\":\"0\",\"path\":\"user\",\"component\":\"\",\"children\":[],\"createTime\":1616221488000,\"updateBy\":\"admin\",\"isFrame\":\"1\",\"menuId\":2001,\"menuType\":\"C\",\"perms\":\"wechat:user:list\",\"status\":\"0\"}', '{\"msg\":\"操作成功\",\"code\":200}', 0, NULL, '2021-04-20 16:39:22');
INSERT INTO `sys_oper_log` VALUES (267, '菜单管理', 2, 'com.healthplatform.web.controller.system.SysMenuController.edit()', 'PUT', 1, 'admin', NULL, '/system/menu', '127.0.0.1', '内网IP', '{\"visible\":\"0\",\"icon\":\"user\",\"orderNum\":\"1\",\"menuName\":\"用户管理\",\"params\":{},\"parentId\":2000,\"isCache\":\"0\",\"path\":\"wx\",\"component\":\"\",\"children\":[],\"createTime\":1616221488000,\"updateBy\":\"admin\",\"isFrame\":\"1\",\"menuId\":2001,\"menuType\":\"C\",\"perms\":\"wechat:user:list\",\"status\":\"0\"}', '{\"msg\":\"操作成功\",\"code\":200}', 0, NULL, '2021-04-20 16:40:27');
INSERT INTO `sys_oper_log` VALUES (268, '角色管理', 2, 'com.healthplatform.web.controller.system.SysRoleController.dataScope()', 'PUT', 1, 'admin', NULL, '/system/role/dataScope', '127.0.0.1', '内网IP', '{\"flag\":false,\"roleId\":2,\"admin\":false,\"remark\":\"普通角色\",\"dataScope\":\"2\",\"delFlag\":\"0\",\"params\":{},\"roleSort\":\"2\",\"deptCheckStrictly\":true,\"createTime\":1615524966000,\"menuCheckStrictly\":true,\"roleKey\":\"common\",\"roleName\":\"普通角色\",\"deptIds\":[104,214,215,216,217,101,103,207,208,209,210,211,212,105,218,219,220,221,106,222,223,102,108,228,229,230,231,232,109,233,234,206,235,227,236,237,224,239,242,238,243,244,240,245,241,246],\"status\":\"0\"}', '{\"msg\":\"操作成功\",\"code\":200}', 0, NULL, '2021-04-20 20:58:14');
INSERT INTO `sys_oper_log` VALUES (269, '角色管理', 2, 'com.healthplatform.web.controller.system.SysRoleController.dataScope()', 'PUT', 1, 'admin', NULL, '/system/role/dataScope', '127.0.0.1', '内网IP', '{\"flag\":false,\"roleId\":2,\"admin\":false,\"remark\":\"普通角色\",\"dataScope\":\"2\",\"delFlag\":\"0\",\"params\":{},\"roleSort\":\"2\",\"deptCheckStrictly\":true,\"createTime\":1615524966000,\"menuCheckStrictly\":true,\"roleKey\":\"common\",\"roleName\":\"普通角色\",\"deptIds\":[207,103,101,208,209,210,211,212,104,214,215,216,217,105,218,219,220,221,106,222,223],\"status\":\"0\"}', '{\"msg\":\"操作成功\",\"code\":200}', 0, NULL, '2021-04-20 20:58:24');
INSERT INTO `sys_oper_log` VALUES (270, '角色管理', 2, 'com.healthplatform.web.controller.system.SysRoleController.dataScope()', 'PUT', 1, 'admin', NULL, '/system/role/dataScope', '127.0.0.1', '内网IP', '{\"flag\":false,\"roleId\":2,\"admin\":false,\"remark\":\"普通角色\",\"dataScope\":\"2\",\"delFlag\":\"0\",\"params\":{},\"roleSort\":\"2\",\"deptCheckStrictly\":true,\"createTime\":1615524966000,\"menuCheckStrictly\":true,\"roleKey\":\"common\",\"roleName\":\"普通角色\",\"deptIds\":[207,103,208,209,210,211,212],\"status\":\"0\"}', '{\"msg\":\"操作成功\",\"code\":200}', 0, NULL, '2021-04-20 20:58:34');
INSERT INTO `sys_oper_log` VALUES (271, '角色管理', 2, 'com.healthplatform.web.controller.system.SysRoleController.changeStatus()', 'PUT', 1, 'admin', NULL, '/system/role/changeStatus', '127.0.0.1', '内网IP', '{\"flag\":false,\"roleId\":2,\"admin\":false,\"params\":{},\"deptCheckStrictly\":false,\"updateBy\":\"admin\",\"menuCheckStrictly\":false,\"status\":\"1\"}', '{\"msg\":\"操作成功\",\"code\":200}', 0, NULL, '2021-04-20 20:59:17');
INSERT INTO `sys_oper_log` VALUES (272, '角色管理', 2, 'com.healthplatform.web.controller.system.SysRoleController.changeStatus()', 'PUT', 1, 'admin', NULL, '/system/role/changeStatus', '127.0.0.1', '内网IP', '{\"flag\":false,\"roleId\":2,\"admin\":false,\"params\":{},\"deptCheckStrictly\":false,\"updateBy\":\"admin\",\"menuCheckStrictly\":false,\"status\":\"0\"}', '{\"msg\":\"操作成功\",\"code\":200}', 0, NULL, '2021-04-20 20:59:19');
INSERT INTO `sys_oper_log` VALUES (273, '用户管理', 1, 'com.luren.web.controller.system.SysUserController.add()', 'POST', 1, 'admin', '', '/system/user', '127.0.0.1', '内网IP', '{\"phonenumber\":\"15252114322\",\"admin\":false,\"postIds\":[2],\"email\":\"15555@163.cpm\",\"nickName\":\"aaa\",\"sex\":\"0\",\"deptId\":211,\"params\":{},\"userName\":\"asdafaf\",\"roleIds\":[2],\"status\":\"0\"}', '{\"msg\":\"新增用户\'asdafaf\'失败，手机号码已存在\",\"code\":500}', 0, '', NULL);
INSERT INTO `sys_oper_log` VALUES (274, '用户管理', 1, 'com.luren.web.controller.system.SysUserController.add()', 'POST', 1, 'admin', '', '/system/user', '127.0.0.1', '内网IP', '{\"phonenumber\":\"15252114323\",\"admin\":false,\"postIds\":[2],\"email\":\"15555@163.cpm\",\"nickName\":\"aaa\",\"sex\":\"0\",\"deptId\":211,\"params\":{},\"userName\":\"asdafaf\",\"createBy\":\"admin\",\"roleIds\":[2],\"status\":\"0\"}', 'null', 1, 'rawPassword cannot be null', NULL);
INSERT INTO `sys_oper_log` VALUES (275, '用户管理', 1, 'com.luren.web.controller.system.SysUserController.add()', 'POST', 1, 'admin', '', '/system/user', '127.0.0.1', '内网IP', '{\"phonenumber\":\"15252114323\",\"admin\":false,\"postIds\":[2],\"email\":\"15555@163.cpm\",\"nickName\":\"aaa\",\"sex\":\"0\",\"deptId\":211,\"params\":{},\"userName\":\"asdafaf\",\"createBy\":\"admin\",\"roleIds\":[2],\"status\":\"0\"}', 'null', 1, 'rawPassword cannot be null', NULL);
INSERT INTO `sys_oper_log` VALUES (276, '通知公告', 1, 'com.luren.web.controller.system.SysNoticeController.add()', 'POST', 1, 'admin', '', '/system/notice', '127.0.0.1', '内网IP', '{\"noticeContent\":\"asdasdas\\n\",\"createBy\":\"admin\",\"createTime\":1618989235991,\"updateBy\":\"admin\",\"noticeType\":\"2\",\"updateTime\":1618989235991,\"params\":{},\"noticeId\":12,\"noticeTitle\":\"asd\",\"status\":\"0\"}', '{\"msg\":\"操作成功\",\"code\":200}', 0, '', NULL);
INSERT INTO `sys_oper_log` VALUES (277, '用户管理', 1, 'com.luren.web.controller.system.SysUserController.add()', 'POST', 1, 'admin', '', '/system/user', '127.0.0.1', '内网IP', '{\"phonenumber\":\"15252114388\",\"admin\":false,\"remark\":\"asd\",\"postIds\":[1],\"email\":\"15252114322@163.com\",\"nickName\":\"aaaaaa\",\"sex\":\"0\",\"deptId\":207,\"params\":{},\"userName\":\"aaaaa\",\"roleIds\":[2],\"status\":\"0\"}', '{\"msg\":\"新增用户\'aaaaa\'失败，邮箱账号已存在\",\"code\":500}', 0, '', NULL);
INSERT INTO `sys_oper_log` VALUES (278, '用户管理', 1, 'com.luren.web.controller.system.SysUserController.add()', 'POST', 1, 'admin', '', '/system/user', '127.0.0.1', '内网IP', '{\"phonenumber\":\"15252114388\",\"admin\":false,\"remark\":\"asd\",\"postIds\":[1],\"email\":\"152521143@163.com\",\"nickName\":\"aaaaaa\",\"sex\":\"0\",\"deptId\":207,\"params\":{},\"userName\":\"aaaaa\",\"createBy\":\"admin\",\"roleIds\":[2],\"status\":\"0\"}', 'null', 1, 'rawPassword cannot be null', NULL);
INSERT INTO `sys_oper_log` VALUES (279, '用户管理', 1, 'com.luren.web.controller.system.SysUserController.add()', 'POST', 1, 'admin', '', '/system/user', '127.0.0.1', '内网IP', '{\"phonenumber\":\"15252114388\",\"admin\":false,\"remark\":\"asd\",\"postIds\":[1],\"email\":\"152521143@163.com\",\"nickName\":\"aaaaaa\",\"sex\":\"0\",\"deptId\":207,\"params\":{},\"userName\":\"aaaaa\",\"createBy\":\"admin\",\"roleIds\":[2],\"status\":\"0\"}', 'null', 1, 'rawPassword cannot be null', NULL);
INSERT INTO `sys_oper_log` VALUES (280, '用户管理', 1, 'com.luren.web.controller.system.SysUserController.add()', 'POST', 1, 'admin', '', '/system/user', '127.0.0.1', '内网IP', '{\"phonenumber\":\"15252114388\",\"admin\":false,\"remark\":\"asd\",\"postIds\":[1],\"email\":\"152521143@163.com\",\"nickName\":\"aaaaaa\",\"sex\":\"0\",\"deptId\":207,\"params\":{},\"userName\":\"aaaaa\",\"createBy\":\"admin\",\"roleIds\":[2],\"status\":\"0\"}', 'null', 1, 'rawPassword cannot be null', NULL);
INSERT INTO `sys_oper_log` VALUES (281, '用户管理', 1, 'com.luren.web.controller.system.SysUserController.add()', 'POST', 1, 'admin', '', '/system/user', '127.0.0.1', '内网IP', '{\"phonenumber\":\"15252114388\",\"admin\":false,\"remark\":\"asd\",\"postIds\":[1],\"email\":\"152521143@163.com\",\"nickName\":\"aaaaaa\",\"sex\":\"0\",\"deptId\":207,\"params\":{},\"userName\":\"aaaaa\",\"createBy\":\"admin\",\"roleIds\":[2],\"status\":\"0\"}', 'null', 1, 'rawPassword cannot be null', NULL);
INSERT INTO `sys_oper_log` VALUES (282, '用户管理', 1, 'com.luren.web.controller.system.SysUserController.add()', 'POST', 1, 'admin', '', '/system/user', '127.0.0.1', '内网IP', '{\"phonenumber\":\"15252114388\",\"admin\":false,\"remark\":\"asd\",\"postIds\":[1],\"email\":\"152521143@163.com\",\"nickName\":\"aaaaaa\",\"sex\":\"0\",\"deptId\":207,\"params\":{},\"userName\":\"aaaaa\",\"createBy\":\"admin\",\"roleIds\":[2],\"status\":\"0\"}', 'null', 1, 'rawPassword cannot be null', NULL);
INSERT INTO `sys_oper_log` VALUES (283, '用户管理', 1, 'com.luren.web.controller.system.SysUserController.add()', 'POST', 1, 'admin', '', '/system/user', '127.0.0.1', '内网IP', '{\"phonenumber\":\"15252114388\",\"admin\":false,\"remark\":\"asd\",\"postIds\":[1],\"email\":\"152521143@163.com\",\"nickName\":\"aaaaaa\",\"sex\":\"0\",\"deptId\":207,\"params\":{},\"userName\":\"aaaaa\",\"createBy\":\"admin\",\"roleIds\":[2],\"status\":\"0\"}', 'null', 1, 'rawPassword cannot be null', NULL);
INSERT INTO `sys_oper_log` VALUES (284, '用户管理', 1, 'com.luren.web.controller.system.SysUserController.add()', 'POST', 1, 'admin', '', '/system/user', '127.0.0.1', '内网IP', '{\"phonenumber\":\"15252114388\",\"admin\":false,\"remark\":\"asd\",\"postIds\":[1],\"email\":\"152521143@163.com\",\"nickName\":\"aaaaaa\",\"sex\":\"0\",\"deptId\":207,\"params\":{},\"userName\":\"aaaaa\",\"createBy\":\"admin\",\"roleIds\":[2],\"status\":\"0\"}', 'null', 1, 'rawPassword cannot be null', NULL);
INSERT INTO `sys_oper_log` VALUES (285, '用户管理', 1, 'com.luren.web.controller.system.SysUserController.add()', 'POST', 1, 'admin', '', '/system/user', '127.0.0.1', '内网IP', '{\"phonenumber\":\"15252114388\",\"admin\":false,\"remark\":\"asd\",\"postIds\":[1],\"email\":\"152521143@163.com\",\"nickName\":\"aaaaaa\",\"sex\":\"0\",\"deptId\":207,\"params\":{},\"userName\":\"aaaaa\",\"createBy\":\"admin\",\"roleIds\":[2],\"status\":\"0\"}', 'null', 1, 'rawPassword cannot be null', NULL);
INSERT INTO `sys_oper_log` VALUES (286, '用户管理', 1, 'com.luren.web.controller.system.SysUserController.add()', 'POST', 1, 'admin', '', '/system/user', '127.0.0.1', '内网IP', '{\"phonenumber\":\"15252114388\",\"admin\":false,\"remark\":\"asd\",\"postIds\":[1],\"email\":\"152521143@163.com\",\"nickName\":\"aaaaaa\",\"sex\":\"0\",\"deptId\":207,\"params\":{},\"userName\":\"aaaaa\",\"createBy\":\"admin\",\"roleIds\":[2],\"status\":\"0\"}', 'null', 1, 'rawPassword cannot be null', NULL);
INSERT INTO `sys_oper_log` VALUES (287, '用户管理', 1, 'com.luren.web.controller.system.SysUserController.add()', 'POST', 1, 'admin', '', '/system/user', '127.0.0.1', '内网IP', '{\"phonenumber\":\"15252114388\",\"admin\":false,\"postIds\":[3],\"email\":\"1525355@163.com\",\"nickName\":\"阿斯顿撒\",\"sex\":\"0\",\"deptId\":250,\"params\":{},\"userName\":\"aadsad\",\"createBy\":\"admin\",\"roleIds\":[2],\"status\":\"0\"}', 'null', 1, 'rawPassword cannot be null', NULL);
INSERT INTO `sys_oper_log` VALUES (288, '用户管理', 1, 'com.luren.web.controller.system.SysUserController.add()', 'POST', 1, 'admin', '', '/system/user', '127.0.0.1', '内网IP', '{\"phonenumber\":\"15252114388\",\"admin\":false,\"postIds\":[3],\"email\":\"1525355@163.com\",\"nickName\":\"阿斯顿撒\",\"sex\":\"0\",\"deptId\":250,\"params\":{},\"userName\":\"aadsad\",\"createBy\":\"admin\",\"roleIds\":[2],\"status\":\"0\"}', 'null', 1, 'rawPassword cannot be null', NULL);
INSERT INTO `sys_oper_log` VALUES (289, '用户管理', 1, 'com.luren.web.controller.system.SysUserController.add()', 'POST', 1, 'admin', '', '/system/user', '127.0.0.1', '内网IP', '{\"phonenumber\":\"15252114388\",\"admin\":false,\"postIds\":[3],\"email\":\"1525355@163.com\",\"nickName\":\"阿斯顿撒\",\"sex\":\"0\",\"deptId\":250,\"params\":{},\"userName\":\"aadsad\",\"createBy\":\"admin\",\"roleIds\":[2],\"status\":\"0\"}', 'null', 1, 'rawPassword cannot be null', NULL);
INSERT INTO `sys_oper_log` VALUES (290, '用户管理', 1, 'com.luren.web.controller.system.SysUserController.add()', 'POST', 1, 'admin', '', '/system/user', '127.0.0.1', '内网IP', '{\"phonenumber\":\"15252114388\",\"admin\":false,\"postIds\":[3],\"email\":\"1525355@163.com\",\"nickName\":\"阿斯顿撒\",\"sex\":\"0\",\"deptId\":250,\"params\":{},\"userName\":\"aadsad\",\"createBy\":\"admin\",\"roleIds\":[2],\"status\":\"0\"}', 'null', 1, 'rawPassword cannot be null', NULL);
INSERT INTO `sys_oper_log` VALUES (291, '用户管理', 1, 'com.luren.web.controller.system.SysUserController.add()', 'POST', 1, 'admin', '', '/system/user', '127.0.0.1', '内网IP', '{\"phonenumber\":\"15252114388\",\"admin\":false,\"postIds\":[3],\"email\":\"1525355@163.com\",\"nickName\":\"阿斯顿撒\",\"sex\":\"0\",\"deptId\":250,\"params\":{},\"userName\":\"aadsad\",\"createBy\":\"admin\",\"roleIds\":[2],\"status\":\"0\"}', 'null', 1, 'rawPassword cannot be null', NULL);
INSERT INTO `sys_oper_log` VALUES (292, '用户管理', 1, 'com.luren.web.controller.system.SysUserController.add()', 'POST', 1, 'admin', '', '/system/user', '127.0.0.1', '内网IP', '{\"phonenumber\":\"15252114388\",\"admin\":false,\"password\":\"$2a$10$1bgyDXJ8Ycn9hpOfu4GlcuXA/8VAv5PsGmXHZgdYJggz0tzmjKZim\",\"updateBy\":\"admin\",\"postIds\":[3],\"email\":\"1525355@163.com\",\"nickName\":\"阿斯顿撒\",\"sex\":\"0\",\"deptId\":250,\"updateTime\":1618990989491,\"params\":{},\"userName\":\"aadsad\",\"userId\":101,\"createBy\":\"admin\",\"roleIds\":[2],\"createTime\":1618990989491,\"status\":\"0\"}', '{\"msg\":\"操作成功\",\"code\":200}', 0, '', NULL);
INSERT INTO `sys_oper_log` VALUES (293, '用户管理', 1, 'com.luren.web.controller.system.SysUserController.add()', 'POST', 1, 'admin', '', '/system/user', '127.0.0.1', '内网IP', '{\"phonenumber\":\"15252114388\",\"admin\":false,\"password\":\"123456\",\"postIds\":[3],\"email\":\"1525355@163.com\",\"nickName\":\"阿斯顿撒\",\"sex\":\"0\",\"deptId\":250,\"params\":{},\"userName\":\"aadsad\",\"roleIds\":[2],\"status\":\"0\"}', '{\"msg\":\"新增用户\'aadsad\'失败，登录账号已存在\",\"code\":500}', 0, '', NULL);
INSERT INTO `sys_oper_log` VALUES (294, '用户管理', 3, 'com.luren.web.controller.system.SysUserController.remove()', 'DELETE', 1, 'admin', '', '/system/user/101', '127.0.0.1', '内网IP', '{userIds=101}', '{\"msg\":\"操作成功\",\"code\":200}', 0, '', NULL);
INSERT INTO `sys_oper_log` VALUES (295, '用户管理', 1, 'com.luren.web.controller.system.SysUserController.add()', 'POST', 1, 'admin', '', '/system/user', '127.0.0.1', '内网IP', '{\"phonenumber\":\"15252114388\",\"admin\":false,\"password\":\"$2a$10$asVkysC2ndlmGdhJ6HngouyquVIowMi4Ymft8BTNxueHcbClVUyvK\",\"updateBy\":\"admin\",\"postIds\":[1],\"email\":\"1522@163.com\",\"nickName\":\"阿达\",\"sex\":\"0\",\"deptId\":226,\"updateTime\":1618991376932,\"params\":{},\"userName\":\"阿斯顿\",\"userId\":102,\"createBy\":\"admin\",\"roleIds\":[2],\"createTime\":1618991376932,\"status\":\"0\"}', '{\"msg\":\"操作成功\",\"code\":200}', 0, '', NULL);

-- ----------------------------
-- Table structure for sys_post
-- ----------------------------
DROP TABLE IF EXISTS `sys_post`;
CREATE TABLE `sys_post`  (
  `post_id` bigint NOT NULL AUTO_INCREMENT COMMENT '岗位ID',
  `post_code` varchar(64) CHARACTER SET utf8mb4 COLLATE utf8mb4_0900_ai_ci NOT NULL COMMENT '岗位编码',
  `post_name` varchar(50) CHARACTER SET utf8mb4 COLLATE utf8mb4_0900_ai_ci NOT NULL COMMENT '岗位名称',
  `post_sort` int NOT NULL COMMENT '显示顺序',
  `status` char(1) CHARACTER SET utf8mb4 COLLATE utf8mb4_0900_ai_ci NOT NULL COMMENT '状态（0正常 1停用）',
  `create_by` varchar(64) CHARACTER SET utf8mb4 COLLATE utf8mb4_0900_ai_ci NULL DEFAULT '' COMMENT '创建者',
  `create_time` datetime NULL DEFAULT NULL COMMENT '创建时间',
  `update_by` varchar(64) CHARACTER SET utf8mb4 COLLATE utf8mb4_0900_ai_ci NULL DEFAULT '' COMMENT '更新者',
  `update_time` datetime NULL DEFAULT NULL COMMENT '更新时间',
  `remark` varchar(500) CHARACTER SET utf8mb4 COLLATE utf8mb4_0900_ai_ci NULL DEFAULT NULL COMMENT '备注',
  PRIMARY KEY (`post_id`) USING BTREE
) ENGINE = InnoDB AUTO_INCREMENT = 7 CHARACTER SET = utf8mb4 COLLATE = utf8mb4_0900_ai_ci COMMENT = '岗位信息表' ROW_FORMAT = DYNAMIC;

-- ----------------------------
-- Records of sys_post
-- ----------------------------
INSERT INTO `sys_post` VALUES (1, 'ceo', '董事长', 1, '0', 'admin', '2021-03-12 12:56:06', '', NULL, '');
INSERT INTO `sys_post` VALUES (2, 'se', '项目经理', 2, '0', 'admin', '2021-03-12 12:56:06', '', NULL, '');
INSERT INTO `sys_post` VALUES (3, 'hr', '人力资源', 3, '0', 'admin', '2021-03-12 12:56:06', '', NULL, '');
INSERT INTO `sys_post` VALUES (4, 'user', '普通员工', 4, '0', 'admin', '2021-03-12 12:56:06', '', NULL, '');
INSERT INTO `sys_post` VALUES (5, 'student', '学生', 5, '0', 'admin', '2021-03-26 07:53:32', '', NULL, NULL);
INSERT INTO `sys_post` VALUES (6, 'teacher', '老师', 6, '0', 'admin', '2021-03-26 07:53:54', '', NULL, NULL);

-- ----------------------------
-- Table structure for sys_role
-- ----------------------------
DROP TABLE IF EXISTS `sys_role`;
CREATE TABLE `sys_role`  (
  `role_id` bigint NOT NULL AUTO_INCREMENT COMMENT '角色ID',
  `role_name` varchar(30) CHARACTER SET utf8mb4 COLLATE utf8mb4_0900_ai_ci NOT NULL COMMENT '角色名称',
  `role_key` varchar(100) CHARACTER SET utf8mb4 COLLATE utf8mb4_0900_ai_ci NOT NULL COMMENT '角色权限字符串',
  `role_sort` int NOT NULL COMMENT '显示顺序',
  `data_scope` char(1) CHARACTER SET utf8mb4 COLLATE utf8mb4_0900_ai_ci NULL DEFAULT '1' COMMENT '数据范围（1：全部数据权限 2：自定数据权限 3：本部门数据权限 4：本部门及以下数据权限）',
  `menu_check_strictly` tinyint(1) NULL DEFAULT 1 COMMENT '菜单树选择项是否关联显示',
  `dept_check_strictly` tinyint(1) NULL DEFAULT 1 COMMENT '部门树选择项是否关联显示',
  `status` char(1) CHARACTER SET utf8mb4 COLLATE utf8mb4_0900_ai_ci NOT NULL COMMENT '角色状态（0正常 1停用）',
  `del_flag` char(1) CHARACTER SET utf8mb4 COLLATE utf8mb4_0900_ai_ci NULL DEFAULT '0' COMMENT '删除标志（0代表存在 2代表删除）',
  `create_by` varchar(64) CHARACTER SET utf8mb4 COLLATE utf8mb4_0900_ai_ci NULL DEFAULT '' COMMENT '创建者',
  `create_time` datetime NULL DEFAULT NULL COMMENT '创建时间',
  `update_by` varchar(64) CHARACTER SET utf8mb4 COLLATE utf8mb4_0900_ai_ci NULL DEFAULT '' COMMENT '更新者',
  `update_time` datetime NULL DEFAULT NULL COMMENT '更新时间',
  `remark` varchar(500) CHARACTER SET utf8mb4 COLLATE utf8mb4_0900_ai_ci NULL DEFAULT NULL COMMENT '备注',
  PRIMARY KEY (`role_id`) USING BTREE
) ENGINE = InnoDB AUTO_INCREMENT = 101 CHARACTER SET = utf8mb4 COLLATE = utf8mb4_0900_ai_ci COMMENT = '角色信息表' ROW_FORMAT = DYNAMIC;

-- ----------------------------
-- Records of sys_role
-- ----------------------------
INSERT INTO `sys_role` VALUES (1, '超级管理员', 'admin', 1, '1', 1, 1, '0', '0', 'admin', '2021-03-12 12:56:06', '', NULL, '超级管理员');
INSERT INTO `sys_role` VALUES (2, '普通角色', 'common', 2, '2', 0, 0, '0', '0', 'admin', '2021-03-12 12:56:06', 'admin', '2021-04-20 20:59:19', '普通角色');

-- ----------------------------
-- Table structure for sys_role_dept
-- ----------------------------
DROP TABLE IF EXISTS `sys_role_dept`;
CREATE TABLE `sys_role_dept`  (
  `role_id` bigint NOT NULL COMMENT '角色ID',
  `dept_id` bigint NOT NULL COMMENT '部门ID',
  PRIMARY KEY (`role_id`, `dept_id`) USING BTREE
) ENGINE = InnoDB CHARACTER SET = utf8mb4 COLLATE = utf8mb4_0900_ai_ci COMMENT = '角色和部门关联表' ROW_FORMAT = DYNAMIC;

-- ----------------------------
-- Records of sys_role_dept
-- ----------------------------
INSERT INTO `sys_role_dept` VALUES (2, 103);
INSERT INTO `sys_role_dept` VALUES (2, 207);
INSERT INTO `sys_role_dept` VALUES (2, 208);
INSERT INTO `sys_role_dept` VALUES (2, 209);
INSERT INTO `sys_role_dept` VALUES (2, 210);
INSERT INTO `sys_role_dept` VALUES (2, 211);
INSERT INTO `sys_role_dept` VALUES (2, 212);

-- ----------------------------
-- Table structure for sys_role_menu
-- ----------------------------
DROP TABLE IF EXISTS `sys_role_menu`;
CREATE TABLE `sys_role_menu`  (
  `role_id` bigint NOT NULL COMMENT '角色ID',
  `menu_id` bigint NOT NULL COMMENT '菜单ID',
  PRIMARY KEY (`role_id`, `menu_id`) USING BTREE
) ENGINE = InnoDB CHARACTER SET = utf8mb4 COLLATE = utf8mb4_0900_ai_ci COMMENT = '角色和菜单关联表' ROW_FORMAT = DYNAMIC;

-- ----------------------------
-- Records of sys_role_menu
-- ----------------------------
INSERT INTO `sys_role_menu` VALUES (2, 1);
INSERT INTO `sys_role_menu` VALUES (2, 2);
INSERT INTO `sys_role_menu` VALUES (2, 100);
INSERT INTO `sys_role_menu` VALUES (2, 101);
INSERT INTO `sys_role_menu` VALUES (2, 102);
INSERT INTO `sys_role_menu` VALUES (2, 103);
INSERT INTO `sys_role_menu` VALUES (2, 104);
INSERT INTO `sys_role_menu` VALUES (2, 105);
INSERT INTO `sys_role_menu` VALUES (2, 106);
INSERT INTO `sys_role_menu` VALUES (2, 107);
INSERT INTO `sys_role_menu` VALUES (2, 108);
INSERT INTO `sys_role_menu` VALUES (2, 109);
INSERT INTO `sys_role_menu` VALUES (2, 110);
INSERT INTO `sys_role_menu` VALUES (2, 111);
INSERT INTO `sys_role_menu` VALUES (2, 112);
INSERT INTO `sys_role_menu` VALUES (2, 113);
INSERT INTO `sys_role_menu` VALUES (2, 500);
INSERT INTO `sys_role_menu` VALUES (2, 501);
INSERT INTO `sys_role_menu` VALUES (2, 1001);
INSERT INTO `sys_role_menu` VALUES (2, 1002);
INSERT INTO `sys_role_menu` VALUES (2, 1003);
INSERT INTO `sys_role_menu` VALUES (2, 1004);
INSERT INTO `sys_role_menu` VALUES (2, 1005);
INSERT INTO `sys_role_menu` VALUES (2, 1006);
INSERT INTO `sys_role_menu` VALUES (2, 1007);
INSERT INTO `sys_role_menu` VALUES (2, 1008);
INSERT INTO `sys_role_menu` VALUES (2, 1009);
INSERT INTO `sys_role_menu` VALUES (2, 1010);
INSERT INTO `sys_role_menu` VALUES (2, 1011);
INSERT INTO `sys_role_menu` VALUES (2, 1012);
INSERT INTO `sys_role_menu` VALUES (2, 1013);
INSERT INTO `sys_role_menu` VALUES (2, 1014);
INSERT INTO `sys_role_menu` VALUES (2, 1015);
INSERT INTO `sys_role_menu` VALUES (2, 1016);
INSERT INTO `sys_role_menu` VALUES (2, 1017);
INSERT INTO `sys_role_menu` VALUES (2, 1018);
INSERT INTO `sys_role_menu` VALUES (2, 1019);
INSERT INTO `sys_role_menu` VALUES (2, 1020);
INSERT INTO `sys_role_menu` VALUES (2, 1021);
INSERT INTO `sys_role_menu` VALUES (2, 1022);
INSERT INTO `sys_role_menu` VALUES (2, 1023);
INSERT INTO `sys_role_menu` VALUES (2, 1024);
INSERT INTO `sys_role_menu` VALUES (2, 1025);
INSERT INTO `sys_role_menu` VALUES (2, 1026);
INSERT INTO `sys_role_menu` VALUES (2, 1027);
INSERT INTO `sys_role_menu` VALUES (2, 1028);
INSERT INTO `sys_role_menu` VALUES (2, 1029);
INSERT INTO `sys_role_menu` VALUES (2, 1030);
INSERT INTO `sys_role_menu` VALUES (2, 1031);
INSERT INTO `sys_role_menu` VALUES (2, 1032);
INSERT INTO `sys_role_menu` VALUES (2, 1033);
INSERT INTO `sys_role_menu` VALUES (2, 1034);
INSERT INTO `sys_role_menu` VALUES (2, 1035);
INSERT INTO `sys_role_menu` VALUES (2, 1036);
INSERT INTO `sys_role_menu` VALUES (2, 1037);
INSERT INTO `sys_role_menu` VALUES (2, 1038);
INSERT INTO `sys_role_menu` VALUES (2, 1039);
INSERT INTO `sys_role_menu` VALUES (2, 1040);
INSERT INTO `sys_role_menu` VALUES (2, 1041);
INSERT INTO `sys_role_menu` VALUES (2, 1042);
INSERT INTO `sys_role_menu` VALUES (2, 1043);
INSERT INTO `sys_role_menu` VALUES (2, 1044);
INSERT INTO `sys_role_menu` VALUES (2, 1045);
INSERT INTO `sys_role_menu` VALUES (2, 1046);
INSERT INTO `sys_role_menu` VALUES (2, 1047);
INSERT INTO `sys_role_menu` VALUES (2, 1048);
INSERT INTO `sys_role_menu` VALUES (2, 1049);
INSERT INTO `sys_role_menu` VALUES (2, 1050);
INSERT INTO `sys_role_menu` VALUES (2, 1051);
INSERT INTO `sys_role_menu` VALUES (2, 1052);
INSERT INTO `sys_role_menu` VALUES (2, 1053);
INSERT INTO `sys_role_menu` VALUES (2, 1054);
INSERT INTO `sys_role_menu` VALUES (2, 2000);
INSERT INTO `sys_role_menu` VALUES (2, 2001);

-- ----------------------------
-- Table structure for sys_user
-- ----------------------------
DROP TABLE IF EXISTS `sys_user`;
CREATE TABLE `sys_user`  (
  `user_id` bigint NOT NULL AUTO_INCREMENT COMMENT '用户ID',
  `dept_id` bigint NULL DEFAULT NULL COMMENT '部门ID',
  `user_name` varchar(30) CHARACTER SET utf8mb4 COLLATE utf8mb4_0900_ai_ci NOT NULL COMMENT '用户账号',
  `nick_name` varchar(30) CHARACTER SET utf8mb4 COLLATE utf8mb4_0900_ai_ci NOT NULL COMMENT '用户昵称',
  `user_type` varchar(2) CHARACTER SET utf8mb4 COLLATE utf8mb4_0900_ai_ci NULL DEFAULT '00' COMMENT '用户类型（00系统用户）',
  `email` varchar(50) CHARACTER SET utf8mb4 COLLATE utf8mb4_0900_ai_ci NULL DEFAULT '' COMMENT '用户邮箱',
  `phonenumber` varchar(11) CHARACTER SET utf8mb4 COLLATE utf8mb4_0900_ai_ci NULL DEFAULT '' COMMENT '手机号码',
  `sex` char(1) CHARACTER SET utf8mb4 COLLATE utf8mb4_0900_ai_ci NULL DEFAULT '0' COMMENT '用户性别（0男 1女 2未知）',
  `avatar` varchar(100) CHARACTER SET utf8mb4 COLLATE utf8mb4_0900_ai_ci NULL DEFAULT '' COMMENT '头像地址',
  `password` varchar(100) CHARACTER SET utf8mb4 COLLATE utf8mb4_0900_ai_ci NULL DEFAULT '' COMMENT '密码',
  `status` char(1) CHARACTER SET utf8mb4 COLLATE utf8mb4_0900_ai_ci NULL DEFAULT '0' COMMENT '帐号状态（0正常 1停用）',
  `del_flag` char(1) CHARACTER SET utf8mb4 COLLATE utf8mb4_0900_ai_ci NULL DEFAULT '0' COMMENT '删除标志（0代表存在 2代表删除）',
  `login_ip` varchar(128) CHARACTER SET utf8mb4 COLLATE utf8mb4_0900_ai_ci NULL DEFAULT '' COMMENT '最后登录IP',
  `login_date` datetime NULL DEFAULT NULL COMMENT '最后登录时间',
  `create_by` varchar(64) CHARACTER SET utf8mb4 COLLATE utf8mb4_0900_ai_ci NULL DEFAULT '' COMMENT '创建者',
  `create_time` datetime NULL DEFAULT NULL COMMENT '创建时间',
  `update_by` varchar(64) CHARACTER SET utf8mb4 COLLATE utf8mb4_0900_ai_ci NULL DEFAULT '' COMMENT '更新者',
  `update_time` datetime NULL DEFAULT NULL COMMENT '更新时间',
  `remark` varchar(500) CHARACTER SET utf8mb4 COLLATE utf8mb4_0900_ai_ci NULL DEFAULT NULL COMMENT '备注',
  PRIMARY KEY (`user_id`) USING BTREE
) ENGINE = InnoDB AUTO_INCREMENT = 103 CHARACTER SET = utf8mb4 COLLATE = utf8mb4_0900_ai_ci COMMENT = '用户信息表' ROW_FORMAT = DYNAMIC;

-- ----------------------------
-- Records of sys_user
-- ----------------------------
INSERT INTO `sys_user` VALUES (1, 100, 'admin', '老魔', '00', '15252114322@163.com', '15252114322', '0', '/profile/avatar/2021/04/20/265c9b4d-15a8-4967-a97f-5811049d8143.jpeg', '$2a$10$T9sN1QPLgkyUnvn5ZzmhNO.NmwD.p01EtcTiw28poryTInvQHItuS', '0', '0', '127.0.0.1', '2021-03-12 12:56:05', 'admin', '2021-03-12 12:56:05', '', '2021-03-22 02:31:50', '管理员');
INSERT INTO `sys_user` VALUES (2, 103, 'ry', '老魔', '00', 'ry@qq.com', '15666666667', '1', '/profile/avatar/2021/03/27/0814aae5-326e-4f31-8852-e928b94e9646.jpeg', '$2a$10$WGQlagZsZl.VK82MZhXJPuXZ82cnAINRCE7HqrpE4WJhVODEijxGW', '0', '0', '127.0.0.1', '2021-03-12 12:56:05', 'admin', '2021-03-12 12:56:05', 'admin', '2021-04-13 03:18:20', '');
INSERT INTO `sys_user` VALUES (101, 250, 'aadsad', '阿斯顿撒', '00', '1525355@163.com', '15252114388', '0', '', '$2a$10$1bgyDXJ8Ycn9hpOfu4GlcuXA/8VAv5PsGmXHZgdYJggz0tzmjKZim', '0', '2', '', NULL, 'admin', '2021-04-21 15:43:09', '', '2021-04-21 15:43:09', NULL);
INSERT INTO `sys_user` VALUES (102, 226, '阿斯顿', '阿达', '00', '1522@163.com', '15252114388', '0', '', '$2a$10$asVkysC2ndlmGdhJ6HngouyquVIowMi4Ymft8BTNxueHcbClVUyvK', '0', '0', '', NULL, 'admin', '2021-04-21 15:49:37', '', '2021-04-21 15:49:37', NULL);

-- ----------------------------
-- Table structure for sys_user_post
-- ----------------------------
DROP TABLE IF EXISTS `sys_user_post`;
CREATE TABLE `sys_user_post`  (
  `user_id` bigint NOT NULL COMMENT '用户ID',
  `post_id` bigint NOT NULL COMMENT '岗位ID',
  PRIMARY KEY (`user_id`, `post_id`) USING BTREE
) ENGINE = InnoDB CHARACTER SET = utf8mb4 COLLATE = utf8mb4_0900_ai_ci COMMENT = '用户与岗位关联表' ROW_FORMAT = DYNAMIC;

-- ----------------------------
-- Records of sys_user_post
-- ----------------------------
INSERT INTO `sys_user_post` VALUES (1, 1);
INSERT INTO `sys_user_post` VALUES (2, 5);
INSERT INTO `sys_user_post` VALUES (100, 1);
INSERT INTO `sys_user_post` VALUES (102, 1);

-- ----------------------------
-- Table structure for sys_user_role
-- ----------------------------
DROP TABLE IF EXISTS `sys_user_role`;
CREATE TABLE `sys_user_role`  (
  `user_id` bigint NOT NULL COMMENT '用户ID',
  `role_id` bigint NOT NULL COMMENT '角色ID',
  PRIMARY KEY (`user_id`, `role_id`) USING BTREE
) ENGINE = InnoDB CHARACTER SET = utf8mb4 COLLATE = utf8mb4_0900_ai_ci COMMENT = '用户和角色关联表' ROW_FORMAT = DYNAMIC;

-- ----------------------------
-- Records of sys_user_role
-- ----------------------------
INSERT INTO `sys_user_role` VALUES (1, 1);
INSERT INTO `sys_user_role` VALUES (2, 2);
INSERT INTO `sys_user_role` VALUES (102, 2);

-- ----------------------------
-- Table structure for wx_back
-- ----------------------------
DROP TABLE IF EXISTS `wx_back`;
CREATE TABLE `wx_back`  (
  `id` bigint UNSIGNED NOT NULL AUTO_INCREMENT COMMENT '编号',
  `open_id` varchar(28) CHARACTER SET utf8mb4 COLLATE utf8mb4_0900_ai_ci NOT NULL COMMENT '微信用户编号',
  `from_place` varchar(100) CHARACTER SET utf8mb4 COLLATE utf8mb4_0900_ai_ci NOT NULL COMMENT '起始地',
  `from_time` datetime NOT NULL COMMENT '出发时间',
  `status` int NULL DEFAULT NULL COMMENT '状态',
  `check_status` int NULL DEFAULT NULL COMMENT '审核状态',
  `check_by` varchar(50) CHARACTER SET utf8mb4 COLLATE utf8mb4_0900_ai_ci NULL DEFAULT NULL COMMENT '审核人',
  `check_time` datetime NULL DEFAULT NULL COMMENT '审核时间',
  `create_by` varchar(50) CHARACTER SET utf8 COLLATE utf8_general_ci NULL DEFAULT NULL COMMENT '创建人',
  `create_time` datetime NULL DEFAULT NULL COMMENT '创建时间',
  `update_by` varchar(50) CHARACTER SET utf8 COLLATE utf8_general_ci NULL DEFAULT NULL COMMENT '更新人',
  `update_time` datetime NULL DEFAULT NULL COMMENT '更新时间',
  `remark` varchar(255) CHARACTER SET utf8mb4 COLLATE utf8mb4_0900_ai_ci NULL DEFAULT NULL COMMENT '备注',
  PRIMARY KEY (`id`) USING BTREE,
  INDEX `time`(`create_time`) USING BTREE,
  INDEX `id`(`open_id`) USING BTREE
) ENGINE = InnoDB AUTO_INCREMENT = 28 CHARACTER SET = utf8mb4 COLLATE = utf8mb4_0900_ai_ci COMMENT = '微信返校申请表' ROW_FORMAT = Dynamic;

-- ----------------------------
-- Records of wx_back
-- ----------------------------
INSERT INTO `wx_back` VALUES (1, 'ouO1d5FXCQXMiNd4B7yXqjukfifk', '奖励', '2021-04-29 00:00:00', 2, 1, NULL, NULL, '刘贺贺', '2021-04-08 13:13:20', NULL, NULL, NULL);
INSERT INTO `wx_back` VALUES (2, 'ouO1d5FXCQXMiNd4B7yXqjukfifk', '奖励', '2021-04-29 00:00:00', 2, 1, NULL, NULL, '刘贺贺', '2021-04-16 13:13:20', NULL, NULL, NULL);
INSERT INTO `wx_back` VALUES (3, 'ouO1d5FXCQXMiNd4B7yXqjukfifk', '奖励', '2021-04-29 00:00:00', 2, 1, NULL, NULL, '刘贺贺', '2021-04-18 13:13:20', NULL, NULL, NULL);
INSERT INTO `wx_back` VALUES (4, 'ouO1d5FXCQXMiNd4B7yXqjukfifk', '奖励', '2021-04-29 00:00:00', 2, 1, NULL, NULL, '刘贺贺', '2021-04-22 13:13:20', NULL, NULL, NULL);
INSERT INTO `wx_back` VALUES (5, 'ouO1d5FXCQXMiNd4B7yXqjukfifk', '奖励', '2021-04-29 00:00:00', 2, 1, NULL, NULL, '刘贺贺', '2021-04-18 13:13:20', NULL, NULL, NULL);
INSERT INTO `wx_back` VALUES (6, 'ouO1d5FXCQXMiNd4B7yXqjukfifk', '奖励', '2021-04-29 00:00:00', 2, 1, NULL, NULL, '刘贺贺', '2021-04-18 13:13:20', NULL, NULL, NULL);
INSERT INTO `wx_back` VALUES (7, 'ouO1d5FXCQXMiNd4B7yXqjukfifk', '奖励', '2021-04-18 00:00:00', 2, 1, NULL, NULL, '刘贺贺', '2021-04-15 13:13:20', NULL, NULL, NULL);
INSERT INTO `wx_back` VALUES (8, 'ouO1d5FXCQXMiNd4B7yXqjukfifk', '奖励', '2021-04-29 00:00:00', 2, 1, NULL, NULL, '刘贺贺', '2021-04-18 13:13:20', NULL, NULL, NULL);
INSERT INTO `wx_back` VALUES (9, 'ouO1d5FXCQXMiNd4B7yXqjukfifk', '奖励', '2021-04-14 00:00:00', 2, 1, NULL, NULL, '刘贺贺', '2021-04-18 13:13:20', NULL, NULL, NULL);
INSERT INTO `wx_back` VALUES (10, 'ouO1d5FXCQXMiNd4B7yXqjukfifk', '奖励', '2021-04-11 00:00:00', 2, 1, NULL, NULL, '刘贺贺', '2021-04-18 13:13:20', NULL, NULL, NULL);
INSERT INTO `wx_back` VALUES (11, 'ouO1d5FXCQXMiNd4B7yXqjukfifk', '奖励', '2021-04-29 00:00:00', 2, 1, NULL, NULL, '刘贺贺', '2021-04-18 13:13:20', NULL, NULL, NULL);
INSERT INTO `wx_back` VALUES (24, 'ouO1d5FXCQXMiNd4B7yXqjukfifk', '你们', '2021-04-20 00:00:00', 2, 0, NULL, NULL, '刘贺贺', '2021-04-20 17:30:03', NULL, NULL, NULL);
INSERT INTO `wx_back` VALUES (25, 'ouO1d5FXCQXMiNd4B7yXqjukfifk', '江苏省南京市鼓楼区燕山路', '2021-04-29 00:00:00', 2, 0, NULL, NULL, '刘贺贺', '2021-04-20 17:57:09', NULL, NULL, '明年');
INSERT INTO `wx_back` VALUES (28, 'ouO1d5FXCQXMiNd4B7yXqjukfifk', '发生的', '2021-04-22 00:00:00', 0, 0, NULL, NULL, '刘贺贺', '2021-04-22 10:24:34', NULL, NULL, '事故');

-- ----------------------------
-- Table structure for wx_leave
-- ----------------------------
DROP TABLE IF EXISTS `wx_leave`;
CREATE TABLE `wx_leave`  (
  `id` bigint UNSIGNED NOT NULL AUTO_INCREMENT COMMENT '编号',
  `open_id` varchar(28) CHARACTER SET utf8mb4 COLLATE utf8mb4_0900_ai_ci NOT NULL COMMENT '微信用户编号',
  `from_time` datetime NOT NULL COMMENT '出发时间',
  `to_time` datetime NOT NULL COMMENT '到达时间',
  `status` int NULL DEFAULT NULL COMMENT '状态',
  `check_status` int NULL DEFAULT NULL COMMENT '审核状态',
  `check_by` varchar(50) CHARACTER SET utf8mb4 COLLATE utf8mb4_0900_ai_ci NULL DEFAULT NULL COMMENT '审核人',
  `check_time` datetime NULL DEFAULT NULL COMMENT '审核时间',
  `create_by` varchar(50) CHARACTER SET utf8 COLLATE utf8_general_ci NULL DEFAULT NULL COMMENT '创建人',
  `create_time` datetime NULL DEFAULT NULL COMMENT '创建时间',
  `update_by` varchar(50) CHARACTER SET utf8 COLLATE utf8_general_ci NULL DEFAULT NULL COMMENT '更新人',
  `update_time` datetime NULL DEFAULT NULL COMMENT '更新时间',
  `remark` varchar(255) CHARACTER SET utf8mb4 COLLATE utf8mb4_0900_ai_ci NULL DEFAULT NULL COMMENT '备注',
  PRIMARY KEY (`id`) USING BTREE,
  INDEX `time`(`create_time`) USING BTREE,
  INDEX `id`(`open_id`) USING BTREE
) ENGINE = InnoDB AUTO_INCREMENT = 28 CHARACTER SET = utf8mb4 COLLATE = utf8mb4_0900_ai_ci COMMENT = '微信请假申请表' ROW_FORMAT = Dynamic;

-- ----------------------------
-- Records of wx_leave
-- ----------------------------
INSERT INTO `wx_leave` VALUES (1, 'ouO1d5FXCQXMiNd4B7yXqjukfifk', '2021-04-17 00:00:00', '2021-04-18 00:00:00', 0, 1, NULL, NULL, '刘贺贺', '2021-04-17 22:12:34', NULL, NULL, '可了了了就来咯哦哦可了了了就来咯哦哦他了了了了了了了了哦了了了了了了了了了了了他了了了了啦啦啦啦啦啦');
INSERT INTO `wx_leave` VALUES (5, 'ouO1d5FXCQXMiNd4B7yXqjukfifk', '2021-04-21 00:00:00', '2021-04-30 00:00:00', 2, 2, NULL, NULL, '刘贺贺', '2021-04-18 00:43:03', NULL, NULL, '闵敏');
INSERT INTO `wx_leave` VALUES (6, 'ouO1d5FXCQXMiNd4B7yXqjukfifk', '2021-04-21 00:00:00', '2021-04-30 00:00:00', 1, 2, NULL, NULL, '刘贺贺', '2021-04-18 01:06:51', NULL, NULL, '闵敏您你');
INSERT INTO `wx_leave` VALUES (16, 'ouO1d5FXCQXMiNd4B7yXqjukfifk', '2021-04-19 00:00:00', '2021-04-20 00:00:00', 2, 1, NULL, NULL, '刘贺贺', '2021-04-19 21:45:23', NULL, NULL, NULL);
INSERT INTO `wx_leave` VALUES (17, 'ouO1d5FXCQXMiNd4B7yXqjukfifk', '2021-04-19 00:00:00', '2021-04-20 00:00:00', 2, 1, NULL, NULL, '刘贺贺', '2021-04-19 21:47:23', NULL, NULL, '挖去');
INSERT INTO `wx_leave` VALUES (18, 'ouO1d5FXCQXMiNd4B7yXqjukfifk', '2021-04-19 00:00:00', '2021-04-20 00:00:00', 2, 1, NULL, NULL, '刘贺贺', '2021-04-19 21:47:24', NULL, NULL, '挖去');
INSERT INTO `wx_leave` VALUES (19, 'ouO1d5FXCQXMiNd4B7yXqjukfifk', '2021-04-19 00:00:00', '2021-04-20 00:00:00', 2, 1, NULL, NULL, '刘贺贺', '2021-04-19 21:47:26', NULL, NULL, '挖去');
INSERT INTO `wx_leave` VALUES (20, 'ouO1d5FXCQXMiNd4B7yXqjukfifk', '2021-04-19 00:00:00', '2021-04-20 00:00:00', 2, 1, NULL, NULL, '刘贺贺', '2021-04-19 21:47:33', NULL, NULL, '挖去');
INSERT INTO `wx_leave` VALUES (21, 'ouO1d5FXCQXMiNd4B7yXqjukfifk', '2021-04-22 00:00:00', '2021-04-30 00:00:00', 2, 1, NULL, NULL, '刘贺贺', '2021-04-19 21:47:46', NULL, NULL, '挖去');
INSERT INTO `wx_leave` VALUES (28, 'ouO1d5FXCQXMiNd4B7yXqjukfifk', '2021-04-21 00:00:00', '2021-04-22 00:00:00', 0, 0, NULL, NULL, '刘贺贺', '2021-04-21 22:38:21', NULL, NULL, 'jdj');

-- ----------------------------
-- Table structure for wx_notice
-- ----------------------------
DROP TABLE IF EXISTS `wx_notice`;
CREATE TABLE `wx_notice`  (
  `id` bigint UNSIGNED NOT NULL AUTO_INCREMENT COMMENT '编号',
  `status` int NULL DEFAULT NULL COMMENT '状态',
  `title` varchar(255) CHARACTER SET utf8mb4 COLLATE utf8mb4_0900_ai_ci NOT NULL COMMENT '标题',
  `content` varchar(255) CHARACTER SET utf8mb4 COLLATE utf8mb4_0900_ai_ci NOT NULL COMMENT '内容',
  `create_by` varchar(50) CHARACTER SET utf8 COLLATE utf8_general_ci NULL DEFAULT NULL COMMENT '创建人',
  `create_time` datetime NULL DEFAULT NULL COMMENT '创建时间',
  `update_by` varchar(50) CHARACTER SET utf8 COLLATE utf8_general_ci NULL DEFAULT NULL COMMENT '更新人',
  `update_time` datetime NULL DEFAULT NULL COMMENT '更新时间',
  `remark` varchar(255) CHARACTER SET utf8mb4 COLLATE utf8mb4_0900_ai_ci NULL DEFAULT NULL COMMENT '备注',
  PRIMARY KEY (`id`) USING BTREE,
  INDEX `id`(`id`) USING BTREE,
  INDEX `time`(`create_time`) USING BTREE
) ENGINE = InnoDB AUTO_INCREMENT = 3 CHARACTER SET = utf8mb4 COLLATE = utf8mb4_0900_ai_ci COMMENT = '微信的公告通知表' ROW_FORMAT = Dynamic;

-- ----------------------------
-- Records of wx_notice
-- ----------------------------
INSERT INTO `wx_notice` VALUES (1, 0, '好消息', '校园健康平台小程序上线了', '刘贺贺', '2021-04-20 10:25:07', NULL, NULL, NULL);
INSERT INTO `wx_notice` VALUES (2, 0, '通知', '校园健康平台小程序上线了', '刘贺贺', '2021-04-20 10:25:07', NULL, NULL, NULL);

-- ----------------------------
-- Table structure for wx_temperature
-- ----------------------------
DROP TABLE IF EXISTS `wx_temperature`;
CREATE TABLE `wx_temperature`  (
  `id` bigint UNSIGNED NOT NULL AUTO_INCREMENT COMMENT '编号',
  `open_id` varchar(28) CHARACTER SET utf8mb4 COLLATE utf8mb4_0900_ai_ci NOT NULL COMMENT '微信用户编号',
  `temperature` float(10, 1) NOT NULL COMMENT '体温',
  `location` varchar(255) CHARACTER SET utf8mb4 COLLATE utf8mb4_0900_ai_ci NOT NULL COMMENT '地点',
  `status` int NULL DEFAULT NULL COMMENT '状态',
  `create_by` varchar(50) CHARACTER SET utf8 COLLATE utf8_general_ci NULL DEFAULT NULL COMMENT '创建人',
  `create_time` datetime NULL DEFAULT NULL COMMENT '创建时间',
  `update_by` varchar(50) CHARACTER SET utf8 COLLATE utf8_general_ci NULL DEFAULT NULL COMMENT '更新人',
  `update_time` datetime NULL DEFAULT NULL COMMENT '更新时间',
  `remark` varchar(255) CHARACTER SET utf8mb4 COLLATE utf8mb4_0900_ai_ci NULL DEFAULT NULL COMMENT '备注',
  PRIMARY KEY (`id`) USING BTREE,
  INDEX `time`(`create_time`) USING BTREE,
  INDEX `id`(`open_id`) USING BTREE
) ENGINE = InnoDB AUTO_INCREMENT = 77 CHARACTER SET = utf8mb4 COLLATE = utf8mb4_0900_ai_ci COMMENT = '微信体温日报表' ROW_FORMAT = Dynamic;

-- ----------------------------
-- Records of wx_temperature
-- ----------------------------
INSERT INTO `wx_temperature` VALUES (54, 'ouO1d5IYonfn5S6WeaVojq_rNGCQ', 37.0, '江苏省南京市建邺区永定街', 0, '基督教', '2021-04-17 13:12:29', NULL, NULL, '苏苏');
INSERT INTO `wx_temperature` VALUES (56, 'ouO1d5FXCQXMiNd4B7yXqjukfifk', 37.0, '江苏省南京市玄武区北京东路', 0, '刘贺贺', '2021-04-15 15:19:06', NULL, NULL, '111');
INSERT INTO `wx_temperature` VALUES (57, 'ouO1d5FXCQXMiNd4B7yXqjukfifk', 32.0, '江苏省南京市玄武区北京东路', 0, '刘贺贺', '2021-04-16 15:19:06', NULL, NULL, '111');
INSERT INTO `wx_temperature` VALUES (60, 'ouO1d5FXCQXMiNd4B7yXqjukfifk', 37.0, '江苏省南京市建邺区永定街', 0, '刘贺贺', '2021-04-18 00:41:51', NULL, NULL, '你们');
INSERT INTO `wx_temperature` VALUES (61, 'ouO1d5FXCQXMiNd4B7yXqjukfifk', 37.2, '江苏省南京市建邺区永定街', 0, '刘贺贺', '2021-04-18 01:07:16', NULL, NULL, NULL);
INSERT INTO `wx_temperature` VALUES (62, 'ouO1d5FXCQXMiNd4B7yXqjukfifk', 37.0, '江苏省南京市建邺区永定街', 0, '刘贺贺', '2021-04-18 01:07:38', NULL, NULL, '魔攻');
INSERT INTO `wx_temperature` VALUES (63, 'ouO1d5FXCQXMiNd4B7yXqjukfifk', 37.0, '江苏省南京市建邺区永定街', 0, '刘贺贺', '2021-04-18 01:13:51', NULL, NULL, NULL);
INSERT INTO `wx_temperature` VALUES (64, 'ouO1d5FXCQXMiNd4B7yXqjukfifk', 37.0, '江苏省南京市建邺区永定街', 0, '刘贺贺', '2021-04-18 01:13:55', NULL, NULL, NULL);
INSERT INTO `wx_temperature` VALUES (65, 'ouO1d5FXCQXMiNd4B7yXqjukfifk', 37.0, '江苏省南京市建邺区永定街', 0, '刘贺贺', '2021-04-18 01:13:59', NULL, NULL, NULL);
INSERT INTO `wx_temperature` VALUES (66, 'ouO1d5I5xd4nszOUkkWUJAQyEHLo', 37.0, '江苏省南京市建邺区永定街', 0, '你爸爸', '2021-04-18 12:28:23', NULL, NULL, NULL);
INSERT INTO `wx_temperature` VALUES (67, 'ouO1d5B_nwe-qWExLKMrWYg8jbJw', 37.0, '江苏省南京市建邺区永定街', 0, 'wj', '2021-04-18 12:45:04', NULL, NULL, '哈哈哈');
INSERT INTO `wx_temperature` VALUES (68, 'ouO1d5IYonfn5S6WeaVojq_rNGCQ', 37.0, '江苏省南京市建邺区永定街', 0, '基督教', '2021-04-18 12:54:02', NULL, NULL, NULL);
INSERT INTO `wx_temperature` VALUES (69, 'ouO1d5FXCQXMiNd4B7yXqjukfifk', 37.0, '江苏省南京市建邺区永定街', 0, '刘贺贺', '2021-04-19 00:00:17', NULL, NULL, '来来来');
INSERT INTO `wx_temperature` VALUES (76, 'ouO1d5FXCQXMiNd4B7yXqjukfifk', 37.0, '江苏省南京市玄武区北京东路', 0, '刘贺贺', '2021-04-21 20:25:16', NULL, NULL, NULL);
INSERT INTO `wx_temperature` VALUES (78, 'ouO1d5FXCQXMiNd4B7yXqjukfifk', 37.0, '美国华盛顿哥伦比亚特区EStreetSoutheast', 0, '刘贺贺', '2021-04-22 00:00:01', NULL, NULL, NULL);
INSERT INTO `wx_temperature` VALUES (79, 'ouO1d5FXCQXMiNd4B7yXqjukfifk', 37.0, '美国华盛顿哥伦比亚特区EStreetSoutheast', 0, '刘贺贺', '2021-04-22 10:22:35', NULL, NULL, NULL);

-- ----------------------------
-- Table structure for wx_trip
-- ----------------------------
DROP TABLE IF EXISTS `wx_trip`;
CREATE TABLE `wx_trip`  (
  `id` bigint UNSIGNED NOT NULL AUTO_INCREMENT COMMENT '编号',
  `open_id` varchar(28) CHARACTER SET utf8mb4 COLLATE utf8mb4_0900_ai_ci NOT NULL COMMENT '微信用户编号',
  `from_place` varchar(100) CHARACTER SET utf8mb4 COLLATE utf8mb4_0900_ai_ci NOT NULL COMMENT '起始地',
  `to_place` varchar(100) CHARACTER SET utf8mb4 COLLATE utf8mb4_0900_ai_ci NOT NULL COMMENT '目的地',
  `from_time` datetime NOT NULL COMMENT '出发时间',
  `to_time` datetime NOT NULL COMMENT '到达时间',
  `status` int NULL DEFAULT NULL COMMENT '状态',
  `create_by` varchar(50) CHARACTER SET utf8 COLLATE utf8_general_ci NULL DEFAULT NULL COMMENT '创建人',
  `create_time` datetime NULL DEFAULT NULL COMMENT '创建时间',
  `update_by` varchar(50) CHARACTER SET utf8 COLLATE utf8_general_ci NULL DEFAULT NULL COMMENT '更新人',
  `update_time` datetime NULL DEFAULT NULL COMMENT '更新时间',
  `remark` varchar(255) CHARACTER SET utf8mb4 COLLATE utf8mb4_0900_ai_ci NULL DEFAULT NULL COMMENT '备注',
  PRIMARY KEY (`id`) USING BTREE,
  INDEX `time`(`create_time`) USING BTREE,
  INDEX `id`(`open_id`) USING BTREE
) ENGINE = InnoDB AUTO_INCREMENT = 34 CHARACTER SET = utf8mb4 COLLATE = utf8mb4_0900_ai_ci COMMENT = '微信行程记录表' ROW_FORMAT = Dynamic;

-- ----------------------------
-- Records of wx_trip
-- ----------------------------
INSERT INTO `wx_trip` VALUES (1, 'ouO1d5FXCQXMiNd4B7yXqjukfifk', '江苏省南京市建邺区尚元街88号', '江苏省南京市建邺区河西CBD中心绿轴C街区(南京市政务中心)', '2021-04-15 21:48:48', '2021-04-15 21:48:48', 0, '刘贺贺', '2021-04-15 21:48:55', NULL, NULL, 'afsfsaf');
INSERT INTO `wx_trip` VALUES (2, 'ouO1d5FXCQXMiNd4B7yXqjukfifk', '江苏省南京市建邺区江东中路265号', '江苏省南京市建邺区庐山路128号', '2021-04-15 21:52:34', '2021-04-15 21:52:34', 0, '刘贺贺', '2021-04-15 21:52:35', NULL, NULL, NULL);
INSERT INTO `wx_trip` VALUES (5, 'ouO1d5FXCQXMiNd4B7yXqjukfifk', '江苏省南京市建邺区江东中路265号', '江苏省南京市建邺区庐山路118号', '2021-04-15 22:09:18', '2021-04-15 22:09:18', 1, '刘贺贺', '2021-04-15 22:28:09', NULL, NULL, NULL);
INSERT INTO `wx_trip` VALUES (6, 'ouO1d5FXCQXMiNd4B7yXqjukfifk', '江苏省南京市建邺区尚元街88号', '江苏省南京市建邺区江东中路265号', '2021-04-15 22:29:01', '2021-04-15 22:29:01', 1, '刘贺贺', '2021-04-15 22:29:04', NULL, NULL, NULL);
INSERT INTO `wx_trip` VALUES (7, 'ouO1d5FXCQXMiNd4B7yXqjukfifk', '魔攻', '哦哦哦', '2021-04-15 22:47:33', '2021-04-15 22:56:42', 2, '刘贺贺', '2021-04-15 22:48:09', NULL, NULL, NULL);
INSERT INTO `wx_trip` VALUES (8, 'ouO1d5FXCQXMiNd4B7yXqjukfifk', '是否', '的', '2021-04-17 00:00:00', '2021-04-18 00:00:00', 2, '刘贺贺', '2021-04-17 20:23:37', NULL, NULL, NULL);
INSERT INTO `wx_trip` VALUES (9, 'ouO1d5FXCQXMiNd4B7yXqjukfifk', '江苏省南京市建邺区红星街90号', '江苏省南京市建邺区486路', '2021-04-17 00:00:00', '2021-04-18 00:00:00', 2, '刘贺贺', '2021-04-17 20:44:51', NULL, NULL, '给你们');
INSERT INTO `wx_trip` VALUES (10, 'ouO1d5FXCQXMiNd4B7yXqjukfifk', '江苏省南京市建邺区红星街90号', '你们', '2021-04-21 00:00:00', '2021-04-30 00:00:00', 2, '刘贺贺', '2021-04-18 00:42:25', NULL, NULL, '你摸');
INSERT INTO `wx_trip` VALUES (11, 'ouO1d5FXCQXMiNd4B7yXqjukfifk', '非你', '网抑云', '2021-04-23 00:00:00', '2021-04-29 00:00:00', 2, '刘贺贺', '2021-04-18 01:08:19', NULL, NULL, NULL);
INSERT INTO `wx_trip` VALUES (12, 'ouO1d5FXCQXMiNd4B7yXqjukfifk', '来来来', '116', '2021-04-21 00:00:00', '2021-04-30 00:00:00', 2, '刘贺贺', '2021-04-18 12:46:01', NULL, NULL, NULL);
INSERT INTO `wx_trip` VALUES (13, 'ouO1d5I5xd4nszOUkkWUJAQyEHLo', '江苏省南京市建邺区贤坤路', '江苏省南京市建邺区红星街90号', '2021-04-20 00:00:00', '2021-04-29 00:00:00', 0, '你爸爸', '2021-04-18 12:46:36', NULL, NULL, '1111');
INSERT INTO `wx_trip` VALUES (14, 'ouO1d5IYonfn5S6WeaVojq_rNGCQ', '好好的', '回到家', '2021-04-21 00:00:00', '2021-04-30 00:00:00', 0, '基督教', '2021-04-18 12:54:21', NULL, NULL, NULL);
INSERT INTO `wx_trip` VALUES (15, 'ouO1d5FXCQXMiNd4B7yXqjukfifk', '江苏省南京市玄武区地铁3号线,地铁4号线', '江苏省南京市玄武区北京东路41号', '2021-04-18 00:00:00', '2021-04-19 00:00:00', 2, '刘贺贺', '2021-04-18 12:55:51', NULL, NULL, NULL);
INSERT INTO `wx_trip` VALUES (16, 'ouO1d5FXCQXMiNd4B7yXqjukfifk', 'ada', 'asfs', '2021-04-18 00:00:00', '2021-04-19 00:00:00', 2, '刘贺贺', '2021-04-18 23:00:29', NULL, NULL, NULL);
INSERT INTO `wx_trip` VALUES (17, 'ouO1d5FXCQXMiNd4B7yXqjukfifk', '你们', '中', '2021-04-22 00:00:00', '2021-04-30 00:00:00', 2, '刘贺贺', '2021-04-18 23:14:24', NULL, NULL, '你们');
INSERT INTO `wx_trip` VALUES (18, 'ouO1d5FXCQXMiNd4B7yXqjukfifk', '李敏', '江苏省南京市建邺区', '2021-04-18 00:00:00', '2021-04-19 00:00:00', 2, '刘贺贺', '2021-04-18 23:48:42', NULL, NULL, '红米密码哦明明您哦明明您明明您哦哦红米你你你哦哦红米您哦哦');
INSERT INTO `wx_trip` VALUES (19, 'ouO1d5FXCQXMiNd4B7yXqjukfifk', '阿达', '的', '2021-04-19 00:00:00', '2021-04-20 00:00:00', 2, '刘贺贺', '2021-04-19 14:37:19', NULL, NULL, NULL);
INSERT INTO `wx_trip` VALUES (20, 'ouO1d5FXCQXMiNd4B7yXqjukfifk', 'fds', 'sdf', '2021-04-19 00:00:00', '2021-04-20 00:00:00', 2, '刘贺贺', '2021-04-19 15:35:40', NULL, NULL, 'sdf');
INSERT INTO `wx_trip` VALUES (21, 'ouO1d5FXCQXMiNd4B7yXqjukfifk', 'fds', 'sdf', '2021-04-19 00:00:00', '2021-04-20 00:00:00', 2, '刘贺贺', '2021-04-19 15:35:49', NULL, NULL, 'sdf');
INSERT INTO `wx_trip` VALUES (22, 'ouO1d5FXCQXMiNd4B7yXqjukfifk', 'sd', 'fdg', '2021-04-19 00:00:00', '2021-04-20 00:00:00', 2, '刘贺贺', '2021-04-19 16:39:23', NULL, NULL, NULL);
INSERT INTO `wx_trip` VALUES (23, 'ouO1d5FXCQXMiNd4B7yXqjukfifk', 'sdf', 'dsfs', '2021-04-19 00:00:00', '2021-04-20 00:00:00', 2, '刘贺贺', '2021-04-19 16:43:34', NULL, NULL, 'sdfsdf');
INSERT INTO `wx_trip` VALUES (24, 'ouO1d5FXCQXMiNd4B7yXqjukfifk', '你们', '商量一下', '2021-04-19 00:00:00', '2021-04-20 00:00:00', 2, '刘贺贺', '2021-04-19 16:58:23', NULL, NULL, NULL);
INSERT INTO `wx_trip` VALUES (25, 'ouO1d5FXCQXMiNd4B7yXqjukfifk', 'sdg', 'dgdg', '2021-04-19 00:00:00', '2021-04-20 00:00:00', 2, '刘贺贺', '2021-04-19 22:32:52', NULL, NULL, NULL);
INSERT INTO `wx_trip` VALUES (26, 'ouO1d5FXCQXMiNd4B7yXqjukfifk', '北京市北京市丰台区永外大街车站路12号', '江苏省南京市玄武区龙蟠路264号', '2021-04-22 00:00:00', '2021-04-30 00:00:00', 2, '刘贺贺', '2021-04-19 22:55:45', NULL, NULL, NULL);
INSERT INTO `wx_trip` VALUES (27, 'ouO1d5FXCQXMiNd4B7yXqjukfifk', '来咯个', '你们', '2021-04-19 00:00:00', '2021-04-20 00:00:00', 2, '刘贺贺', '2021-04-19 23:17:28', NULL, NULL, NULL);
INSERT INTO `wx_trip` VALUES (28, 'ouO1d5FXCQXMiNd4B7yXqjukfifk', '体力', '一下', '2021-04-20 00:00:00', '2021-04-21 00:00:00', 2, '刘贺贺', '2021-04-20 09:10:18', NULL, NULL, NULL);
INSERT INTO `wx_trip` VALUES (29, 'ouO1d5FXCQXMiNd4B7yXqjukfifk', '奖励', '记录', '2021-04-20 00:00:00', '2021-04-21 00:00:00', 2, '刘贺贺', '2021-04-20 11:45:32', NULL, NULL, '美少女');
INSERT INTO `wx_trip` VALUES (30, 'ouO1d5FXCQXMiNd4B7yXqjukfifk', '新', '宇宙', '2021-04-20 00:00:00', '2021-04-21 00:00:00', 2, '刘贺贺', '2021-04-20 18:12:00', NULL, NULL, NULL);
INSERT INTO `wx_trip` VALUES (31, 'ouO1d5FXCQXMiNd4B7yXqjukfifk', 'asd', 'afa', '2021-04-21 00:00:00', '2021-04-22 00:00:00', 2, '刘贺贺', '2021-04-21 20:50:13', NULL, NULL, NULL);
INSERT INTO `wx_trip` VALUES (32, 'ouO1d5FXCQXMiNd4B7yXqjukfifk', 'sdsd', 'hjkh', '2021-04-23 00:00:00', '2021-04-27 00:00:00', 2, '刘贺贺', '2021-04-21 20:51:35', NULL, NULL, '4444');
INSERT INTO `wx_trip` VALUES (33, 'ouO1d5FXCQXMiNd4B7yXqjukfifk', '你们', '要陪我睡', '2021-04-21 00:00:00', '2021-04-22 00:00:00', 2, '刘贺贺', '2021-04-21 21:18:17', NULL, NULL, NULL);
INSERT INTO `wx_trip` VALUES (34, 'ouO1d5FXCQXMiNd4B7yXqjukfifk', 'hhhh', 'yyhh', '2021-04-21 00:00:00', '2021-04-22 00:00:00', 0, '刘贺贺', '2021-04-21 23:59:45', NULL, NULL, 'hhhh');

-- ----------------------------
-- Table structure for wx_user
-- ----------------------------
DROP TABLE IF EXISTS `wx_user`;
CREATE TABLE `wx_user`  (
  `open_id` varchar(28) CHARACTER SET utf8 COLLATE utf8_general_ci NOT NULL COMMENT '小程序用户openid',
  `dept_id` bigint NULL DEFAULT NULL COMMENT '部门ID',
  `union_id` varchar(255) CHARACTER SET utf8 COLLATE utf8_general_ci NULL DEFAULT NULL,
  `avatar_url` varchar(255) CHARACTER SET utf8 COLLATE utf8_general_ci NULL DEFAULT NULL COMMENT '用户头像',
  `nick_name` varchar(100) CHARACTER SET utf8 COLLATE utf8_general_ci NOT NULL COMMENT '用户昵称',
  `gender` int NULL DEFAULT 0 COMMENT '性别   0 男  1  女  2 人妖',
  `country` varchar(100) CHARACTER SET utf8 COLLATE utf8_general_ci NULL DEFAULT NULL COMMENT '所在国家',
  `province` varchar(100) CHARACTER SET utf8 COLLATE utf8_general_ci NULL DEFAULT NULL COMMENT '省份',
  `city` varchar(100) CHARACTER SET utf8 COLLATE utf8_general_ci NULL DEFAULT '' COMMENT '城市',
  `name` varchar(100) CHARACTER SET utf8 COLLATE utf8_general_ci NULL DEFAULT NULL COMMENT '姓名',
  `number` int NULL DEFAULT NULL COMMENT '学号',
  `mobile` varchar(11) CHARACTER SET utf8 COLLATE utf8_general_ci NULL DEFAULT NULL COMMENT '手机号码',
  `emergency_contact` varchar(50) CHARACTER SET utf8 COLLATE utf8_general_ci NULL DEFAULT NULL COMMENT '紧急联系人',
  `emergency_contact_mobile` varchar(11) CHARACTER SET utf8 COLLATE utf8_general_ci NULL DEFAULT NULL COMMENT '紧急联系人手机号码',
  `location` varchar(255) CHARACTER SET utf8 COLLATE utf8_general_ci NULL DEFAULT NULL COMMENT '现居住地',
  `status` int NULL DEFAULT NULL COMMENT '状态  0：禁用   1：正常',
  `create_by` varchar(50) CHARACTER SET utf8 COLLATE utf8_general_ci NULL DEFAULT NULL COMMENT '创建人',
  `create_time` datetime NULL DEFAULT NULL COMMENT '创建时间',
  `update_by` varchar(50) CHARACTER SET utf8 COLLATE utf8_general_ci NULL DEFAULT NULL COMMENT '更新人',
  `update_time` datetime NULL DEFAULT NULL COMMENT '更新时间',
  PRIMARY KEY (`open_id`) USING BTREE,
  INDEX `id`(`open_id`) USING BTREE
) ENGINE = MyISAM AUTO_INCREMENT = 1 CHARACTER SET = utf8 COLLATE = utf8_general_ci COMMENT = '微信用户表' ROW_FORMAT = DYNAMIC;

-- ----------------------------
-- Records of wx_user
-- ----------------------------
INSERT INTO `wx_user` VALUES ('ouO1d5B_nwe-qWExLKMrWYg8jbJw', 218, NULL, 'https://thirdwx.qlogo.cn/mmopen/vi_32/JpPv0a7SXO98xFcoHo5KhFLM5V3GPXCI1FFzibwC4l3u1RlCdqyTF74uO6UY8Xo40vFKcy7RBNMFg9CN0kWUTvA/132', 'uhhh', 1, 'Argentina', 'Viedma', '', 'wj', 7387272, '15252114322', '你在我心里', '15252114322', '江苏省南京市鼓楼区汉中门大街', 1, 'system', '2021-04-13 16:01:19', 'wj', '2021-04-13 16:59:16');
INSERT INTO `wx_user` VALUES ('ouO1d5I5xd4nszOUkkWUJAQyEHLo', 207, NULL, 'https://thirdwx.qlogo.cn/mmopen/vi_32/yuuicaSrfHyd7UL9ES9Lg1Uk9PYNMKicauCichnc28vXM97eWicQaN2ic57Xia9s7Nviay2dKbHicPrKXicXSyiaa7cPhXCg/132', '\"Eternal\"', 1, 'China', 'Jiangsu', 'Suqian', '你爸爸', 22222, '17712672081', '你爸爸', '13312972051', '江苏省南京市建邺区贤坤路', 1, 'system', '2021-04-14 11:47:15', '你爸爸', '2021-04-14 22:15:09');
INSERT INTO `wx_user` VALUES ('ouO1d5Ot9flhSxd6FBCVmqJZKBzA', NULL, NULL, 'https://thirdwx.qlogo.cn/mmopen/vi_32/FiaWH3Uq7aULzB96spETH48cMjyE39Xf9sEter39yHoLcUsT3IZJrNqOZjVLbvBSdJGRVYsSueonF1siaNR43cwg/132', '孙国柳', 1, 'China', 'Jiangsu', 'Huaian', NULL, NULL, NULL, NULL, NULL, NULL, 1, 'system', '2021-04-15 16:37:43', 'system', '2021-04-15 16:37:43');
INSERT INTO `wx_user` VALUES ('ouO1d5FXCQXMiNd4B7yXqjukfifk', 211, NULL, 'https://thirdwx.qlogo.cn/mmopen/vi_32/Q0j4TwGTfTJQmZqesibmZIymS5YiaSWXLBbjdpSnN5ASb5sfRrO04UJq2ajVRjkD4JaFLGUYyOt1LtPYJWBa8N6A/132', '再见亦是路人', 1, 'China', 'Jiangsu', 'Xuzhou', '刘贺贺', 22170543, '15252114322', '刘艳明', '15189491189', '的德国', 1, 'system', '2021-04-21 13:21:08', '刘贺贺', '2021-04-22 13:51:51');
INSERT INTO `wx_user` VALUES ('ouO1d5IYonfn5S6WeaVojq_rNGCQ', 207, NULL, 'https://thirdwx.qlogo.cn/mmopen/vi_32/qxgO42FicFLBxOcHRgR5a6qFgnr4E6WFxERlSTUwhuEJOWjLGcnbhAZthuWP7tLJibQ5mSNXOa1hAb6y4FvBXcEw/132', '相濡以沫', 1, 'China', 'Jiangsu', 'Lianyungang', '基督教', 55454, '15252114322', '回到家', '15252114322', '江苏省南京市建邺区红星街90号', 1, 'system', '2021-04-17 13:11:48', '基督教', '2021-04-17 13:12:22');

SET FOREIGN_KEY_CHECKS = 1;
